Dates,0,1,2,3,4
1981/1/31,-0.004037561,0.00381037,0.015907225,0.000536137,0.005965344
1981/2/28,-0.002203918,0.000827536,-0.008099657,0.007337958,0.004947729
1981/3/31,-0.000948203,-0.000725887,0.022868342,0.014515216,-0.001182754
1981/4/30,0.003099109,0.001233917,0.014870477,0.007153888,9.03E-07
1981/5/31,-0.001445798,-0.001434766,0.000905683,0.006967175,0.001503897
1981/6/30,-0.003259812,0.00301324,0.000730483,-0.000631155,0.006477796
1981/7/31,-0.000673065,-0.003077713,-0.02962527,-0.004979898,0.012912646
1981/8/31,0.002298601,0.00216588,-0.043244836,-0.00036839,0.012743594
1981/9/30,0.000167322,-0.000163935,-0.052589256,-0.001136031,0.018566829
1981/10/31,0.001807429,-0.006700589,0.007724812,0.001126202,0.007755596
1981/11/30,-0.004473567,-0.000413547,-0.00447072,0.00432254,0.006849986
1981/12/31,-0.000953156,0.001665231,-0.008670482,-5.00E-05,0.006142065
1982/1/31,0.00350868,0.000644162,-0.000110587,-0.001773509,0.007199714
1982/2/28,-1.48E-05,0.003043446,-0.01885608,0.00449598,0.005124816
1982/3/31,-0.004329192,0.000443311,-0.008046282,9.88E-05,0.009905901
1982/4/30,0.001350753,0.00252196,0.032077839,0.009757744,0.001793993
1982/5/31,-0.001317587,0.002527767,-0.012934189,0.002694306,0.011771379
1982/6/30,-0.000827303,0.002010018,-0.014644362,0.002356549,0.006493286
1982/7/31,-0.003012105,0.000706791,-0.008660131,-0.000856092,0.008818441
1982/8/31,-0.00057574,-0.005014338,0.010242846,0.003456204,0.001080537
1982/9/30,-0.001687654,0.001942272,0.020348451,0.00251154,0.003885007
1982/10/31,-0.002909549,-0.00714667,0.038070758,0.006035436,-0.002972443
1982/11/30,0.003722215,-0.007406421,0.023617512,-0.004119948,0.00243877
1982/12/31,-0.001756283,0.002980399,0.020789842,0.002755083,0.007240282
1983/1/31,0.00326652,0.001331454,0.074921758,0.00408575,-0.000608527
1983/2/28,-0.001440246,0.003399153,0.050480057,0.003036867,0.001694827
1983/3/31,-0.002678774,0.002226827,0.032799661,0.001866523,0.006736313
1983/4/30,0.00609633,-0.002857523,0.025243035,0.003039618,0.002790051
1983/5/31,-0.003427303,0.002204407,0.061595113,0.003025383,0.003064658
1983/6/30,0.003482424,0.00294856,0.039186263,0.006469441,0.00203651
1983/7/31,-0.003605345,0.003348889,-0.00294361,0.001219181,0.008849924
1983/8/31,-0.002385928,0.000593256,-0.018027673,0.00150787,0.010908029
1983/9/30,-0.002147123,0.00028486,-0.005843591,0.003845075,0.007055625
1983/10/31,0.000781575,0.004660405,-0.018615236,0.004127689,0.008520858
1983/11/30,-0.003069022,-0.002899111,0.009449762,0.001490657,0.009330903
1983/12/31,-0.002840626,0.001651465,-0.007886398,0.002973198,0.008543906
1984/1/31,-0.002772297,0.001806253,0.011515359,-0.001369544,0.008885893
1984/2/29,-0.00098027,0.000185875,-0.034256186,-0.001036055,0.016227437
1984/3/31,-9.55E-05,-0.000241378,0.001340232,0.000127535,0.008516109
1984/4/30,0.001831923,0.001656302,-0.010729352,0.004150439,0.00532166
1984/5/31,0.000335151,0.000749716,-0.027387842,-0.003541953,0.014949962
1984/6/30,0.000466429,-0.000764752,-0.000246237,0.005333173,0.00982089
1984/7/31,0.001066141,0.000701413,-0.02698387,-0.001246629,0.011326685
1984/8/31,0.000361413,-0.005773309,0.01981766,0.011727651,0.009700471
1984/9/30,-0.004058439,0.000489411,-0.007652884,0.0015056,0.00512706
1984/10/31,-0.0046655,9.99E-05,-0.017444976,-0.000920985,0.012544366
1984/11/30,-0.002524523,0.001478843,-0.01566843,-0.0025624,0.010163713
1984/12/31,-0.000779453,-0.003001635,-0.01214894,0.001560128,0.011479184
1985/1/31,-0.006809194,-0.000444916,0.067341403,0.011896402,0.003073061
1985/2/28,0.000344695,-0.000875657,0.024274227,0.000807042,0.008737233
1985/3/31,-0.002001567,0.004412942,-0.000141905,0.005244764,0.00854272
1985/4/30,-0.006115817,0.002658649,-0.006104617,0.000895928,0.00870678
1985/5/31,-0.003091295,-0.002537701,-0.003937126,0.003231425,0.008904797
1985/6/30,0.001405366,-0.001721896,-0.012917573,0.002201785,0.009501045
1985/7/31,-0.000886726,-0.000821681,0.000166662,0.00477713,0.007884713
1985/8/31,-0.003344215,1.48E-05,-0.006695938,-0.000460085,0.00932945
1985/9/30,-0.003211639,0.00251465,-0.028065047,-0.000285542,0.008693604
1985/10/31,-0.000423688,-0.002186843,-0.008517848,0.005801863,0.007390459
1985/11/30,0.0021347,-0.005019896,0.005236125,0.00443794,0.008771091
1985/12/31,-0.005184795,0.00198316,0.013900645,0.010678234,0.002528696
1986/1/31,-0.002290355,0.001147779,0.029711503,0.002122282,0.00740729
1986/2/28,-0.008775556,-0.00018222,0.030644694,0.0025577,0.00501434
1986/3/31,-0.00142384,-0.001423065,0.016919581,0.004118435,0.01041174
1986/4/30,-0.001726334,0.00382774,0.016495663,0.006657559,0.004546233
1986/5/31,0.002826426,-0.002079625,0.005951843,0.004169528,0.007315861
1986/6/30,-0.003721395,0.00125271,0.004469526,0.000402336,0.010094381
1986/7/31,-0.000593352,0.002715188,-0.035812163,-0.000417157,0.016221567
1986/8/31,0.003857032,-0.000606359,0.004033874,0.006323496,0.008272973
1986/9/30,-0.005240712,0.005450301,-0.018053396,0.004299018,0.005450161
1986/10/31,0.003594247,-0.00233787,-0.002626828,0.007651751,0.009299353
1986/11/30,0.002329254,-0.000512622,-0.00868276,0.002235887,0.006526215
1986/12/31,-0.001745688,-0.00024088,-0.020028985,-0.000229682,0.01289128
1987/1/31,0.010655959,-0.001035953,0.058829852,0.008027401,0.000971883
1987/2/28,0.001968072,-0.001952588,0.031482458,0.012258288,0.003009579
1987/3/31,0.005005749,0.003274939,0.019488135,0.014204129,-0.000401097
1987/4/30,0.005031259,-4.41E-05,-0.008065488,0.000630412,0.00904599
1987/5/31,0.00075605,0.001115989,0.009070376,0.002654338,0.006749983
1987/6/30,-0.002890956,0.002983401,0.015594784,0.008250998,0.003463711
1987/7/31,-0.001188817,0.001240702,0.015441614,0.002064262,0.004654649
1987/8/31,-0.004183897,-0.000392405,0.009561774,-0.000239672,0.010350077
1987/9/30,-0.002228538,0.00113727,-0.006385007,0.004946189,0.0072693
1987/10/31,0.008197042,-0.003310377,-0.148868929,-0.019514982,0.039032539
1987/11/30,-0.000846917,0.003080647,-0.021310943,0.001011203,0.017622147
1987/12/31,-0.001879047,-0.005039732,-0.012544127,0.011674155,0.010414092
1988/1/31,-0.00076272,-0.001269078,0.043762159,0.001956135,0.01169387
1988/2/29,-0.002040618,-0.001732373,0.020681486,0.008665043,0.006864365
1988/3/31,-0.002053736,0.001324443,0.011655643,0.011673586,0.002127629
1988/4/30,-0.000351303,0.000326037,0.006561143,0.003603884,0.005702514
1988/5/31,0.001035556,0.000452554,-0.004861732,-0.00583338,0.009240271
1988/6/30,-0.00380151,0.000532099,0.025261016,0.007351596,0.004323404
1988/7/31,0.000128667,0.003019209,0.006441069,0.003461388,0.003277312
1988/8/31,-0.001715108,0.002149726,-0.013882976,0.003295907,0.006148627
1988/9/30,0.000453662,-0.003602756,-0.009499504,0.004365258,0.012520249
1988/10/31,-0.003388538,0.002675081,-0.004831298,0.002429788,0.006102585
1988/11/30,-0.001100911,-0.000918053,-0.031355606,-0.001179634,0.010176445
1988/12/31,0.003334852,-0.000442969,0.005487687,0.009042335,0.002494992
1989/1/31,0.009822928,-0.001847744,0.03218076,0.002705716,0.003155126
1989/2/28,-0.002152808,0.003261419,0.005609508,0.007671778,0.0071354
1989/3/31,0.001824454,0.000954535,0.002612158,0.007722422,0.005301002
1989/4/30,0.000559885,0.002399418,0.022096131,0.004849307,0.002961092
1989/5/31,0.001921407,-0.000878539,0.00720126,0.006597232,0.008036954
1989/6/30,-0.000226249,0.000614146,-0.012701278,0.003488511,0.009797699
1989/7/31,0.001870893,-0.00158392,0.000979117,0.004224627,0.005616303
1989/8/31,0.002416373,-0.003692321,-0.012347501,0.005847053,0.008483483
1989/9/30,0.001831346,-0.001364442,-0.008550365,0.003209901,0.01056049
1989/10/31,0.005430447,0.001275145,-0.024108824,-0.001490177,0.013477026
1989/11/30,0.000328834,-0.000390053,-0.020001306,0.005690396,0.00824494
1989/12/31,0.002302348,0.002522993,-0.012356311,0.011082018,0.004484479
1990/1/31,0.003794873,0.003267518,-0.00193459,-0.009964792,0.012194412
1990/2/28,0.001116914,-0.000765978,0.007606043,0.004423459,0.011814521
1990/3/31,-0.000434676,-0.001920125,0.006397362,0.000794605,0.009947848
1990/4/30,0.00242548,0.000475113,-0.013171266,0.000572693,0.007319082
1990/5/31,0.008860681,-0.006125819,-0.005973707,0.012486931,0.008601271
1990/6/30,-0.001140289,0.000631795,0.004639774,0.003748142,0.012643001
1990/7/31,-0.002865132,0.005342518,0.004316256,0.000867875,0.011019389
1990/8/31,0.005010592,0.001137705,-0.05137155,-0.008502272,0.027052527
1990/9/30,0.000578391,0.00542371,-0.026491683,-0.000374105,0.012125441
1990/10/31,0.003382912,-0.002472895,-0.039040452,0.000671891,0.021953646
1990/11/30,0.004316067,-0.00596593,-0.00047504,0.004870262,0.018922533
1990/12/31,0.002464026,6.63E-05,-0.007866131,0.010414211,0.007269064
1991/1/31,0.00979388,-0.011113072,0.021286287,0.001507026,0.005750035
1991/2/28,0.011207521,-0.004200578,0.069217887,0.008714215,0.00239875
1991/3/31,0.006391642,-0.005942366,0.034027923,0.001562281,0.009094839
1991/4/30,0.003131001,0.003870479,0.031814697,0.007650705,0.015209115
1991/5/31,3.47E-05,-0.000650642,0.005109326,0.006059252,0.009691395
1991/6/30,-2.15E-05,0.004702459,-0.008903408,0.003106868,0.008944273
1991/7/31,0.00102368,-0.005495266,0.000431035,-0.004028121,0.014498126
1991/8/31,0.003909514,-0.004542682,-0.006517291,0.006291533,0.011286754
1991/9/30,0.001623051,0.000839555,-0.002877212,0.008002691,0.002913905
1991/10/31,0.009216096,-0.002216541,0.000446292,0.010483789,0.007011176
1991/11/30,-0.000482839,0.001852614,0.002890768,-0.004957798,0.018532954
1991/12/31,0.003953167,-0.002405467,0.002587495,0.010757369,0.007499935
1992/1/31,0.006107162,0.001048571,0.12271429,-0.006866879,0.001120014
1992/2/29,0.007758982,0.000122495,0.043160476,-0.003740098,0.000998838
1992/3/31,-0.002162145,0.003917208,0.002811859,0.001973056,0.007607234
1992/4/30,-0.000986594,0.002886499,-0.012654986,0.000255835,0.008768367
1992/5/31,0.001331647,-0.003310077,-0.013530186,0.003005651,0.016755332
1992/6/30,0.001068618,-0.001610157,-0.029565863,-0.003862627,0.017502606
1992/7/31,0.002758304,-0.004121452,-0.009041154,0.005537462,0.011092969
1992/8/31,-0.000378937,0.001607168,-0.012113605,-0.003513719,0.012296364
1992/9/30,0.000238253,0.001684477,0.007931201,0.005928832,0.008042513
1992/10/31,0.001332129,-0.001911025,0.001707766,0.006037391,0.009850702
1992/11/30,0.000927568,-0.004121479,0.022333026,0.012725714,0.009769309
1992/12/31,0.002144967,-0.001954368,0.010641647,0.002585082,0.007311683
1993/1/31,0.003302539,0.002406881,0.060481782,-0.007076134,0.008393288
1993/2/28,0.002825375,0.00459338,0.010117645,-0.002723724,0.007282465
1993/3/31,0.001483084,0.00092221,0.007596034,0.004081318,0.008952633
1993/4/30,0.002608948,-0.004027925,-0.034504571,0.004562817,0.01017687
1993/5/31,0.008046093,-0.001707925,0.013141738,0.013149005,0.006765275
1993/6/30,0.006309224,-0.001041893,0.000459782,0.001945359,0.007439269
1993/7/31,0.003025602,-7.83E-05,0.003712232,-0.000729863,0.00656566
1993/8/31,0.002454872,-0.000198302,0.01106928,0.008980475,0.007702215
1993/9/30,0.001046394,-0.000961196,0.008236125,0.005053101,0.010555679
1993/10/31,0.001461035,0.007205695,0.044165701,0.012543928,-0.003127701
1993/11/30,-0.000979595,0.006136426,0.013632492,0.002511314,0.006675917
1993/12/31,0.00019055,0.001992633,0.005644478,0.008360265,0.005499191
1994/1/31,0.006168124,-1.29E-05,0.027357979,0.008482197,0.003869409
1994/2/28,0.001441862,3.04E-05,-0.002034777,0.002048243,0.009425824
1994/3/31,-0.00037992,0.002608346,-0.003953953,-0.007703278,0.016281544
1994/4/30,-0.002437658,0.000382323,-0.006153635,-0.002987347,0.012727774
1994/5/31,-0.000976717,0.000526868,0.002835548,-8.73E-05,0.010476808
1994/6/30,-0.004870152,0.003212961,-0.006267475,-0.00182346,0.007489531
1994/7/31,0.00120528,-0.001678567,0.00138114,0.000417939,0.008550906
1994/8/31,0.00188701,-0.004527345,0.007295207,0.003999391,0.010979564
1994/9/30,0.001985109,-0.003284487,-0.009487549,0.001491107,0.007676625
1994/10/31,0.005527962,-0.002402004,-0.006678515,0.000670469,0.005704141
1994/11/30,-0.003261481,0.00011896,-0.022987141,0.001953564,0.011360863
1994/12/31,0.000611405,0.000830644,-0.011724247,0.007178079,0.002948844
1995/1/31,0.002433606,0.001357084,0.034682833,-0.001114235,0.012441606
1995/2/28,0.003089594,-0.00342939,0.001295731,0.006369744,0.007495574
1995/3/31,0.004091146,-0.0017624,-0.000900363,0.004378406,0.008102546
1995/4/30,-0.004199173,5.30E-06,0.015260263,0.001900874,0.005577336
1995/5/31,-2.59E-05,0.001324907,0.013777366,0.006560011,0.009275893
1995/6/30,0.00431707,-0.003925248,0.010498311,0.008880494,0.003040473
1995/7/31,0.003006859,-0.003138554,0.024909548,0.002264557,0.007515513
1995/8/31,-0.00024614,0.002307057,0.02554353,0.008947596,0.006756325
1995/9/30,0.006543612,-0.000224617,0.013239663,0.006362847,0.006484255
1995/10/31,0.004016501,-4.76E-05,-0.027511264,-0.00392463,0.012528779
1995/11/30,-0.005035877,0.003655517,0.009588702,0.007694222,0.004191601
1995/12/31,-0.007233101,0.0118199,0.031644288,0.018450038,-0.001378801
1996/1/31,0.007809728,0.004632684,0.033447327,0.014978885,0.00041114
1996/2/29,0.002260781,0.000604493,0.026445923,0.002465652,0.009475535
1996/3/31,0.001984113,0.004873781,0.022288375,0.005952583,-0.001948729
1996/4/30,-0.001301137,-0.00206471,0.020241514,0.00982188,-0.000464439
1996/5/31,0.008132611,0.001280148,0.038376528,0.008868978,0.000332484
1996/6/30,0.006527539,0.004095999,-0.010761268,0.000108956,0.005987045
1996/7/31,0.00137493,0.003635527,-0.033819382,-0.004894132,0.01640599
1996/8/31,-0.003525238,-0.00189877,0.006959273,0.008582752,0.008221199
1996/9/30,0.001990878,-0.002716817,0.001815346,0.006274855,0.007549861
1996/10/31,-0.003304967,0.005160169,-0.000534788,0.006014803,0.005828336
1996/11/30,-0.004337469,-0.00208388,0.009570828,0.001601972,0.008551293
1996/12/31,-0.005045209,0.001566143,-0.016012866,0.014561678,0.000423179
1997/1/31,0.001543983,-0.002224135,0.045796826,-0.002946196,0.011243416
1997/2/28,-0.001408613,0.00487659,0.013770001,-0.001321263,0.004983981
1997/3/31,-0.004717016,0.00205538,-0.025328301,-0.003507623,0.00989707
1997/4/30,0.001163234,-0.003282168,-0.024000607,-0.004269486,0.017537426
1997/5/31,-0.006939311,-0.004208122,0.02460697,0.015211217,0.002501173
1997/6/30,0.001587517,0.002272098,0.019867904,0.00861372,-0.000151019
1997/7/31,-0.001124333,-0.005059528,0.007644353,0.00215075,0.008269049
1997/8/31,-0.005810546,0.003054282,0.028437547,0.006577256,0.001565867
1997/9/30,-0.006397511,0.002923872,0.048793697,0.009439185,-0.001578446
1997/10/31,0.004345297,0.004005352,-0.000783141,0.002184045,0.006225331
1997/11/30,0.005039914,0.001234185,-0.018601272,0.003992354,0.002971653
1997/12/31,0.001223776,0.004405425,-0.021301603,0.008114293,0.009580488
1998/1/31,0.008234803,-0.000304118,0.009768978,0.004000539,0.011726046
1998/2/28,0.001545707,-0.002325938,0.018418345,0.010122444,0.004643867
1998/3/31,0.003564358,0.006223081,0.037346493,0.013910502,0.000953533
1998/4/30,0.00317244,-0.003356989,-0.006409696,0.009312668,0.002221339
1998/5/31,0.001572384,0.007501118,0.001097682,0.002643578,0.007890707
1998/6/30,0.007341155,-0.004302154,-0.045874853,0.004991404,0.011683543
1998/7/31,0.005264604,0.002053356,-0.017485993,-0.005703995,0.015379072
1998/8/31,0.001389549,0.001141739,-0.101147665,-0.006324541,0.026180173
1998/9/30,-0.004811164,-0.005697226,-0.00834416,0.010651763,0.023555934
1998/10/31,-0.001795614,-0.002014421,0.024082053,-0.000553391,0.022306615
1998/11/30,0.007330252,-0.001538626,0.041412233,0.003705832,0.009284971
1998/12/31,0.004194833,-0.00323457,-0.01165967,0.007454041,0.009136821
1999/1/31,0.017350775,-0.003356979,0.050131725,-0.002844326,0.010355166
1999/2/28,0.005954017,5.48E-05,-0.016658347,-0.004902963,0.017973867
1999/3/31,0.003833911,-0.009080438,-0.041972077,-0.006617893,0.017408317
1999/4/30,-0.012610041,-0.003384454,0.027298156,0.004028535,0.001070545
1999/5/31,0.000253452,0.00516709,0.044098417,0.008408075,0.003156423
1999/6/30,0.000203928,-0.004814469,-0.008946425,0.011174082,0.000263783
1999/7/31,-0.002577097,0.005116214,0.028146223,0.002116025,0.008831335
1999/8/31,-0.001407996,-0.00234742,-0.033924031,0.007479656,0.009262955
1999/9/30,0.004148397,-0.00527377,-0.037621553,0.002908056,0.008388596
1999/10/31,0.00570159,-0.006227158,-0.021583173,-0.003731974,0.027632422
1999/11/30,0.003432506,-0.002067246,0.056372714,0.00628688,0.006397998
1999/12/31,0.008173015,-0.007170195,0.009480808,0.021065477,-0.01000213
2000/1/31,0.01092972,-0.000825189,0.050564939,0.017634379,-0.001143501
2000/2/29,-0.006408976,-0.019104398,-0.005245102,0.019441298,0.003041978
2000/3/31,0.009077748,0.000191332,0.018968834,-0.005733676,0.017398235
2000/4/30,-3.85E-05,0.000520855,-0.050887524,0.004379067,0.015743991
2000/5/31,-0.002108607,0.007513885,-0.019663465,0.013467826,0.008588978
2000/6/30,-0.007029852,-0.01274437,-0.028824218,0.013931708,0.014937874
2000/7/31,-0.00134954,0.004001489,0.001394249,0.007212774,0.014098769
2000/8/31,-0.0006974,-0.004923483,0.010440316,0.015180944,0.013135821
2000/9/30,-0.007318426,0.012438993,0.006135104,0.014935672,-0.002162411
2000/10/31,-0.004070141,0.007027308,-0.009926881,0.006773803,0.011576127
2000/11/30,-0.010188099,0.018033315,-0.022259574,0.017274508,0.008729636
2000/12/31,-0.011420102,-3.35E-05,-0.039756867,0.011625593,0.010456148
2001/1/31,-0.008124118,-0.004721571,0.211023737,-0.02644005,0.061541472
2001/2/28,-0.007403386,0.014111345,0.00955274,0.007568029,0.012511138
2001/3/31,-0.003759067,0.002103699,-0.051796843,0.014708993,0.005344213
2001/4/30,0.005787664,-0.006187303,0.024116368,0.008133481,0.021683535
2001/5/31,0.003447102,0.004005251,0.043848278,0.021576751,0.007617373
2001/6/30,0.001390248,0.001581754,-0.001184261,0.013186849,0.001526452
2001/7/31,0.003145686,0.005287408,-0.002169716,0.006946827,0.004647924
2001/8/31,-0.002657122,-0.001259968,-0.04186599,0.015124411,0.013584048
2001/9/30,-0.001848334,0.007396486,-0.036185694,-0.001081773,0.020787057
2001/10/31,0.000924857,0.000714859,0.083789929,-0.007173881,0.029871119
2001/11/30,0.00394337,-0.005299891,0.039857603,0.002699439,0.018377192
2001/12/31,0.000720738,0.005073168,0.063555086,0.004965476,0.012062624
2002/1/31,0.010141059,-0.001950152,0.008662041,0.010024529,0.001787133
2002/2/28,-0.005477311,0.003543478,-0.019636777,0.009876727,0.000319289
2002/3/31,-0.005412868,-0.007208731,0.013591634,0.005380295,0.002349016
2002/4/30,-0.010513508,-0.002939042,-0.02321117,0.007978314,0.006806345
2002/5/31,0.01183662,0.003595211,-0.002822792,0.005993385,0.008801181
2002/6/30,-0.007519148,0.000834553,-0.054718649,0.012645516,0.013499932
2002/7/31,0.007822053,0.003131917,-0.036563343,-0.004737224,0.02990431
2002/8/31,0.000977885,0.001673565,0.019487271,0.004763258,0.023182385
2002/9/30,0.000845152,0.000391775,-0.052971523,0.001245377,0.010024857
2002/10/31,0.000840547,0.002317345,0.073029275,-0.006751969,0.022045419
2002/11/30,-0.010204423,0.000887463,0.131222369,-0.011576663,0.0184263
2002/12/31,0.003574202,0.00882633,-0.002376714,0.007223474,0.004236888
2003/1/31,0.00673871,0.003817823,0.028313655,-0.000974753,0.004489142
2003/2/28,0.006655687,-0.001037224,-0.023016238,0.006361807,0.003134606
2003/3/31,0.000985344,0.000206642,0.008278729,0.009871067,0.010758153
2003/4/30,-0.005136455,-0.00448803,0.056959297,0.002337123,0.014855914
2003/5/31,0.001430465,-0.00056627,0.098257765,0.020043411,0.003657121
2003/6/30,0.006898212,0.00191762,0.047393469,0.003795572,0.00742471
2003/7/31,-0.001218651,-0.008450935,0.012858864,0.003197515,0.004602183
2003/8/31,0.005650887,-0.003419515,0.023565255,-0.001886049,0.004138739
2003/9/30,0.005689112,0.003978886,0.041553423,0.008435842,0.004574825
2003/10/31,-0.00109071,-0.004200114,0.037118651,-0.002319677,-0.000588523
2003/11/30,-0.002419533,6.54E-05,0.023947519,-0.000504233,0.004155019
2003/12/31,0.000358963,0.003491121,0.035291298,0.003887347,0.001644595
2004/1/31,0.008703722,-0.001664954,0.043865599,0.008541806,-0.008978651
2004/2/29,-0.004114881,0.003349248,0.005182259,0.011316115,-0.002375262
2004/3/31,-0.001875437,0.000669263,-0.008132095,0.009838747,0.001997993
2004/4/30,0.000508377,0.00486908,-0.018420818,0.020589458,-0.00885842
2004/5/31,0.00397849,-0.003752566,-0.015771512,-0.000390668,0.006888639
2004/6/30,-0.002542786,-0.004205851,-0.005739597,0.000859544,0.00222033
2004/7/31,-0.00200798,0.001948042,-0.035801257,0.001098198,0.007462039
2004/8/31,-0.003744331,0.000955271,-0.009258052,0.006960921,0.007230546
2004/9/30,-0.001110162,-0.00372024,0.003378763,0.001476404,0.004261257
2004/10/31,0.000170961,-0.000539022,0.01075723,-0.001306366,0.001590567
2004/11/30,-0.001049279,-0.011375362,-0.003724666,0.012673998,-0.003565646
2004/12/31,0.00470653,-0.000425498,0.042574684,0.001037913,-0.003058767
2005/1/31,-0.003584763,0.006427125,9.56E-05,0.003951452,-0.000462555
2005/2/28,-0.001813586,-0.001278417,-0.003679006,-0.000393718,0.000621587
2005/3/31,0.000924018,0.001974085,-0.017235898,0.006774282,0.006012724
2005/4/30,0.002701488,0.003345925,-0.026218677,0.008360678,0.002002301
2005/5/31,-0.001487956,-0.001748858,0.025373312,-0.000542653,0.012247944
2005/6/30,-0.003003662,-0.001729843,0.006997851,0.003736521,0.004973605
2005/7/31,-0.006918115,-0.004811814,0.015540799,0.006602046,0.006247099
2005/8/31,0.000577333,-0.00030555,-0.01827749,0.010621969,0.002309586
2005/9/30,0.002976584,-0.000221489,-0.006416719,0.00940163,0.000538208
2005/10/31,0.001883519,0.001428125,-0.012437185,0.001828901,0.007275856
2005/11/30,0.000525984,-0.001501658,0.011872893,0.005132512,0.004783514
2005/12/31,0.00160197,0.001505036,0.006340567,0.004964837,-0.001155174
2006/1/31,-0.002439142,-0.005112191,0.027642237,-0.002117529,-0.002898121
2006/2/28,0.001914688,0.001251384,0.00520893,0.009420754,0.004663307
2006/3/31,-0.00115311,-0.003796828,0.004146782,0.00292807,0.00078359
2006/4/30,0.001380098,-0.00165163,-0.003742501,-0.003607529,-0.000229255
2006/5/31,-0.001457737,0.003655094,-0.014497721,-0.000285736,0.007617463
2006/6/30,0.001901833,-0.002918596,-0.021218112,0.002477906,0.005549327
2006/7/31,-0.000477596,0.002353966,-0.013077028,0.000799627,0.009127526
2006/8/31,-0.000260506,0.001095334,0.012790314,0.011086519,0.0047875
2006/9/30,0.00314271,0.00161658,0.007169975,0.00322117,0.001854156
2006/10/31,-0.002605493,-0.001598586,0.013942524,0.007514817,1.25E-05
2006/11/30,-0.003175367,-0.000972029,0.003057697,0.005101252,0.002957353
2006/12/31,0.002887382,0.00084513,0.005755758,0.004978492,4.55E-05
2007/1/31,0.004171228,0.002107197,0.01932351,0.005819602,-0.004129801
2007/2/28,-0.000590311,0.002906783,0.012815459,0.002767397,0.002992174
2007/3/31,-0.002455242,0.000572342,-0.007605934,0.005916975,0.004078394
2007/4/30,0.00399856,0.002222713,0.00892548,0.01307823,-0.006375904
2007/5/31,-0.003517651,-0.002427797,-0.007360682,0.008209232,0.000205738
2007/6/30,0.000536893,0.000665568,0.000490592,-0.0037455,0.004466642
2007/7/31,0.005897547,0.004494826,-0.008529769,-0.002378055,0.001720698
2007/8/31,-0.003292632,-0.003962512,-0.033098353,0.011121731,0.010790163
2007/9/30,0.002539741,0.001266606,0.014190938,-0.004432286,0.003229805
2007/10/31,0.000999822,-0.002334073,-0.01802884,0.012673021,-0.001915735
2007/11/30,-0.00057451,0.001681891,-0.047188341,0.003988949,0.016243762
2007/12/31,-0.001213449,-4.19E-06,-0.01140498,0.00035848,0.009762111
2008/1/31,-0.003879971,-0.003079522,-0.025972545,-0.008533707,0.014487304
2008/2/29,0.004224251,-0.000202614,-0.015167371,0.003630625,0.009301391
2008/3/31,-0.003410486,-0.003782641,-0.024535681,-0.003250168,0.017576679
2008/4/30,0.002286992,-0.00031403,0.004782552,0.005652281,0.005493633
2008/5/31,0.001464074,-0.000762783,-0.000406216,0.016885717,0.002693288
2008/6/30,0.00286424,0.005002938,-0.039570053,-0.001464257,0.008636649
2008/7/31,-0.014743343,-0.006163911,-0.024917692,0.015957838,0.017882178
2008/8/31,-0.000941886,-0.001147972,0.004822528,0.004484857,0.014947018
2008/9/30,-0.008419879,-0.003698679,-0.073765613,-0.008188265,0.027224207
2008/10/31,-0.001241743,-0.000538437,-0.095441072,-0.019628495,0.036170651
2008/11/30,0.002782761,0.001028576,-0.081430035,0.008567421,0.031596522
2008/12/31,-0.006244075,0.00239358,0.020742036,0.021218281,0.043681384
2009/1/31,0.016392042,0.006710563,0.014398155,0.018359631,0.007763105
2009/2/28,0.006389951,0.003585381,-0.053985339,0.0009847,0.02084022
2009/3/31,0.002371974,0.000763103,0.110046849,-0.01379781,0.051889181
2009/4/30,0.006971899,0.005066572,0.134992704,0.019469089,-0.008853262
2009/5/31,0.000950826,0.003221891,0.08822975,0.004329447,0.024116951
2009/6/30,0.007000886,0.001534048,0.017700571,0.024406396,0.006582139
2009/7/31,-0.002184839,0.001519909,0.06048813,0.008613539,0.000431817
2009/8/31,0.00356483,-0.001491388,0.060866105,0.000641694,0.007040934
2009/9/30,0.003359704,0.001789734,0.061467553,0.002166349,0.010388217
2009/10/31,0.011493917,0.005051463,-0.022472977,0.002236569,0.003797473
2009/11/30,0.001437321,-0.001134218,0.000979571,0.010756181,-0.00014125
2009/12/31,-0.004754611,-0.004947987,0.026056822,0.005232798,0.00606004
2010/1/31,-0.001380121,0.000791749,0.020729974,-0.006992669,0.006892413
2010/2/28,-9.66E-05,-0.001776441,0.004419317,0.006570235,-0.000578931
2010/3/31,0.001284056,-0.00209568,0.02180328,0.017839613,-0.004150669
2010/4/30,-0.005376824,-0.000315958,0.0621753,-0.009373085,-0.00019433
2010/5/31,0.001473954,0.002089383,-0.041530726,0.001069968,0.008479674
2010/6/30,0.003332112,0.004759573,-0.033923502,0.004529694,0.008929914
2010/7/31,-0.000790282,-0.002769776,0.024475901,0.003087635,0.005944895
2010/8/31,0.006462949,0.003375116,-0.036974371,0.010494568,0.000152406
2010/9/30,-0.001523535,-0.000792063,0.059627056,0.00596215,0.003083471
2010/10/31,9.61E-05,-0.000198248,0.018514098,0.006702245,-0.005400123
2010/11/30,-0.003771829,-0.001430587,-0.00619498,0.004932479,-0.000603405
2010/12/31,-0.002997622,-0.002872164,0.041943525,0.002071862,-4.93E-05
2011/1/31,0.00924745,-0.001493766,0.010195184,0.005142892,-0.009589549
2011/2/28,-0.001230225,0.001591772,0.022941816,0.006539991,-0.001035655
2011/3/31,-0.004287827,-0.000480168,-0.010799368,0.012353487,-6.62E-05
2011/4/30,0.000201907,0.003032824,0.014146274,0.008449075,-0.003219361
2011/5/31,0.00082466,0.003251587,-0.007494615,0.009381703,0.000503432
2011/6/30,-0.000897466,0.000394749,-0.01704402,0.000981378,0.001413301
2011/7/31,-0.000165722,-0.000375595,-0.012408634,-0.006334207,0.00929187
2011/8/31,-0.000325342,0.004361687,-0.029917978,-0.00178002,0.016394364
2011/9/30,-0.000138834,0.003764361,-0.050792352,0.009796074,0.010038133
2011/10/31,-0.002482589,-0.003659723,0.062221369,-0.003480875,0.013755281
2011/11/30,-0.002032839,-0.000832801,-0.025809422,0.00864862,0.006665358
2011/12/31,-0.00116349,-0.000394664,-0.010281615,0.008737841,0.002980324
2012/1/31,4.97E-06,-0.003367424,0.054420353,0.002600125,-0.006890086
2012/2/29,0.00383704,0.003174512,0.035497985,0.002517335,-0.001349296
2012/3/31,0.001155211,0.00160335,0.02724308,0.000212323,0.002035944
2012/4/30,0.002507647,-0.0011769,-0.019777638,0.002937294,-0.00579074
2012/5/31,-0.001721931,0.00231016,-0.03133206,0.006676178,0.005799111
2012/6/30,-0.008598752,0.00077846,0.013917629,0.011177102,0.000903915
2012/7/31,0.002047358,-0.001305518,-0.008458681,0.002249466,0.003774853
2012/8/31,7.39E-05,-0.002265637,0.019207837,-0.00677648,0.010152563
2012/9/30,-0.003455431,0.00032455,0.024733916,0.002953216,0.008706086
2012/10/31,0.004062163,0.000841293,-0.01147838,0.001834426,-0.003131178
2012/11/30,0.000846869,-0.000556874,-0.001060405,0.006031757,0.005533577
2012/12/31,-0.003086293,-0.004519855,-0.006737315,0.004109383,0.004026088
2013/1/31,0.004979027,-0.000417795,0.04059254,0.006960523,-0.005659782
2013/2/28,-0.000125069,0.000475003,-0.002940897,0.010112667,-0.008445118
2013/3/31,-0.001002478,1.45E-05,0.007328625,0.013418146,-0.004953733
2013/4/30,-0.002228334,0.001998546,0.002818632,0.004355952,-0.005503198
2013/5/31,-0.002008005,-0.004497891,0.009242114,0.003940448,0.00360637
2013/6/30,-0.000377025,0.001676634,-0.00298951,0.007803543,0.000262642
2013/7/31,-0.00078132,-0.003955915,0.026004283,0.008985838,-0.002353989
2013/8/31,0.003942916,0.00262756,-0.004368375,0.003936842,-0.001059064
2013/9/30,-0.002183831,-0.003515157,0.007171201,0.013755662,-0.005716934
2013/10/31,0.001654308,-7.72E-05,0.011531181,0.004176299,0.002195803
2013/11/30,-0.008052377,-0.00434488,0.011315698,0.004849667,0.004385552
2013/12/31,0.003600035,-0.000623207,0.013262433,0.003684212,-0.005950597
2014/1/31,0.00873976,0.00459386,0.019957733,0.006702373,-0.005947431
2014/2/28,0.000176905,-0.00125953,0.017919322,0.004179699,-0.005254984
2014/3/31,0.001339903,-0.001326752,-0.010382433,0.005637813,0.002539253
2014/4/30,0.000931926,0.002134354,-0.014691214,-0.000326542,-0.000136986
2014/5/31,-0.002596582,0.00033497,-0.002728872,0.006259821,0.006748456
2014/6/30,-0.005683889,-0.002457355,0.011368678,0.005599121,0.001324298
2014/7/31,0.006464651,0.000399986,-0.017305557,-0.002706553,0.002151327
2014/8/31,-0.000935901,-0.003323198,-2.43E-05,0.012196022,0.001115693
2014/9/30,0.004159202,0.003469941,-0.024870724,0.010424964,-0.000463059
2014/10/31,-0.013461964,-0.003813903,-0.021687406,0.023417204,-0.002116962
2014/11/30,-0.001589493,0.002376566,-0.001325605,0.017460194,-0.010976594
2014/12/31,-0.006867864,-0.002478182,-0.023451947,0.02661137,-0.006886555
2015/1/31,0.002324289,0.005517604,-0.003198665,0.011694639,-0.003942527
2015/2/28,0.000110395,-0.00196859,0.038232292,0.00234573,0.005814855
2015/3/31,-0.004403978,-0.001957773,-0.020182964,0.011012887,0.004153532
2015/4/30,0.003906864,-0.00157078,0.012401593,-0.015082777,0.002335436
2015/5/31,-0.001034328,-0.001749181,-0.01724855,0.016389755,-0.001415115
2015/6/30,-0.009709578,-0.000801442,-0.012272147,0.008064463,0.002861898
2015/7/31,0.005943152,0.004236157,-0.017813017,0.014664446,-0.0026282
2015/8/31,-0.000528329,0.003820747,0.018290889,-0.019383616,0.026432491
2015/9/30,0.004267594,0.005034534,-0.009896821,0.001037444,0.006611741
2015/10/31,-0.003477702,-0.002108331,0.027478358,0.000915089,0.001029963
2015/11/30,-0.006378862,-0.009708982,-0.031810792,0.021801152,0.004775973
2015/12/31,0.000104034,0.003726916,-0.017913792,0.005645364,0.001210326
2016/1/31,0.002025972,0.008690696,-0.010369537,-0.006187529,0.012727813
2016/2/29,0.000120367,0.000887987,-0.000565507,0.010194507,-0.003665112
2016/3/31,-0.005397775,-0.004018322,0.045235404,-0.006931307,0.012441379
2016/4/30,-0.003209455,-0.000474627,0.028774708,-0.014983133,0.008719144
2016/5/31,0.006297612,-0.004529248,-0.036464578,0.018646745,-0.003069957
2016/6/30,-0.002307213,0.008763176,0.045716077,-0.011662841,0.007844887
2016/7/31,0.003464406,-0.004731712,0.008863843,0.008894759,-0.01515261
2016/8/31,-0.003035998,-0.003321523,0.009427927,-0.006664163,0.010721855
2016/9/30,-0.003843285,0.002545786,0.029533222,-0.002919881,0.005381089
2016/10/31,0.000199845,0.000891359,-0.034667892,0.003531396,4.14E-05
2016/11/30,-0.017140901,-0.011070468,0.012262112,-0.008745355,0.001784089
2016/12/31,-0.007096786,0.002464348,0.021928025,-0.004644951,0.00516207
2017/1/31,0.0079137,-0.002793887,0.001890926,0.007120218,-0.002440304
2017/2/28,0.001306754,-0.00230647,-0.008303455,0.013643617,-0.006322085
2017/3/31,0.000364457,0.003056929,0.005937225,0.012598179,0.002894372
2017/4/30,-0.001447314,0.000426651,-0.011928606,0.009757828,-0.006835991
2017/5/31,0.002377305,0.005408782,0.004770879,0.004408754,-0.001518349
2017/6/30,-0.004298856,-0.001465125,0.016000394,0.005959021,0.014098216
2017/7/31,0.002030754,-0.000585035,-0.005524365,0.004315476,0.003839638
2017/8/31,0.001523283,-0.000161409,-0.027269205,0.019379478,0.007832104
2017/9/30,-0.003027426,-0.006417036,0.020130752,0.002807455,0.00501767
2017/10/31,-0.002945344,-0.000513102,-0.003040609,0.005282557,-0.002242315
2017/11/30,-0.001253298,-0.003083164,-0.007691935,0.011052471,0.002693592
2017/12/31,0.011230863,-0.003703425,-0.013003523,-0.005968423,-0.004227533
2018/1/31,-0.003329585,0.002816516,0.025658443,0.00635756,-0.007229921
2018/2/28,0.000711046,-0.000694806,-0.03006814,0.00552386,0.001082429
2018/3/31,-0.003909406,-0.001404417,-0.001769204,0.004359966,0.006881739
2018/4/30,-0.002496353,0.00269689,0.015870791,-0.006507318,0.009647511
2018/5/31,-0.003641524,-0.002861312,0.020446194,-0.005283919,0.009399044
2018/6/30,0.000976529,0.002331684,-0.010013054,0.0128901,-0.010783047
2018/7/31,0.000780499,-0.001611955,-0.017688907,0.010250279,0.001965612
2018/8/31,-0.007155255,0.000627678,0.013814104,0.00688113,0.005111579
2018/9/30,0.004873267,0.002380223,-0.000719352,-0.001130724,0.002845429
2018/10/31,-0.00034539,0.008224994,-0.017550226,-0.003304954,0.011472046
2018/11/30,-0.003303741,0.000512195,-0.007934224,0.011577889,3.03E-05
2018/12/31,0.001933446,0.002366135,-0.07498724,0.007128188,0.006335063
2019/1/31,0.003310729,-0.004919614,0.07204487,0.001429537,-0.003186581
2019/2/28,-0.002641072,-0.002026234,0.019436711,0.006802306,0.004400819
2019/3/31,0.007971034,0.002473339,-0.010703772,0.012320323,-0.0044498
2019/4/30,-0.00203217,-0.002743676,0.002686936,0.001638803,0.002232918
2019/5/31,0.000366223,0.003054369,-0.044597777,0.006687503,0.008636715
2019/6/30,0.00091073,-0.004152091,-0.001073421,0.013044799,-0.007137297
2019/7/31,-3.82E-05,0.000632783,-0.012744616,0.011570609,-0.002430973
2019/8/31,-0.00364945,0.007940217,-0.00220941,0.005962687,0.005546281
2019/9/30,-0.003074268,0.000458054,0.020357715,-0.003737214,0.001459771
2019/10/31,-0.006279143,0.000614242,-0.004354493,0.009541316,0.00026991
2019/11/30,0.000605005,-0.00263672,-0.012150806,0.023089056,0.000885799
2019/12/31,0.001358832,-0.00239045,0.033727488,-0.012458605,0.006569704
2020/1/31,0.011568034,0.000823974,0.002737976,0.003383056,0.003818317
2020/2/29,0.012321134,-0.006466318,-0.068116839,0.001602394,0.008667995
2020/3/31,0.004598367,0.004830423,-0.087988509,-0.004323141,0.022459149
2020/4/30,0.001800215,0.00423025,0.154133769,-0.023816489,0.028816107
2020/5/31,-0.001888832,-0.001816748,0.037104814,0.01041661,0.004223819
2020/6/30,0.004580333,-0.00247308,0.050094547,-0.015373957,-0.006704879
2020/7/31,0.004892611,-0.000803063,0.044431788,-0.010851793,-0.012035081
2020/8/31,-0.01040546,0.003979999,0.037273297,0.006871687,0.008439735
2020/9/30,0.001447456,-4.28E-05,-0.024165779,0.003535258,-0.008260364
2020/10/31,-0.005172503,-0.004730965,-0.020997097,0.008411125,-0.003415879
2020/11/30,-0.011102051,0.001750928,0.128715185,0.001400953,-0.007748999
2020/12/31,-0.000517614,-0.001552521,0.037230741,0.01423523,-0.002689658