date,q5mkt,q5me,q5ia,q5roe,q5eg
197201,2.4876,6.705,0.1588,-6.5071,1.966
197202,2.8485,0.459,1.993,1.0478,-0.347
197203,0.6398,-1.0197,1.8392,2.1095,1.597
197204,0.2728,0.2422,0.2396,0.7439,0.2792
197205,1.2622,-2.5367,-1.502,2.069,1.2874
197206,-2.4172,0.4274,0.0268,3.5905,1.5513
197207,-0.8379,-1.9759,-0.3928,2.1012,3.2058
197208,3.2486,-3.5252,3.5408,-1.5054,0.5063
197209,-1.1495,-1.0696,-1.1251,2.1088,0.4612
197210,0.5271,-3.1006,-0.5007,-0.4427,0.6599
197211,4.5932,-0.9835,2.5964,-4.1062,0.6969
197212,0.5727,-1.7774,-1.3503,3.1279,1.8048
197301,-3.2918,-2.3772,0.3555,-0.3811,3.3322
197302,-4.8635,-4.4782,0.1066,-1.0371,1.522
197303,-1.3432,-1.6855,0.5066,-1.9078,3.21
197304,-5.6576,-2.9136,3.1132,-0.5363,4.0693
197305,-2.9549,-5.6948,-0.4114,1.6027,1.5846
197306,-1.59,-1.2209,0.4364,-0.1103,2.8658
197307,5.0256,7.9616,-5.7477,1.1376,-4.2331
197308,-3.8069,-1.9392,1.6985,1.4899,1.4525
197309,4.7527,5.7352,2.1956,-1.3047,-1.5413
197310,-0.8621,-1.2115,2.6182,0.4903,4.0646
197311,-12.7439,-7.4553,1.9573,-1.1296,2.074
197312,0.6667,-4.5308,2.5183,3.6506,4.6139
197401,-0.1624,11.5564,2.1051,-4.8138,-0.5604
197402,-0.4736,-0.5191,2.1209,-1.0446,1.4503
197403,-2.8245,1.8373,-0.0555,1.8113,1.1626
197404,-5.331,-0.4765,2.3752,2.2129,2.5414
197405,-4.6599,-4.0947,-0.3302,2.2782,0.2895
197406,-2.9154,0.2691,1.5998,1.5496,2.1438
197407,-8.0181,3.5437,4.4292,2.5567,5.6777
197408,-9.3439,2.2185,3.1493,2.9559,4.8505
197409,-11.7639,2.0304,4.8696,-2.2994,3.3901
197410,16.0666,-5.9413,-1.5064,8.8862,1.0374
197411,-4.4797,-0.8166,2.5432,1.7201,1.3758
197412,-3.4488,-3.8364,2.1589,0.4744,2.046
197501,13.7056,12.447,-0.5177,-11.6181,-5.404
197502,5.557,-1.3808,-1.6716,3.6046,0.6132
197503,2.6678,3.3168,-0.6366,-1.7338,-1.7983
197504,4.2101,-1.3681,-0.0429,3.3684,2.3097
197505,5.141,3.2742,-0.1207,-0.2673,-0.0167
197506,4.8545,1.6189,0.3474,-1.5818,-0.6513
197507,-6.5874,2.9693,1.4388,-1.3503,1.7009
197508,-2.8504,-3.2098,-0.1799,0.6885,1.3638
197509,-4.291,0.6336,1.3519,1.6797,3.3382
197510,5.3413,-4.4872,3.0056,2.6814,2.567
197511,2.6414,-0.4781,1.5715,0.6636,1.5634
197512,-1.6279,0.2829,-0.0397,-2.2506,0.4767
197601,12.1728,6.7749,1.4885,-2.6663,0.8707
197602,0.3125,6.9275,2.1577,-3.7503,0.8706
197603,2.285,-0.4217,1.7157,2.4346,1.6181
197604,-1.5107,-0.5645,-0.7475,-0.3256,0.0357
197605,-1.3767,-1.2464,-0.9763,0.5098,0.3295
197606,4.0397,0.0617,1.3378,-0.0551,0.9442
197607,-1.0325,1.1703,0.9278,0.7571,1.6276
197608,-0.6094,-2.0631,-0.618,-0.0043,0.5722
197609,2.1069,-0.2294,-1.4035,1.1188,0.9964
197610,-2.4233,0.711,-1.1201,0.3243,-0.4868
197611,0.309,3.4568,-0.2689,-0.4753,0.1493
197612,5.6964,3.3012,1.8221,-1.1085,1.0763
197701,-4.0293,6.018,0.99,-2.1441,1.6761
197702,-1.9367,1.0765,0.1256,1.2463,0.4082
197703,-1.3687,1.4446,-0.1641,0.3317,-0.3667
197704,0.114,1.2502,1.2008,0.394,0.7442
197705,-1.4659,1.4996,0.2077,1.7533,2.7093
197706,4.739,3.0932,-0.7021,2.3262,2.9305
197707,-1.6568,1.0074,1.0332,1.7145,2.3918
197708,-1.8072,-0.2586,-0.9021,1.3871,-0.0814
197709,-0.2699,1.4255,-0.0303,1.387,1.5197
197710,-4.3844,1.4066,-0.5693,-1.0036,1.1235
197711,3.999,4.5653,1.232,2.5707,1.4899
197712,0.2831,1.4645,0.0767,1.2335,1.8089
197801,-6.0475,2.2856,0.9892,-1.6999,0.2845
197802,-1.4121,4.0873,1.3223,0.0683,1.67
197803,2.8714,3.3652,2.5273,0.0172,0.143
197804,7.826,-0.0824,-0.3498,5.5164,0.556
197805,1.7363,3.6659,0.9017,0.5084,0.5451
197806,-1.6883,1.4101,0.4806,1.4368,1.2015
197807,5.102,0.1973,0.2897,1.8154,2.6592
197808,3.7437,4.7011,1.1571,1.9141,0.6506
197809,-1.4063,-0.7308,0.2503,-3.5431,-0.844
197810,-11.9729,-10.9771,0.6056,-1.1491,0.9919
197811,2.7186,4.0453,-1.0503,1.2959,1.5463
197812,0.9239,0.4939,-1.0899,2.6744,2.4851
197901,4.2092,4.2959,1.6757,-1.2149,-1.3198
197902,-3.5587,0.3742,-0.4869,-2.391,0.471
197903,5.5859,3.8601,0.7803,2.3604,0.5342
197904,-0.1153,2.3636,0.7971,1.8657,-0.2849
197905,-2.2031,0.5023,-0.0713,-0.6288,0.4436
197906,3.8639,0.8737,-0.8834,-1.0448,-1.7343
197907,0.7485,1.2846,0.6496,0.5454,-0.6536
197908,5.5385,1.6195,-0.3274,2.9163,-0.0151
197909,-0.7533,-0.0861,-0.135,0.6865,2.8441
197910,-8.1786,-3.1784,0.0298,0.9917,1.6684
197911,5.2074,2.1556,-2.5351,2.2845,-0.3745
197912,1.7155,3.9693,-1.1101,1.234,-0.1797
198001,5.4968,0.8236,1.3755,1.7091,0.3912
198002,-1.3984,-1.5834,1.6355,2.3128,3.5816
198003,-12.8933,-6.5922,0.758,-1.1889,-1.0137
198004,3.9336,1.3272,1.2171,0.156,1.4404
198005,5.2657,1.4455,-1.3668,-0.9026,-0.7841
198006,3.0402,1.3259,-1.1238,3.0751,0.8495
198007,6.4915,3.7415,-2.2835,-0.4309,-3.3008
198008,1.8486,4.7241,0.636,2.5095,1.5091
198009,2.0675,0.8342,-0.4989,5.1692,2.3078
198010,1.1257,1.1598,0.5113,4.0511,2.6543
198011,9.6524,-5.0206,-1.8971,9.0081,0.889
198012,-4.594,1.072,0.9228,-1.3007,0.1451
198101,-4.994,3.7136,2.4284,-4.8625,0.5626
198102,0.5716,-0.0128,1.8933,0.7188,1.6871
198103,3.4503,3.4407,-1.7882,-1.3251,-1.8552
198104,-2.1749,4.1822,2.3542,1.3307,1.0888
198105,0.1985,2.4679,-0.5217,-0.0417,1.6626
198106,-2.5099,-0.7592,2.7179,-0.0395,1.9106
198107,-1.4904,-1.6009,-1.9549,3.1499,-0.6191
198108,-7.0074,-1.3999,1.212,0.7439,2.2329
198109,-7.179,-1.6999,3.5847,0.6353,3.9739
198110,4.9276,1.9648,-1.0037,4.7524,-1.0121
198111,3.3194,-1.5096,0.4675,0.5365,1.9895
198112,-3.6308,1.2699,1.9064,-0.4911,1.3694
198201,-3.1709,-0.2738,2.0678,-1.437,0.8418
198202,-5.8456,0.5093,4.7787,0.3372,3.5564
198203,-1.9771,0.6494,1.7936,-1.6858,2.4862
198204,3.2698,0.46,1.1662,1.9106,0.7097
198205,-3.8098,-0.4029,-0.5056,-0.5057,0.9597
198206,-3.1715,1.139,2.7958,0.1052,3.4237
198207,-3.1612,1.7077,2.0544,2.7536,3.8311
198208,11.0525,-3.4331,-0.505,-1.2626,-2.9382
198209,1.2969,3.0825,1.0496,3.5356,3.5036
198210,11.3367,0.904,-1.0797,-0.7302,-0.9991
198211,4.587,4.466,1.4721,3.1813,3.8231
198212,0.6062,-0.7888,0.3665,-0.7166,-0.2713
198301,3.5939,2.2053,-0.8305,-2.4005,-1.897
198302,2.5819,3.7613,1.6194,3.0421,2.0265
198303,2.8195,1.5925,2.8987,1.126,2.0409
198304,6.6887,-0.3492,2.1808,0.5583,2.3291
198305,0.4543,6.1099,-1.4387,-3.5765,-3.8352
198306,3.0717,2.0999,-1.1252,1.5529,2.6153
198307,-4.0181,0.6757,2.7773,1.1624,2.9737
198308,-0.5699,-4.6776,1.2103,-0.4173,0.3917
198309,0.9031,0.4313,1.3323,3.2539,2.9064
198310,-3.4257,-3.8621,2.641,1.6359,3.7354
198311,2.1443,2.08,1.1119,-0.2172,-1.7498
198312,-1.7478,-1.1451,1.3102,-1.5496,1.0785
198401,-1.9567,-1.0195,2.3766,-3.7268,0.8835
198402,-4.7811,-1.8015,0.8912,-0.7739,0.6762
198403,0.6341,-0.129,0.6814,-0.6322,1.2598
198404,-0.5127,-0.9136,1.0722,2.1374,2.4198
198405,-5.9695,-0.4435,-1.4646,1.78,1.7731
198406,1.8032,0.4576,-2.2742,1.815,0.6613
198407,-2.7937,-2.3059,-1.3356,3.6298,2.97
198408,10.288,0.2282,-0.428,0.9652,0.0264
198409,-0.7722,-0.7184,2.5924,0.1676,1.184
198410,-0.8323,-1.4098,-0.3033,2.6699,1.8111
198411,-1.7642,-1.0611,2.2176,0.7994,1.6373
198412,1.7787,-0.4105,-0.8106,2.5112,1.3006
198501,7.96,3.4367,-3.4516,0.9888,-1.6525
198502,1.1965,0.7616,1.0958,1.5322,2.2437
198503,-0.8419,-2.0585,3.3111,0.9456,2.0324
198504,-0.9973,-0.6881,1.4012,0.1215,1.8021
198505,5.1201,-1.6118,-1.2667,3.243,1.5286
198506,1.2632,-0.5444,-0.1402,2.8783,1.6833
198507,-0.7145,2.3504,-0.8343,-1.7883,1.3406
198508,-1.0296,-0.1602,2.0702,0.4266,1.0419
198509,-4.5089,-1.8447,1.9424,1.1445,1.7479
198510,4.0491,-0.1913,0.2881,2.233,2.8931
198511,6.432,-0.2272,-1.643,1.7564,-0.9268
198512,3.9078,0.2882,-1.5031,1.7438,-0.9284
198601,0.7227,1.06,-0.6883,1.653,1.7818
198602,7.1168,-0.3587,-1.4016,2.3756,0.8424
198603,4.8772,0.6255,1.0909,2.0581,1.7081
198604,-1.2944,1.066,-1.576,0.6493,0.0184
198605,4.6065,-1.1507,1.2884,3.3762,0.9818
198606,1.0324,-0.2631,1.6555,5.2598,0.8818
198607,-6.4162,-2.7392,1.3922,2.9692,2.7937
198608,6.0496,-4.3752,3.0475,-2.709,1.6055
198609,-8.6058,0.5503,3.3766,-3.7962,-0.3482
198610,4.6836,-1.7598,0.5282,1.505,0.6012
198611,1.1606,-1.9889,0.3816,1.1185,3.7262
198612,-3.2311,0.8446,1.0676,1.8948,1.6509
198701,12.44,-1.2374,-1.2555,0.9573,2.8709
198702,4.3789,3.3665,-1.9139,2.0684,-1.0583
198703,1.6041,-0.7151,4.2001,-1.1294,1.3212
198704,-2.0802,-2.4687,0.3054,-1.5336,0.5546
198705,0.1082,-1.2157,-0.1208,-2.3436,-0.1604
198706,3.8854,-1.521,1.3763,1.4245,-0.1725
198707,3.8826,-2.0803,0.1168,-1.7888,-0.6461
198708,3.517,-0.1983,-0.2478,3.8033,2.47
198709,-2.614,0.6269,1.9312,0.5893,1.8371
198710,-23.1879,-7.4742,3.3505,0.3321,2.5122
198711,-7.731,3.269,0.5934,-0.6684,0.9005
198712,6.9067,0.2423,-2.4286,3.8977,1.5001
198801,4.2247,-0.7423,1.3309,-4.0763,-1.7613
198802,4.7514,3.511,-0.597,1.0296,-0.5611
198803,-2.2571,5.7006,1.6541,-2.1572,-2.0542
198804,0.565,0.9345,2.1932,0.6511,0.8805
198805,-0.2803,-1.1958,0.5942,-0.1354,1.2654
198806,4.7832,2.7853,-3.2605,2.2112,1.827
198807,-1.2466,0.2162,1.1054,-1.1317,0.0362
198808,-3.3012,0.0323,1.6719,-2.1552,-0.3743
198809,3.2965,-1.4556,-0.42,2.1771,0.8003
198810,1.1583,-2.8125,0.5013,0.056,0.6658
198811,-2.2859,-1.928,1.3928,-0.4884,0.3857
198812,1.4837,2.4204,0.4539,0.7818,0.3588
198901,6.0493,-2.204,0.0107,-0.3507,1.5755
198902,-2.2487,2.9516,1.5631,-0.4588,-0.1775
198903,1.6143,1.3323,1.2637,-0.142,0.7625
198904,4.3084,-0.9415,-0.2841,1.1641,-0.2366
198905,3.324,0.0394,0.1016,1.1975,0.4101
198906,-1.3768,-0.7322,1.593,-0.1521,-0.945
198907,7.1685,-3.464,-0.4503,4.9063,2.513
198908,1.5108,0.484,-0.4255,1.6506,0.1417
198909,-0.755,0.7698,1.1982,1.6439,1.9521
198910,-3.6616,-3.3543,1.2994,1.4077,2.3565
198911,1.0797,-1.3396,1.6323,0.2406,-0.6157
198912,1.1757,-1.9468,1.5752,1.0677,2.4412
199001,-7.8121,-1.2188,0.925,0.0355,-0.2233
199002,1.1005,1.1796,-1.0948,-0.3925,0.0922
199003,1.8341,1.2208,-0.3645,2.2864,1.6764
199004,-3.349,-0.4983,-0.7918,1.9801,0.5974
199005,8.4551,-1.6378,-0.8619,3.7369,2.6182
199006,-1.0525,1.845,0.2453,2.2253,-0.2247
199007,-1.8917,-2.4684,4.0112,2.5571,0.0433
199008,-10.0751,-4.526,3.7203,-0.9983,1.2578
199009,-6.1127,-3.4191,2.6212,-0.4552,2.6916
199010,-1.8953,-5.0423,0.2605,2.077,3.0868
199011,6.3399,0.4489,-3.9833,1.5215,-0.8148
199012,2.4606,1.3158,-1.9466,3.8535,1.5238
199101,4.7364,3.3624,-3.9503,0.1591,1.585
199102,7.1852,3.6299,0.1463,-1.2402,-0.6823
199103,2.6593,3.9312,-0.9285,1.6779,0.1004
199104,-0.2777,-0.7093,0.4677,1.3981,0.6058
199105,3.6749,-0.5648,-1.9526,-0.7118,-1.0608
199106,-4.9394,0.0591,0.6135,1.3683,0.4787
199107,4.2415,-0.5313,-0.656,3.061,0.3612
199108,2.315,1.2954,-0.0464,1.1455,-0.2482
199109,-1.5905,1.8119,-0.824,-0.367,0.2138
199110,1.2859,0.554,1.3506,-0.0233,3.2052
199111,-4.1854,-0.2715,0.2786,3.3179,0.4173
199112,10.8282,-1.4904,-2.0414,6.7612,-0.4691
199201,-0.5576,8.3502,1.5127,-4.1068,1.542
199202,1.0845,1.4008,2.2591,0.7471,2.2073
199203,-2.654,-1.2085,1.9963,1.013,1.9936
199204,1.0759,-6.9442,1.7888,-1.7091,1.9739
199205,0.2999,-0.2592,0.2978,-0.2058,-0.7497
199206,-2.3291,-2.639,0.6456,1.0292,0.7977
199207,3.7905,-0.8361,0.4045,2.5413,0.0568
199208,-2.3768,-0.3076,-0.7904,1.5188,-0.9025
199209,1.1929,0.6785,-0.3989,2.3975,-0.8834
199210,1.016,1.5417,-0.374,2.1317,0.5956
199211,4.1282,3.6824,-1.1853,0.9419,-0.1686
199212,1.5885,2.7403,1.4042,1.8351,1.0366
199301,0.9306,2.3205,2.9756,-1.4524,0.0247
199302,0.1217,-3.3241,3.6485,-1.4498,2.393
199303,2.3138,-0.0213,0.9153,1.8026,0.5161
199304,-3.0466,-1.1614,1.2062,-3.0094,2.0753
199305,2.8845,1.8028,-0.8324,-0.5745,-0.3593
199306,0.2822,1.5873,1.8188,3.0181,1.4058
199307,-0.344,1.3951,1.4477,-0.5825,0.7912
199308,3.7117,-0.0209,-0.0505,0.4747,0.7651
199309,-0.1006,3.1012,0.2582,0.9326,1.4091
199310,1.4145,0.4139,-0.5567,-1.4235,-1.1779
199311,-1.8646,-1.8754,-0.7414,-0.7395,0.1227
199312,1.6455,2.1113,-0.2615,2.3815,2.2577
199401,2.8658,0.1606,1.124,-0.9212,0.9317
199402,-2.5445,2.6566,-0.4777,2.6552,1.6046
199403,-4.7557,-0.9444,0.9631,0.2169,1.2552
199404,0.6802,-0.8153,1.284,1.5378,1.5313
199405,0.5799,-1.9768,0.5332,-0.7439,1.2084
199406,-3.0381,-0.8432,0.8985,0.1797,1.3259
199407,2.8162,-1.4321,0.4259,0.7148,-0.1256
199408,4.0149,2.0904,-0.6915,2.061,2.6728
199409,-2.2847,2.2081,0.5879,1.0911,0.894
199410,1.3464,-1.82,0.1615,0.3556,2.476
199411,-4.0277,0.5354,-1.0043,1.3703,1.4395
199412,0.8589,1.1739,1.2933,3.9844,3.6683
199501,1.7978,-2.4308,-0.0027,-0.063,1.1994
199502,3.6324,-0.6967,-0.8486,0.5097,1.2134
199503,2.2365,-1.2146,0.1684,1.2655,0.7729
199504,2.1075,-0.0076,0.0068,0.142,3.4525
199505,2.8944,-2.2038,0.8586,-1.0066,1.4665
199506,2.7154,3.2191,-1.7466,2.1275,1.8057
199507,3.7124,1.7624,-2.5443,0.9451,0.3082
199508,0.552,2.3542,2.1996,0.1377,1.2945
199509,3.3514,-0.7905,1.9328,1.3917,3.123
199510,-1.5134,-5.0247,0.7822,2.7798,4.4585
199511,3.9629,-0.7575,1.1262,-0.2398,-1.2686
199512,1.0392,0.6315,3.1163,0.2794,0.4029
199601,2.2598,-2.6865,2.451,-1.5087,1.4014
199602,1.3296,2.7354,-0.9876,3.1394,0.7299
199603,0.7287,1.873,-0.6897,0.2756,-1.3198
199604,2.0648,5.1852,-1.8073,2.8673,1.1692
199605,2.3872,4.4631,1.0265,1.864,-1.4412
199606,-1.134,-4.2992,1.7381,0.866,1.7042
199607,-5.9558,-3.3587,2.0165,2.415,2.9389
199608,2.7697,2.4811,-1.8529,0.1305,-1.3885
199609,5.0077,-1.4457,-1.7381,2.2071,2.9315
199610,0.8673,-2.4195,3.6633,1.8831,3.2276
199611,6.2603,-3.5327,-1.3109,0.8165,5.3891
199612,-1.679,3.3237,1.2254,0.9371,1.7252
199701,5.013,-0.7925,-0.6468,1.8122,2.5869
199702,-0.4744,-2.4667,2.9153,-1.5374,0.5919
199703,-5.0188,-0.5279,1.7515,1.7709,0.2063
199704,4.0341,-4.7258,-1.8801,3.8599,3.018
199705,6.7964,5.0194,-3.2305,-0.2201,-1.4875
199706,4.0933,1.0326,0.2313,2.1092,0.1204
199707,7.3152,-1.4173,-3.0399,1.2853,1.2828
199708,-4.0954,7.4958,-0.7063,-1.4193,0.4387
199709,5.3264,2.435,-0.1259,-1.0418,-2.61
199710,-3.7644,-1.0927,2.6609,-1.0477,-1.4188
199711,2.9981,-5.5215,2.8806,1.4026,3.6357
199712,1.348,-2.2243,2.2367,1.572,-2.4011
199801,0.1509,-1.216,-1.2061,2.1884,2.597
199802,7.0327,1.0586,-2.453,1.1388,-0.2961
199803,4.7031,-0.3378,0.4996,-0.1759,-1.0942
199804,0.7322,0.4966,0.1837,-0.1992,2.2962
199805,-3.0412,-2.6343,2.2555,1.7795,1.0565
199806,3.1843,-3.2848,-1.5148,3.159,0.4236
199807,-2.413,-5.7048,1.8843,0.9703,2.8081
199808,-16.0284,-6.1864,5.4602,3.0578,6.7132
199809,6.2602,-2.0594,-3.0814,-1.8263,1.275
199810,6.9971,-2.1685,-0.9607,0.6384,-0.5139
199811,6.0495,0.8957,-0.0256,1.37,1.295
199812,6.1323,-1.8735,-2.9332,2.9291,-2.2554
199901,3.4908,-1.8912,-4.4699,-3.2508,-1.0676
199902,-4.0599,-4.2284,4.8135,0.016,0.011
199903,3.4926,-5.5833,0.3158,-0.6922,0.3997
199904,4.3249,3.9806,2.6555,-5.152,0.444
199905,-2.4584,4.945,0.4504,0.6804,1.8903
199906,4.7478,3.1512,-2.1112,2.391,4.329
199907,-3.4788,2.264,3.4338,1.0281,1.9786
199908,-1.3686,-1.5514,-1.1989,-0.0297,4.6299
199909,-2.7545,1.7307,-1.3826,-0.1695,-1.0359
199910,6.1243,-5.6493,0.3316,2.0317,1.7882
199911,3.3619,5.7518,-3.931,-3.0073,1.1586
199912,7.7532,4.1765,-5.4904,-5.4444,-0.6029
200001,-4.7631,5.6171,2.9355,-4.9998,0.6306
200002,2.4578,22.1445,-5.3931,-7.5531,-3.1129
200003,5.2267,-14.402,1.835,7.6849,3.508
200004,-6.3784,-4.8608,3.7871,8.7092,5.105
200005,-4.369,-4.595,0.5085,0.0196,3.7028
200006,4.6562,10.2649,-3.3905,-4.7546,-1.8045
200007,-2.42,0.995,2.2468,3.4292,3.2749
200008,7.0279,0.4492,-0.7996,-2.082,-1.098
200009,-5.4347,1.6354,5.2247,2.1026,0.7955
200010,-2.7431,-2.223,2.9226,7.3215,6.4705
200011,-10.6882,1.5397,7.4487,10.3593,10.9018
200012,1.1951,4.6807,6.3542,5.186,0.5126
200101,3.2649,2.7241,-7.1285,-10.7883,-6.1594
200102,-10.0213,2.8908,9.2226,5.1517,6.3589
200103,-7.2697,2.9526,3.7573,3.459,2.6587
200104,7.9372,-0.9184,-3.7563,0.0915,-5.4515
200105,0.6859,4.3574,2.3801,-2.5149,-0.2513
200106,-1.9318,6.7189,-1.7996,-0.7916,1.9722
200107,-2.1316,-2.1192,1.3768,3.9508,5.5121
200108,-6.3876,2.3699,5.641,4.3155,5.6455
200109,-9.2406,-4.9253,2.8644,9.1919,5.7667
200110,2.4885,3.4911,-2.9706,-4.3929,-0.5555
200111,7.529,-1.3906,-1.1391,-8.4893,-2.9927
200112,1.6088,5.3189,-0.1761,0.5421,-2.257
200201,-1.4322,0.7237,3.2498,0.3033,4.2877
200202,-2.292,-0.4922,4.4456,5.3235,3.7643
200203,4.2381,4.6098,0.7761,-4.7001,-0.5528
200204,-5.2055,7.5846,4.0731,5.4639,4.0819
200205,-1.3564,-3.1795,2.1865,1.8111,0.6156
200206,-7.2085,3.5661,3.5485,4.9409,0.5052
200207,-8.19,-6.3911,1.9786,6.7016,4.9683
200208,0.4937,0.0007,-0.8574,2.5491,-1.7192
200209,-10.3257,3.12,-2.1364,4.4049,1.1299
200210,7.8301,-5.1206,0.2843,-4.5614,1.5123
200211,5.9526,1.496,3.2719,-11.1725,-3.1022
200212,-5.7527,0.0671,-2.2589,5.3188,2.2776
200301,-2.5618,-0.9824,0.6982,-0.589,0.7808
200302,-1.8826,-2.0245,-0.1272,0.8778,1.3997
200303,1.0908,1.4039,-0.1257,3.4092,-0.9347
200304,8.1807,2.3547,1.0369,-4.4513,-2.9391
200305,6.0466,3.8174,1.848,-8.2331,-1.6245
200306,1.4214,2.221,-1.0629,1.0948,-0.1291
200307,2.3359,4.3762,2.3405,-1.7422,-0.8789
200308,2.3282,2.2397,2.3621,-1.2384,-1.6327
200309,-1.2402,0.6889,0.2279,1.2631,2.3261
200310,6.0782,3.0474,1.031,-1.7507,-0.5642
200311,1.3469,2.1957,2.3052,0.7767,0.5379
200312,4.283,-2.7811,0.774,-1.7394,-1.3486
200401,2.1525,3.1121,2.0585,-2.4364,0.837
200402,1.3997,-0.3075,-0.8855,2.1354,-0.0152
200403,-1.3163,2.5218,-0.7352,1.7567,-1.0578
200404,-1.8184,-3.2185,-2.9001,0.0193,1.427
200405,1.1742,-0.3819,0.551,1.068,-0.2178
200406,1.8607,2.2399,-0.2618,0.5621,0.6322
200407,-4.0549,-3.3502,-0.9772,2.4066,3.0646
200408,0.0745,-1.5163,-1.1996,-1.2272,0.176
200409,1.5958,3.7951,-2.2121,-0.2123,-1.6176
200410,1.4237,-0.7841,0.584,-1.4399,0.0033
200411,4.5362,4.4728,-0.4263,-1.1342,-1.6565
200412,3.4131,-0.041,0.3018,-0.8597,-1.1293
200501,-2.7543,-0.3941,-0.4036,3.2457,1.2576
200502,1.8819,0.1469,0.2917,3.5726,0.6662
200503,-1.9348,-1.7448,0.9394,0.535,1.8949
200504,-2.6089,-4.4794,-1.4563,-1.1019,2.1604
200505,3.6511,2.9656,-0.0579,0.9641,0.4258
200506,0.571,3.8096,-0.1983,-0.4264,-0.4162
200507,3.9143,2.7307,-2.0741,-0.2056,-0.4032
200508,-1.1886,-0.7894,0.2365,-0.6858,-0.6057
200509,0.4859,0.006,-0.0283,0.858,0.2596
200510,-2.0446,-0.5142,-0.3185,1.1029,-0.5479
200511,3.6182,1.2181,-1.0467,0.7767,-0.6024
200512,-0.2427,-0.0272,0.8831,0.2219,1.0851
200601,3.0377,6.4402,-0.6827,-0.2638,0.8754
200602,-0.2928,-0.389,2.4367,-1.0088,-1.0037
200603,1.4648,3.1186,-1.346,0.7682,-0.7847
200604,0.7296,-0.3044,0.3425,0.8234,-0.1292
200605,-3.5448,-3.5172,1.325,-0.0888,-1.598
200606,-0.3492,-0.3339,-0.3929,1.043,0.6258
200607,-0.776,-3.1601,1.3515,0.545,3.2009
200608,2.0201,0.4272,1.9357,-1.3436,-0.1446
200609,1.8459,-0.9658,0.9846,0.6327,0.9511
200610,3.226,1.9769,0.2011,-0.2861,0.445
200611,1.7004,0.3938,-1.5991,0.485,-0.8997
200612,0.8638,-0.0015,1.8288,-0.5587,-1.2249
200701,1.3927,-0.095,0.6304,0.0206,0.0683
200702,-1.9559,1.4278,-0.9739,-0.7456,-0.0687
200703,0.6903,-0.1825,-1.1944,0.4356,-0.2037
200704,3.4828,-1.7342,0.848,0.5436,1.1127
200705,3.2409,-0.2543,-2.3087,0.5236,0.1331
200706,-1.949,0.5452,0.9511,1.2065,-0.5937
200707,-3.7154,-3.0159,-2.2891,1.6369,0.0496
200708,0.9173,-0.8207,-1.3054,0.9418,0.4943
200709,3.2021,-2.4039,-3.2183,1.6356,-0.4745
200710,1.8018,0.377,0.4577,1.2265,0.3453
200711,-4.8017,-3.0218,0.1851,3.588,1.4361
200712,-0.8795,0.6489,-0.6012,2.3193,1.0642
200801,-6.3719,-0.7217,1.3807,-0.2969,-0.8164
200802,-3.0844,-0.8748,-1.5137,1.7981,1.36
200803,-0.9534,0.5805,-0.353,2.3754,-0.0305
200804,4.6755,-0.9362,-2.312,-0.8075,3.3207
200805,1.942,2.5324,-0.3546,-0.3367,0.0761
200806,-8.4289,1.8834,-0.1934,6.3621,1.0367
200807,-0.7584,5.9805,1.8218,0.013,-0.0734
200808,1.5211,1.8217,0.9425,-0.8718,2.079
200809,-9.2921,0.6309,3.1596,1.5906,3.4517
200810,-17.1779,-3.4757,1.0558,5.8964,6.7538
200811,-7.7501,-5.2005,0.5052,3.5072,2.1843
200812,1.7427,3.6023,-2.345,-0.5559,-0.8413
200901,-8.1113,-2.9342,-0.9212,-0.7728,2.4051
200902,-10.0887,-1.5731,-1.854,2.9625,2.8875
200903,8.9657,0.9871,-0.448,-3.3694,0.0801
200904,10.1649,7.2758,3.5028,-13.8308,-1.7967
200905,5.2051,-1.3216,-2.419,-3.3204,-0.5583
200906,0.4284,3.7486,0.5164,0.8967,2.4952
200907,7.7115,1.6912,1.9782,-4.8912,-1.0287
200908,3.3288,0.8676,2.2617,-2.6003,-1.5815
200909,4.0766,2.4647,-1.155,-2.8169,-2.6301
200910,-2.5535,-4.6122,-0.2446,3.9462,2.9368
200911,5.5694,-2.3833,-0.3542,1.0291,-0.3254
200912,2.746,4.8164,-0.183,-1.8549,-0.126
201001,-3.3494,0.3752,0.6789,-1.067,-0.6848
201002,3.3894,1.5236,0.7583,-1.0406,-0.5169
201003,6.3066,2.0221,1.5744,-0.5104,-1.6988
201004,1.9985,3.9038,3.0529,-2.4888,-2.3485
201005,-7.8914,0.048,-0.4512,2.7156,1.7369
201006,-5.5538,-2.3714,-2.4633,1.3288,1.9251
201007,6.9088,0.4811,1.2242,-0.8529,0.3616
201008,-4.7708,-3.6375,-1.777,-0.5599,-0.6431
201009,9.5407,3.9473,1.1549,0.5214,0.0482
201010,3.8695,0.6884,-0.0068,0.6453,0.4416
201011,0.5951,3.6487,1.8594,-0.0799,-0.6138
201012,6.8138,0.4459,3.0261,-3.6697,-2.2435
201101,1.9892,-2.0115,1.316,0.5566,-1.3438
201102,3.4831,1.3916,1.4321,-1.6578,-0.8146
201103,0.4538,1.8477,-0.1252,-0.9511,0.2831
201104,2.8954,-0.8838,-0.9692,1.5871,1.0881
201105,-1.2689,-0.8715,-1.0161,0.1308,1.3797
201106,-1.7419,0.4603,-1.152,2.8109,1.0009
201107,-2.3488,-1.7742,-2.0383,0.7348,0.659
201108,-5.9801,-3.7196,-1.3168,2.562,2.7195
201109,-7.5695,-4.7805,0.0766,-0.7641,4.899
201110,11.3324,5.1816,-0.5881,2.1402,-1.7028
201111,-0.2796,-1.1335,1.5253,0.5804,1.2147
201112,0.7396,0.1225,2.6695,1.1493,-0.6067
201201,5.0531,2.7843,-0.574,-0.6313,-1.312
201202,4.4179,-0.6734,0.0789,0.2919,0.0126
201203,3.1094,0.7124,1.4304,1.658,1.7917
201204,-0.8431,-1.1503,0.9546,1.001,-0.3668
201205,-6.171,-0.8859,2.6812,1.6158,2.338
201206,3.8919,1.492,1.0221,-1.7624,0.3348
201207,0.7869,-3.0753,0.5147,1.5424,0.9827
201208,2.5482,1.4133,-1.4557,-0.497,-0.4037
201209,2.7322,1.1788,1.1835,0.1886,-0.6612
201210,-1.7522,0.2195,1.8577,0.4583,-3.7334
201211,0.7763,0.3564,0.8217,1.7154,0.152
201212,1.1755,2.4232,-0.8302,-1.9967,-2.6321
201301,5.5689,0.1915,1.5404,-2.0971,-1.638
201302,1.2861,-0.615,0.7541,0.1036,0.4262
201303,4.0339,1.0765,1.292,0.487,-1.161
201304,1.5537,-2.8557,0.1152,-1.0136,-0.2819
201305,2.8026,3.5166,-1.6526,-0.3975,-1.4219
201306,-1.1911,0.7617,0.7006,-0.1341,0.5964
201307,5.6434,2.0945,0.6474,-0.4746,-1.124
201308,-2.7045,-0.208,-1.7841,0.5497,0.1587
201309,3.7668,2.4397,-0.7254,-0.9967,-1.0133
201310,4.1692,-1.6177,1.1611,1.337,0.7823
201311,3.1222,1.9293,0.0148,1.5473,1.2051
201312,2.8046,-0.4381,0.7392,-0.1739,-1.7385
201401,-3.318,0.3303,-0.2918,-2.3112,0.3524
201402,4.6489,-0.3064,-0.6297,-1.4762,-0.0343
201403,0.4309,-0.1623,2.7038,1.7701,1.5414
201404,-0.1877,-4.6866,0.8015,1.0756,0.6894
201405,2.0616,-2.0366,-0.9378,-0.6562,0.5021
201406,2.6074,2.2426,-2.6584,-2.5842,0.2626
201407,-2.0374,-3.5626,0.7158,1.1954,1.2346
201408,4.2326,0.4495,-0.9247,0.1376,0.233
201409,-1.9679,-3.1032,-0.3111,3.0595,2.1813
201410,2.5083,3.6349,0.5516,1.7167,-0.1556
201411,2.5472,-2.0077,0.2967,2.4103,0.4488
201412,-0.0601,2.7686,0.4711,-0.652,0.2952
201501,-3.1017,-1.5654,-1.0529,-0.3354,1.4077
201502,6.1301,0.8189,-1.3982,0.0923,-0.8935
201503,-1.1028,2.8166,-0.2615,0.8324,-0.018
201504,0.5907,-3.7918,-0.8011,-2.1972,-0.2334
201505,1.3612,1.735,-0.612,1.4466,0.2893
201506,-1.5273,2.8606,-2.4461,1.2477,-0.6691
201507,1.5462,-4.0769,-2.7366,4.3394,2.6044
201508,-6.0265,0.5025,1.1604,0.7607,0.2546
201509,-3.0702,-3.3863,0.3173,4.2461,3.4688
201510,7.7465,-2.783,0.6276,-2.3746,1.0524
201511,0.562,3.4693,-0.5508,-1.7131,0.4729
201512,-2.1658,-2.0882,0.328,2.9245,3.2155
201601,-5.756,-2.8219,2.7808,5.3238,4.792
201602,-0.0738,0.4861,1.7188,2.0303,-0.1342
201603,6.9541,1.0415,-0.7057,-2.124,-2.7595
201604,0.9179,0.1063,1.2916,-7.2347,-5.2387
201605,1.7718,-0.5063,-2.265,0.9582,2.2386
201606,-0.0422,-0.3453,0.5038,0.2537,-0.874
201607,3.9508,2.3329,-2.1967,-0.5197,2.2517
201608,0.497,0.9481,-0.193,-2.4067,-0.3863
201609,0.2636,0.9906,0.2104,-3.1894,-0.9297
201610,-2.0217,-3.41,0.8077,3.0288,2.0286
201611,4.8631,6.4972,2.913,-1.1087,-2.5273
201612,1.8153,0.6248,-0.2604,1.53,0.8567
201701,1.9357,-1.877,-2.0676,-1.3148,0.6337
201702,3.5594,-1.6847,-2.2535,2.0022,2.3822
201703,0.1676,1.2369,-1.3076,1.8774,1.2449
201704,1.086,0.576,-1.5408,1.0121,1.684
201705,1.0602,-2.5609,-1.6597,1.3181,2.6917
201706,0.7961,3.0378,-0.4684,-1.29,-1.8761
201707,1.8657,-1.1248,-0.4301,1.5305,1.0232
201708,0.1617,-1.4073,-2.8366,0.4774,1.5301
201709,2.5062,4.9092,3.1398,0.4383,-1.7976
201710,2.2519,-1.3238,-3.2968,1.4109,2.8974
201711,3.1198,0.2046,-0.4945,1.8721,1.1391
201712,1.0539,-0.9144,1.7407,0.3282,-1.0643
201801,5.5753,-2.7664,-1.293,-1.2928,2.6001
201802,-3.6478,0.1879,-1.6978,-0.764,4.466
201803,-2.2541,2.8131,-0.1096,0.1904,0.4646
201804,0.2834,0.2739,1.5854,-0.0276,-0.8116
201805,2.6466,4.7956,-1.214,-1.8397,2.242
201806,0.4887,0.6253,-0.393,1.4276,0.0886
201807,3.1964,-1.3092,0.4743,1.9927,1.4167
201808,3.4459,1.4355,-2.334,0.3874,4.1681
201809,0.0589,-3.0639,1.422,0.7044,0.973
201810,-7.6474,-4.7588,4.1721,1.298,-0.7515
201811,1.7054,-0.8371,-0.9318,0.6989,2.7812
201812,-9.5432,-3.0732,-0.8158,1.3127,2.5216
201901,8.4128,2.0385,-1.0008,-4.0017,-7.1495
201902,3.3944,1.1523,-2.5575,0.5466,1.2502
201903,1.1031,-3.3245,-0.5028,-0.0494,0.6624
201904,3.9574,-0.233,-2.5445,2.0809,1.0648
201905,-6.9261,-1.9122,1.495,0.7321,0.169
201906,6.9244,-0.5222,-0.3023,-0.1628,-0.3229
201907,1.2207,-1.5982,0.1843,0.5193,1.3086
201908,-2.6036,-4.1989,-1.0035,1.8977,1.4881
201909,1.4305,1.4387,2.9671,1.6995,-1.8666
201910,2.0588,0.8309,-0.64,0.8606,1.945
201911,3.8643,0.0197,-1.029,-1.2984,-0.6457
201912,2.7659,1.2755,1.804,-1.3106,-0.8055
202001,-0.0927,-4.7408,-2.4131,-0.4183,2.4784
202002,-8.1294,-1.3645,-2.2233,-0.4449,1.4416
202003,-13.3787,-8.3933,2.1259,5.8489,11.8307
202004,13.5916,3.3014,-0.1369,-2.1095,-2.2196
202005,5.5815,2.4767,-3.7098,-0.6147,0.6912
202006,2.4587,2.2933,0.2533,1.1584,1.7125
202007,5.7694,-1.4121,-1.2834,3.4213,1.7869
202008,7.6269,-2.224,-2.7625,-0.7472,-1.6586
202009,-3.627,0.2818,-2.2241,1.1241,0.8326
202010,-2.1007,2.8259,-0.6775,-2.5423,0.0772
202011,12.4689,4.0371,3.294,-14.4379,-9.6046
202012,4.6309,4.192,-2.7803,-4.1554,-0.9909
202101,-0.0188,8.4978,6.367,-1.9661,-7.2774
202102,2.7754,4.452,-0.9147,-6.1641,-5.474
202103,3.0836,-0.6441,4.6971,4.4869,-1.476
202104,4.9225,-2.9242,-3.4483,2.0464,2.1879
202105,0.2861,1.8365,4.3494,2.6254,-1.7836
202106,2.7487,-0.0955,-2.4309,-1.1643,3.7346
202107,1.2671,-3.0542,-1.4863,7.6337,5.2153
202108,2.9041,-0.8165,-1.9834,1.2464,2.2894
202109,-4.369,0.773,3.2602,-1.7508,-4.7885
202110,6.6475,-1.9691,-2.2881,3.4088,3.5182
202111,-1.5461,-0.5887,-0.3563,8.6032,4.9244
202112,3.1025,-0.554,5.2855,3.8004,1.1868