,Lo 10,2-Dec,3-Dec,4-Dec,5-Dec,6-Dec,7-Dec,8-Dec,9-Dec,Hi 10
192707,11.5,6,7.68,8.79,5.56,9.2,12.41,6.88,5.65,4.02
192708,5.44,3.4,0.88,2.59,-0.12,2.19,5.85,2.44,3.3,-2.31
192709,1.84,6.61,4.01,5.2,4.47,5.69,5.67,3.88,3.13,3.5
192710,-6.51,-3.75,-5.24,-5.62,-2.12,-2.86,-3.47,-3.27,-0.98,-4.13
192711,6.98,6.59,6.92,9.68,4.18,6.99,5.48,7.67,8.14,11.18
192712,2.05,1.4,1.67,2.85,0.76,0.07,6.3,5.21,8.68,0.55
192801,-1.08,-1.19,1.08,0.78,0.59,-1.18,-1.89,-2.4,-1.61,-1.65
192802,-2.74,-2.42,-2.06,-1.78,-1.1,0.16,1.42,-1.55,-0.3,1.51
192803,14.1,6.61,7.05,5.92,4.57,8.15,26.2,4.95,8.66,5.93
192804,4.18,4,3.58,2.82,3.92,2.46,2.33,6.02,5.48,5.5
192805,-0.46,0.62,2.69,0.73,2.28,1.53,3.39,0.99,3.59,9.34
192806,-5.22,-3.41,-3.82,-4.1,-4.16,-4.07,-2.69,-3.56,-4.59,-8.9
192807,1.68,1.85,0.99,2.01,0.13,1.66,0.26,0.33,-0.82,-1.56
192808,8.96,11.25,8.59,7.77,5.58,5.66,6.32,5.22,6.39,6.35
192809,3.35,1.52,1.88,5.53,2.32,2.6,2.9,2.32,5.33,2.41
192810,3.75,0.24,3.93,1.69,1.36,-0.11,4.55,1.45,-2.37,1.32
192811,12.85,13.74,20.53,14.53,6.91,8.87,12.17,9.83,11.01,5.87
192812,2.38,-1.18,2.48,0.81,-0.31,-1.25,1.36,2.58,3.15,2.7
192901,7.8,0.26,5.76,4.75,8.22,3.33,6.24,2.1,9.18,2.65
192902,0.24,-0.51,-2.26,-0.11,-0.27,0.16,2.3,2.3,-0.1,1.87
192903,-5.16,-0.29,0.23,0.2,0.49,-1.12,0.81,-0.41,-3.7,0.28
192904,3.86,4.48,2.1,3.19,1.65,1.21,0.18,-0.9,-0.49,-3.83
192905,-5.67,-5.4,-0.62,-3.84,-9.18,-1.89,-3.7,-8.09,-8.84,-6.81
192906,16.26,11.29,14.98,10.91,10.16,7.48,7.1,7.1,4.33,5.37
192907,4.84,7.33,3.82,7.24,6.46,3.98,-1.84,3.42,-0.03,1.44
192908,8.46,13.28,12.92,11.77,9.58,8.76,3.18,3.27,2.95,1.48
192909,-4.98,-3.31,-1.81,-4.8,-7.29,-4.81,-5.97,-3.32,-6.28,-4.54
192910,-27.73,-25.63,-20,-14.31,-10.82,-8.34,-18.23,-12.35,-13.61,-16.78
192911,-14.24,-14.13,-14.37,-11.56,-9.63,-12.49,-10.3,2.53,-10.85,-7.18
192912,6.21,3.28,3.03,0.62,-1.49,2.72,0.99,-6.22,-2.21,0.06
193001,7.06,7.99,3.43,4.53,3.74,3.84,4.66,2.74,2.37,11.25
193002,3.47,5.25,0.73,2.86,1.47,2.2,1.3,4.19,-0.66,1.28
193003,7.77,5.07,13.13,6.33,4.91,6.44,8.56,4.91,1.38,8.02
193004,1.78,0.7,0.78,-5.63,-1.5,-4.86,-5.6,-10.28,-12.93,-2.06
193005,-3.05,-0.58,-2.55,-0.09,-1.74,0.4,3.33,2.9,-1.51,-0.76
193006,-17.75,-17.86,-18.04,-9.77,-11.81,-14.07,-14.98,-13.7,-16.17,-9.18
193007,2.72,4.09,4.28,3.22,4.07,5.62,9.15,4.99,4.12,4.55
193008,1.4,2.53,1.75,2.18,-0.08,-11.8,-0.93,-3.14,-7.76,-7.66
193009,-14.83,-9.05,-10.3,-9.87,-11.1,-15.4,-14.6,-14,-16.64,-15.9
193010,-10.95,-5.74,-7.69,-6.39,-9.06,-16.3,-10,-13.22,-8.3,-8.97
193011,-3.46,-2.68,-1.82,-4.15,-4.19,-3.88,4.32,-4.58,2.62,5.24
193012,-7.65,-5.14,-5.99,-6.31,-10.58,-11.62,-4.23,-11.94,-15.52,-7.7
193101,3.21,4.34,5.79,7.15,9.59,12.04,7.94,7.25,9.09,6.52
193102,13.09,9.05,7.24,6.56,8.88,11.41,15.07,10.96,20.54,15.9
193103,-8.03,-3.61,-6.36,-6.21,-8.72,-11.24,-4.6,1.38,-13.37,-6.48
193104,-9.96,-5.91,-10.63,-6.83,-14.72,-14.99,-6.78,-23.52,-11.94,-16.7
193105,-12.65,-11.06,-14.46,-12.55,-17.75,-13.27,-14.1,-12.02,-18.66,-16.79
193106,14.14,10.51,15.5,13.05,18.56,18.02,12.75,17.43,20.58,15.78
193107,-4.43,-6.09,-6.06,-7.04,-8.08,-4.33,-10,-10.14,-10.55,-11.81
193108,-1.26,2.46,-1.12,1.65,-3.21,-1.31,-0.96,5.39,-1.17,-1.48
193109,-31.81,-26.38,-25.27,-26.3,-28.77,-26.59,-33.44,-32.91,-37.67,-34.73
193110,13.09,7.58,6.06,5.22,3.16,4.72,10.54,11.84,13.79,9.59
193111,-7.01,-5.88,-8.01,-10.21,-11.3,-15.64,-12.32,-6.49,-11.79,-12.11
193112,-12.21,-9.19,-12.51,-16.84,-10.37,-19.09,-21.23,-20.97,-15.88,-21.81
193201,-5.23,-4.51,3.2,0.3,-5.74,3.38,8.14,-1.59,6.58,8.99
193202,5.13,10.76,2.01,5.29,2.89,-0.31,11.22,3.13,-2.75,1.38
193203,-9.74,-8.71,-8.35,-11.33,-18.82,-14.71,-12.48,-9.54,-14.75,-12.01
193204,-14.49,-19.05,-16.93,-19.29,-25.44,-13.49,-17.16,-16.62,-21.7,-19.47
193205,-25.69,-10.05,-24.32,-22.38,-19.87,-28.19,-21.96,-18.21,-25.96,-26.26
193206,-0.82,-6.1,3.01,2.08,-8.26,6.83,6.31,1.73,10.02,3.75
193207,35.69,23.86,22.73,37.67,36.88,32.95,35.42,57.83,48.03,69.8
193208,21.12,25.93,29.82,35.1,39.32,39.24,33.88,47.86,49.58,71.91
193209,-5.59,-6.5,-1.04,-3.8,-6.21,-1.97,0.06,-3.04,2.53,1.17
193210,-3.51,-7.35,-9.21,-12.65,-13.04,-15.58,-14.07,-18.28,-22.3,-24.79
193211,-20.67,-2.35,-2.84,-6.5,-8.8,-3.33,-3.44,-5.31,-3.73,-15.67
193212,3.14,0.94,4.22,6.27,8.92,5,5.08,8.03,3.38,3.93
193301,-6.23,1.54,-0.47,2.42,0.18,1.34,1.41,13.29,3.49,10.17
193302,-10.38,-15.82,-11.84,-15.17,-14.96,-18.08,-16.58,-16.54,-21.65,-21.14
193303,-0.77,8.22,-3.58,6.63,-0.78,4.61,8.09,11.15,9.34,6.58
193304,25.37,39.03,23.53,41.65,49.7,48.77,37.16,35.85,65.13,46.76
193305,24.5,13.61,16.7,13.75,16.26,33.15,16.86,26.04,25.33,36.89
193306,15.05,8.17,10.19,11.94,15.86,9.83,15.37,17.88,18.27,17.7
193307,-9.76,-12.57,-9.42,-8.79,-9.04,-8.53,-6.06,-8.23,-4.86,-8.58
193308,23.07,18.43,14.6,13.88,12.75,16.52,5.74,5.3,3.1,5.65
193309,-12.55,-9.82,-12.5,-8.95,-12.46,-3.09,-7.1,-10.64,-4.18,-9.13
193310,-9.34,-3.53,-8.47,-7.69,-6.69,-4.22,-5.53,-6.67,-7.08,-6.78
193311,10.46,16.24,24.66,7.6,10.65,10.93,4.36,3.22,4.48,4.51
193312,9.55,8.4,5.11,0.88,-2.56,-0.36,0.86,0.73,-3.04,-3.14
193401,12.33,6.36,12.76,11.78,12.59,3.69,13.03,8.56,6.78,18.88
193402,-3.58,-2.98,-2.59,-4.98,-4,-3.77,-1.05,-2.86,2.6,1.59
193403,0.37,-0.87,-0.42,1.23,0.84,-0.95,0.16,0.3,0.97,0.91
193404,-5.78,-2.76,-2.44,-0.76,-1.5,-2.2,0.99,1.47,-0.28,3.53
193405,-10.15,-8.42,-8.54,-4.71,-6.72,-5.11,-2.72,-3.21,-3.99,-3.81
193406,2.89,5.07,0.01,2.23,3.36,3.57,3.07,4.05,1.76,1.16
193407,-16.67,-7.11,-10.55,-7.31,-9.18,-7.72,-4.76,-7.25,-4.46,-7.21
193408,7.59,6.27,5.96,5.59,8.74,3.61,2.5,1.51,2.73,2.32
193409,-1.35,-0.68,-4.98,1.47,0.07,-0.96,0.92,-0.69,1.55,0.86
193410,-3.21,-4.9,2.5,1.66,-1.46,1.38,-0.77,1.51,-0.67,-2.2
193411,11.12,10.56,5.89,10.15,11.93,9.42,4.47,9.27,6.37,-0.4
193412,2.76,2.88,0.58,-0.41,2.57,1.19,-0.24,-1.06,-2.39,-2.65
193501,-5.07,-1.44,-5.18,-1.72,-4.97,-2.35,-0.51,-1.25,-3.37,-0.78
193502,-3.3,-2.62,2.06,-1.21,0.85,-0.31,0.25,1.29,-1.37,-0.89
193503,-3.63,-3.77,-3.32,-4.17,-4,-2.01,-4.89,-5.36,-3.32,1.64
193504,13.35,11.2,12.11,8.91,6.36,7.29,4.49,4.34,8.38,9.31
193505,1.11,5.31,3.22,2.14,1.9,2.73,3.57,1.53,2.52,7.79
193506,6.69,5.99,2.88,4.76,6.25,6.25,3.69,5.37,6.5,7.03
193507,11.74,8.02,3.53,4.07,11.79,5.43,6.55,5.27,6.07,2.4
193508,3.1,1.67,2.95,-0.79,5.97,1.64,0.26,-0.81,2.72,3.62
193509,2.05,6.39,2.66,0.26,6.21,0.23,0.99,1.75,2.51,-0.98
193510,8.67,8.36,4.85,6.33,10.45,7.83,3.32,6.18,4.34,3.17
193511,8.01,3.03,1.4,1.41,4.16,1.1,2.7,6.26,8.14,4.53
193512,5.36,3.57,4.18,5.43,3.88,6.17,1.59,3.35,1.1,3.91
193601,9.32,5.55,6.26,7,5.38,4.55,6.46,5.59,5.41,7.52
193602,2.96,3.26,0.74,1.81,1.54,0.49,-0.52,2.55,3.27,-1.42
193603,3.14,-0.1,0.6,3.29,6.85,1.09,-2.09,-0.49,-3.85,-0.93
193604,-9.1,-7.84,-5.85,-7.73,-9,-6.14,-6.11,-6.66,-5.57,-4.43
193605,4.35,4.88,5,4.45,3.73,4.17,5.18,5.66,6.43,4
193606,3.6,2.88,2.64,2.44,4.33,4.82,3.83,3.26,2.67,0.46
193607,7.03,9.58,8.15,7.95,6.05,1.3,6.46,3.55,6.67,2.29
193608,0.15,2.82,0.16,1.11,-1.51,1.42,0.64,0.43,-0.38,2.72
193609,1.6,-1.46,1.21,1.36,2.43,0.08,1.84,0.72,0.09,0.84
193610,9.98,10.34,11.59,6.71,6.03,4.93,6.53,5.07,3.54,3.86
193611,8.5,2.18,2.75,4.72,2.02,4.23,2.24,1.44,3.13,5.35
193612,1.91,2.7,1.13,1.11,-0.7,-2.73,-2.4,-3.78,-1.48,-1.33
193701,0.86,4.7,4.14,1.04,0.94,1.16,0.81,2.56,3.66,1.14
193702,5.45,2.23,-0.09,1.31,-1.07,-0.89,0.76,-2.34,0.25,2.26
193703,2.62,-0.65,3.65,0.2,-3.08,-2.03,-4.92,-3.28,-4.68,1.63
193704,-9.71,-8.3,-4.8,-5.97,-4.47,-7.01,-4.01,-5.88,-6.81,-8.95
193705,0.29,0.82,-0.8,0.28,0.34,-1.93,-2.46,-0.04,-3.41,-0.23
193706,-1.44,-2.56,-3.17,-5.61,-3.62,-5.03,-4.62,-3.89,-5.43,-3.13
193707,7.35,9.32,6.9,7.51,7.78,9.13,7.77,11.57,8.16,12.54
193708,-5.4,-6.52,-3.96,-5.88,-2.84,-2.95,-3.86,-2.97,-2.41,-3.59
193709,-20.95,-13.78,-13.27,-7.04,-10.2,-11.31,-11.38,-11.29,-11.22,-15.4
193710,-11.77,-8.74,-11.37,-6.6,-7.31,-8.53,-7.28,-10.03,-7.48,-12.22
193711,-6.85,-8.82,-7.72,-6.29,-6.28,-7.25,-7.82,-10.22,-10.83,-14.8
193712,0.89,-0.64,-2.51,-2.8,-2.23,-5.36,-7.52,-11.3,-6.67,-12.62
193801,-0.86,-2.31,-0.98,-0.71,-0.77,2.43,2.87,7.1,6.69,8.4
193802,4.56,9.13,7.27,2.46,3.56,4.91,6.48,5.15,3.91,3.43
193803,-25.36,-25.46,-25.39,-19.57,-21.03,-19.95,-21.66,-23.39,-22.83,-27.6
193804,16.88,14.3,11,15.06,13.03,14.35,14.61,14.35,14.03,14.27
193805,-6.41,-4.71,-5.42,-0.98,-2.74,-0.57,-1.17,-4.31,-3.5,-4.92
193806,27.99,26.21,29.27,16.08,16.33,19.96,19.32,26.08,22.02,33.64
193807,4.76,8.1,4.71,5.74,4.3,5.72,13.12,7.75,11.61,14.1
193808,-3.99,-2.72,-2.61,-4.55,-1.93,-2.68,2.77,-5.56,-3.46,-3.21
193809,1,1.87,1.38,1.07,0.21,2.77,0.47,-2.61,0.45,0.12
193810,9.01,6.15,9.29,4.51,4.42,7.72,7.16,12.27,12.63,11.87
193811,-1.98,-0.65,-2.48,-1.51,-1.4,-2.44,-1.41,-3.23,-1.25,-0.67
193812,4.81,5.72,3.39,4.24,3.1,2.96,2.89,1.4,5.27,2.13
193901,-9.26,-6.7,-6.54,-5.08,-1.12,-4.71,-6.41,-4.43,-8,-9.75
193902,2.95,0.71,2.41,1.12,3.78,5.14,6.69,5.54,6.98,6.76
193903,-16.49,-10.28,-12.88,-8.4,-5.43,-11.97,-15.26,-12.89,-13.35,-14.08
193904,-1.25,-1.15,-2.27,0.08,1.04,-0.7,0.59,2.72,-0.73,-2.94
193905,6.61,5.78,7.41,5.19,5.64,5.62,9.31,6.12,10.58,9.39
193906,-8.03,-4.92,-6.34,-3.65,-3.53,-4.36,-5.66,-5.01,-5.85,-6
193907,9.47,11.2,7.72,6.19,6.65,10.45,8.2,9.09,9.56,9.85
193908,-6.36,-5.16,-6.33,-6.08,-6.15,-5.06,-6.16,-6.71,-7.14,-7.64
193909,19.88,21.01,11.03,8.52,4.98,14.52,4.48,11.37,11.38,15.28
193910,-2.78,-2.35,1.5,1.29,2.36,-0.1,2.56,1.68,0.19,0.78
193911,-3.63,-3.94,-2.97,-1.05,-2.74,-1.05,-1.03,-2.36,-2.49,-5.29
193912,2.51,3.84,2.78,4.26,1.73,3.21,3.08,2.04,3.04,1.14
194001,-3.91,-3.37,-1.92,-1.44,0.63,-2.17,0.26,0.7,1.86,-0.71
194002,2.07,2.23,0.45,-0.08,1.39,1.87,0.57,0.36,-0.54,0.8
194003,1.6,2.12,3.39,1.48,0.77,1.99,1.87,1,-0.26,2.17
194004,-0.88,-0.19,-0.68,1.15,1.71,-0.1,-1.23,2.24,-0.4,-0.85
194005,-24.27,-20.61,-22.16,-18.71,-21.56,-19.43,-19.86,-23.27,-23.64,-23.05
194006,7.1,4.41,3.26,4.66,7.01,8.55,6.79,8.63,9.02,3.48
194007,2.56,3.41,2.43,2.27,1.74,4.47,6.05,4.03,6.49,5
194008,1.73,2.3,0.4,2.96,-0.16,2.77,2.5,6.72,2.88,2.48
194009,1.95,4.27,1.3,2.54,0.74,2.79,2.29,2.72,3.54,4.63
194010,6.82,-0.06,2.05,1.01,0.46,5.64,3.99,4.11,3.57,2.32
194011,-1.74,-3.36,-0.75,-1.79,-4.71,-2.3,-2.72,1.21,3.28,3.27
194012,0.6,1.43,1.59,1.91,0.95,1.02,-0.55,-1.88,-0.55,-0.98
194101,-6.7,-5.6,-2.2,-3.09,-0.27,-3.78,-4.09,-8.86,-1.38,-2.79
194102,-1.56,-2.86,-2.11,-1.52,-1.77,0.04,-0.41,1.57,-0.75,-1.36
194103,-0.1,1.57,1.45,2.17,-0.73,0.31,-1.42,-0.53,2.03,0.6
194104,-4.69,-6.12,-4.51,-3.72,-5.42,-4.92,-6.29,-9.62,-4.71,-6.23
194105,3.86,2.14,1.71,0.36,-2.78,0.3,1.34,2.12,0.37,2.13
194106,5.48,7.32,6.82,5.56,5.92,4.76,4.23,3.91,3.55,4.81
194107,9.81,6.81,2.14,6.24,5.18,5.77,6.07,4.36,6.3,7.91
194108,-1.69,-1.43,0.82,0.78,-0.25,0.11,-0.25,1.32,-0.19,0.26
194109,-2.45,-1.12,0.55,0.06,-2,-3.03,-3.37,3.2,-2.3,-1.78
194110,-2.6,-3.57,-5.15,-6.79,-8.09,-4.35,-4.73,-6.31,-8.24,-7.25
194111,2.92,-0.6,-3.32,-1.9,-3.25,-3.61,-1.95,-2.73,-3.96,-3.86
194112,-1.99,-4.07,-7.48,0.02,-2.07,1.6,-4.1,-9.73,-9.35,-8.31
194201,-4.24,-4.01,0.24,0.43,3.16,1.42,7.81,6.07,8.2,5.97
194202,-4.74,-4.51,-2.55,-3.84,-1.03,-1.68,-2.28,1.46,0.92,-0.07
194203,-6.89,-8.36,-7.26,-5.57,-6.76,-7.69,-5.2,-2.88,-2.16,-7.57
194204,-3.66,-2.9,-4.87,-6.06,-5.6,-5.05,-5.53,-4.43,-2.84,-0.77
194205,7.33,5.05,7.84,6.91,5.19,2.52,2.07,8.04,6.19,6.02
194206,3.7,5.18,1.22,2.4,1.94,3.41,2.08,2.24,2.28,0.53
194207,1.87,2.73,3.94,3.62,3.63,5.39,4.08,4.65,4.99,2.82
194208,0.65,1.47,1.11,2.61,1.15,4.02,2.61,2.56,-0.52,4.27
194209,4.28,1.65,1.58,2.31,3.52,1.7,3.77,2.76,1.99,5.57
194210,6.27,6,5.13,6.32,5.75,7.33,6.8,9.43,9.94,13.84
194211,0.53,1.96,2.67,0.4,-1.59,-4.12,-1.16,-1.05,-0.72,-6.88
194212,5.24,6.1,6.31,4.41,4.9,4.91,3.39,3.75,5.25,6.89
194301,4.89,7.4,5.87,5.41,10.31,8.1,9.28,9.49,10.46,13.22
194302,3.09,5.11,3.29,7.84,4.66,7.4,7.5,9.28,9.25,9.41
194303,3.99,5.68,6.17,3.36,6.95,8.91,7.56,8.7,9.3,13.16
194304,-0.46,0.12,0.27,1.43,1.14,-1.08,2.2,-1.01,-1.07,2.37
194305,6.21,5.9,5.75,5.31,3.63,4.81,3.63,7.69,5.74,3.58
194306,-0.11,2.15,3.25,3,2.49,0.16,1.34,2.19,0.73,1.34
194307,-7.29,-5.55,-4.24,-2.25,-3.07,-1.47,-4.79,-3.06,-6.48,-4.49
194308,1.11,1.75,1.76,0.84,1.53,1.47,1.39,1.31,0.89,-0.03
194309,2.47,2.15,2.82,1.91,3.21,1.87,2.3,2.42,3.16,1.03
194310,-1.59,-2.04,-1.35,-1.44,-1.35,-0.3,0.03,0.61,0.81,0.3
194311,-5.96,-5.31,-6.25,-6.12,-5.77,-3.37,-6.22,-6.45,-7.55,-6.97
194312,5.53,6.79,6.8,6.54,7.81,3.94,6.48,5.94,7.19,4.41
194401,0.32,1.04,0.25,3.68,2.09,1.61,3.75,1.87,3.5,5.05
194402,0.28,-0.31,0.7,-0.29,-0.17,0.67,1.57,1.26,2.01,2.46
194403,3.44,2.78,1.99,2.16,1.64,1.6,2.97,2.34,2.01,2.69
194404,-2.11,-1.05,-2.85,-0.95,-0.88,-1.15,-1.23,-2.61,-2.35,-1.77
194405,5.33,5.56,5.2,3.99,4.58,4.03,5.08,5.06,4.83,3.89
194406,6.58,3.86,5.42,6.25,6.42,3.87,6.85,8.44,5.71,5.79
194407,-3.09,-1.46,-2.94,-0.67,-0.57,-0.49,-0.78,0.11,-0.46,-2.21
194408,1.82,1.04,1.99,1.3,2,1.24,1.05,2.63,1.82,1.03
194409,-0.02,-0.34,0.22,-0.93,0.42,0.18,-0.56,0.08,-0.16,4.42
194410,-0.56,0.15,-0.32,-0.23,0.96,1.19,0.59,0.85,1.21,1.2
194411,-0.11,1.6,1.98,1.79,2.35,1.28,1.76,1.28,4.2,4.01
194412,3.15,3.74,3.04,2.35,4.34,1.83,5.05,4.49,9,8.55
194501,3.6,1.07,1.94,3.33,1.3,-0.99,3.53,3.2,2.49,1.68
194502,5.51,6.58,5.52,6.21,5.5,4.35,6.57,7.61,7.44,8.2
194503,-4.09,-3.96,-4.51,-4.32,-2.64,-1.35,-4.02,-3.24,-4.78,-4.64
194504,8.56,8.35,7.9,7.35,6.68,4.32,8.52,8.89,8.88,7.54
194505,0.44,1.47,1.94,1.59,1.82,3.1,1.27,0.61,2.54,1.03
194506,-1.4,-1.55,-1.19,-0.84,0.52,1.47,0.99,2.13,1.71,4.3
194507,-4.58,-2.15,-1.55,-2.06,-1.66,-1.9,-2.71,0.44,-2.98,-3.72
194508,10.7,9.49,9.47,3.65,9.88,5.92,4.63,2.42,4.79,2.4
194509,4.23,7.01,4.16,3.73,3.39,3.59,6.43,2.95,6.69,7.66
194510,3.74,2.52,2.78,3.44,3.28,4.08,4.45,3.9,6.77,5.02
194511,7.38,3.77,2.55,4.67,4.86,2.98,5.74,5.97,6.56,11.59
194512,2.68,2.44,1.5,-0.01,2.24,2.19,1.03,0.28,0.1,-0.58
194601,4.28,4.75,9.62,4.43,7.13,5.07,3.86,3.3,10.15,9.33
194602,-7.25,-3.85,-6.87,-4.49,-6.02,-7.03,-6.49,-3.72,-6.01,-5.22
194603,6.41,6.8,6.63,7.76,9.4,4.81,6.24,4.18,4.37,3.16
194604,2.81,3.97,4.4,7.73,4.8,3.17,4,4.25,3.53,1.85
194605,4.24,3.76,2.99,2.6,4.09,4.6,4.83,3.88,4.9,3.96
194606,-5.3,-3.7,-5.39,-2.69,-4.63,-4.46,-2.94,-2.16,-3.43,-3.42
194607,-3.54,-4.26,-1.85,-3.25,-2.63,-1.71,-2.28,-3.43,-1.33,-2.73
194608,-6.26,-6.05,-6.35,-5.52,-7.17,-5.9,-7.09,-4.82,-6.75,-6.45
194609,-14.13,-11.14,-8.81,-10.19,-10.24,-8.46,-9.76,-8.98,-7.74,-12.87
194610,-3.03,-3.1,-2.54,-1.54,-2.43,-0.82,-0.71,1.55,-1.93,-0.66
194611,-1.72,0.57,0.99,0.85,-0.89,-1.73,0.03,0.73,1.39,-0.05
194612,6.94,5.35,5.19,6.45,5.45,5.24,5.35,3.6,3.52,2.59
194701,-1.44,3.49,-0.96,0.55,2.07,1.2,3.71,0.49,1.09,1.92
194702,-0.82,-0.74,-0.11,-0.49,-0.96,-2.34,-0.48,-0.8,-1.2,-1.41
194703,-2.57,-2.29,-0.53,-0.83,-0.35,-1.18,-1.22,-1.93,-2.17,-2.26
194704,-7.48,-6.2,-5.63,-4.22,-5.2,-3.71,-3.56,-3.66,-3.27,-6.17
194705,-4.29,-0.45,0.52,-0.76,-0.82,1.53,-0.52,-1.64,-1.2,-4.31
194706,6.77,7.62,7.48,6.04,4.81,7.01,6.48,4.78,-0.15,1.89
194707,2.04,3,4.02,3.95,3.07,6.14,5.87,5.5,6.25,6.48
194708,-2.3,-1.52,-2.17,-1.58,-0.14,-1.03,-2.43,-1.46,-3.72,-1.58
194709,-0.69,-1.03,-0.92,-1.38,0.16,0.24,-0.27,0.18,0.58,0.53
194710,3.15,1.88,2.37,3.5,2.05,4.24,3.35,0.87,2.17,2.1
194711,-1.69,-0.26,-1.56,-3.59,-2.2,-1.83,-1.29,-2,-1.47,-1.1
194712,3.6,3.93,3,4.18,2.14,4.58,0.41,3.13,1.12,1.42
194801,-5.05,-6.44,-3.98,-4.33,-2.41,-3.98,-2.66,-1.28,-2.31,-1.78
194802,-4.67,-4.44,-3.88,-4.44,-2.64,-4.28,-5.7,-5.44,-4.44,-5.43
194803,8.43,7.11,7.17,8.91,4.65,11.26,10.24,8.91,10.99,11.95
194804,3.88,4.23,2.82,4.15,4.01,3.21,4.02,3.33,4.68,2.18
194805,8.1,5.78,9.58,6.42,4.84,8.7,7.56,7.18,9.48,7.47
194806,-0.59,0.84,0.66,-0.27,-0.33,0.98,-1.32,-1.79,-0.52,-2.03
194807,-6.46,-7.03,-4.93,-3.57,-3.22,-3.74,-3.75,-4.35,-5.07,-4.36
194808,-0.61,0.37,-0.61,0.27,0.81,1.32,1,0.31,2.23,1.94
194809,-3.76,-1.87,-3.53,-1.62,-2.91,-2.74,-2.98,-3.62,-3.38,-4.12
194810,8.07,7.19,7.25,3.7,5.51,5.42,4.8,6.35,3.35,3.25
194811,-10.83,-8.72,-10.68,-6.01,-8.25,-9.98,-8.35,-10.75,-8.32,-7.99
194812,3.67,5.68,3.76,2.85,2.72,1.55,1.53,3.59,1.44,1.04
194901,-1.54,-0.56,0.98,-0.02,1.44,2.64,-0.37,0.01,1.34,1.69
194902,-2.92,-2.2,-3.69,-1.16,-3.49,-3.38,-3.22,-4.26,-2.59,-2.95
194903,4.61,4.96,4.79,2.49,3.42,3.73,3.5,4.24,2.41,4.85
194904,-1.24,-1.39,-1.33,-0.94,-1.65,-2.65,-3.77,-2.57,-3.01,-3.38
194905,-3.76,-3.35,-3.39,-2.02,-1.35,-2.51,-2.71,-1.81,-2.89,-2.91
194906,-1.2,1.25,0.59,0.17,0.38,0.23,1.27,-0.92,-0.3,-0.49
194907,5.44,4.49,4.93,5.6,4.88,5.88,8.31,6.26,7.48,5.24
194908,2.9,2.99,2.61,4.27,2.15,2.97,1.7,1.36,2.29,3.36
194909,3.77,3.37,1.97,3.71,2.76,2.11,3.61,3.99,2.83,4.57
194910,3.6,2.74,2.33,2.77,2.78,3.99,5.03,3.48,3.6,4.66
194911,0.38,3.23,1.51,0.67,2.22,0.86,2.42,4.11,2.58,2.92
194912,5.32,5.4,2.72,4.12,5.87,5.79,7.24,6.97,6,6.38
195001,2.03,1.42,0.29,-0.56,3.12,0.1,3.05,3.95,4.14,5.44
195002,0.57,1.96,1.5,1.75,1.07,0.16,3.04,0.85,-0.21,2.25
195003,1.94,2.23,1.84,2.6,0.17,1.08,1.53,-1.21,-3.07,-0.07
195004,3.29,4.42,2,1.74,3.33,4.64,8.44,5.84,6.53,4.52
195005,4.29,4.9,4.01,5.08,2.13,5.09,5.63,5.57,4.7,4.89
195006,-6.88,-6.67,-5.33,-4.42,-4.93,-5,-4.32,-6.03,-7.39,-6.46
195007,-4.44,-1.86,0.31,2.18,4.35,4.38,5.68,3.54,1.41,7.87
195008,5.47,5.62,4.91,2.97,4.72,6.07,5.49,5.28,7.73,4.46
195009,6.69,4.66,4.92,3.35,3.85,4.8,4.98,5.98,7.76,5.6
195010,-0.98,-0.09,0.2,-0.02,-0.02,1.03,0.04,-2.03,1.06,-1.53
195011,6.18,4.53,2.21,2.16,2.33,2.25,3.87,2.66,-0.22,1.57
195012,5.2,5.27,3.51,5.63,6.57,6.83,7.5,6.77,2.97,9.38
195101,5.26,3.6,5.24,4.44,7.08,8.36,6.77,6.49,8.39,8.71
195102,0.28,2.83,0.2,2.44,0.96,0.82,1.92,1.13,1.5,1.92
195103,-0.64,-2.67,-0.94,-1.68,-2.86,-2.55,-3.97,-3.12,0.39,-5.62
195104,7.72,6.7,3.37,4.62,5.08,3.79,5.19,4.15,4.04,4.14
195105,-2.06,-1.64,-1.6,-1.1,-3.53,-2.45,-2.29,-2.55,-4.56,-1.25
195106,-0.57,-0.82,-2.54,0.32,-3.59,-4.63,-5.49,-4.99,-6.03,-5.78
195107,11.5,9.17,4.72,5.96,5.33,5.35,6.02,8.25,7.39,4.28
195108,0.5,3.74,4.82,5.69,4.61,5.08,3.79,6.63,5.46,7.1
195109,0.56,-0.27,0.39,0,2.43,0.09,2.27,2.94,1.24,2.16
195110,-3.71,-0.69,-3.8,-1.38,-2.15,-2.14,-2.49,-1.45,-1.89,-1.99
195111,0.35,1.05,-0.02,0.71,0.1,1.02,0.51,2.81,0.48,1.6
195112,6.67,4.82,3.16,2.96,3.62,1.88,0.74,1.12,0.73,2.09
195201,0.78,3.42,0.74,2.95,1.28,1.03,1.53,1.82,1.92,-0.44
195202,-3.97,-3.63,-1.12,-2.47,-2.4,-3.2,-1.79,-3.78,-2.34,-0.29
195203,5.23,5.9,3.3,5.07,3.64,3.82,3.26,2.29,4.08,7.58
195204,-6.61,-6.26,-4.21,-4.07,-3.51,-3.07,-2.67,-6.08,-3.84,-3.9
195205,4.25,3.66,3.13,2.75,3.75,2.54,2.79,3.05,2.02,3.84
195206,3.92,4.65,3.36,3.94,3.79,3.99,2.35,3.45,4.81,5.17
195207,-1.33,1.71,1.52,0.56,2.45,1.98,2.54,1.41,1.87,1.47
195208,-1.53,-1.94,-0.01,-0.34,-0.51,1.04,-0.98,0.91,0.3,0.36
195209,-1.71,-2.13,-1.73,-1.5,-1.38,-1.63,-2.89,-3.03,-1.61,-2.21
195210,-0.93,-1.38,-0.07,0.51,-1.12,0.03,-0.11,-1.43,-1.92,-1.6
195211,5.77,7.91,5.14,4.01,6,7.42,6.69,6.75,5.97,7.48
195212,3.19,2.82,3.04,2.24,2.65,5.05,2.31,4.71,2.02,2.88
195301,-1.73,-0.74,-0.74,-0.34,0.56,-0.55,1.56,1.74,4.01,4.41
195302,-0.62,-0.02,0.2,-0.05,-0.27,-0.74,0.31,-1.12,0.82,2
195303,-0.82,0,-1.52,-0.89,0.04,-3.11,-3.47,-3.77,-4.08,-2.17
195304,-4.24,-2.65,-2.49,-2.69,-2.62,-1.53,-1.51,-1.82,-3.54,-1.62
195305,0.58,0.86,0.9,1.12,0.36,0.21,-0.28,0.11,1.25,0.99
195306,-1.93,-1.41,-1.41,-0.62,-2.09,-2.11,-1.74,-3.58,-3.74,-3.48
195307,2.97,3.03,3,1.79,3.76,1.88,1.81,1.78,1.84,1.86
195308,-3.44,-5.05,-2.51,-2.42,-4.57,-5.91,-5.23,-6.14,-6.39,-6.87
195309,1.4,1.35,1.79,0.28,-0.5,-0.53,0.52,-0.87,-1.91,-2.02
195310,5.24,5.49,3.68,2.95,5.56,5.34,4.46,5.72,4.41,5.95
195311,4.43,4.47,2.99,2.99,2.12,1.11,2.38,1.93,0.37,1.68
195312,1.26,0.47,0.89,0.71,1.01,-1.12,-0.5,-0.94,-4.17,-3.29
195401,1.91,5.76,3.83,4.62,6.55,6.86,7.61,8.5,5.35,6.79
195402,1.11,2.65,0.92,2.11,2.03,1.27,2.3,0.88,2.33,1.26
195403,5.63,5.17,3.02,2.39,3.4,2.48,3.01,3.02,3.67,5.26
195404,4.78,6.7,2.81,3.47,5.54,4.3,2.61,5.85,-0.95,2.19
195405,4.34,0.99,2.57,1.99,3.29,3.87,4.56,5.61,6.3,6.47
195406,3.37,2.19,1.24,0.62,-1.57,0.8,1.84,-0.08,1.22,0.31
195407,0.92,3.23,5.72,6.93,6.52,7.84,6.06,6.12,8.79,4.48
195408,-3.63,-3,-2.16,-1.37,-1.33,-2.59,-1.83,-3.09,-2.64,-1.47
195409,6.84,6.41,4.39,7.44,8.22,5.71,4.68,4.68,4.96,4.9
195410,-2.09,-2.67,-1.62,-1.2,-1.43,-1,-1.63,0.36,-0.59,-1.02
195411,13.64,9.83,10.13,7.12,6.22,10.87,9.29,11.2,11.64,7.71
195412,4.63,4.29,4.09,4.04,4.97,6.63,7.97,8.92,12.67,11.36
195501,-1.21,-0.35,0.81,0.78,1.76,1.87,-0.43,2.3,3.06,0.74
195502,4.49,3.85,2.4,4.35,1.17,1.81,2.7,3.8,4.08,3.82
195503,0.77,0.48,-0.08,-0.9,-1.05,0.15,-0.95,-0.36,2.07,0.36
195504,5.37,3.71,2.37,2.56,2.64,3.14,3.53,-0.08,3.14,5.33
195505,4.12,1.43,1.55,-0.97,0.24,-0.19,0.44,1.35,0.08,-1.26
195506,8.7,6.16,4.26,7.5,7.91,8.9,3.44,4.01,5.39,3.45
195507,-2.29,-1.63,1.92,3.63,2.19,11.34,2.1,1.59,0.42,2.01
195508,1.93,2.17,-0.39,-0.85,1.24,-2.44,-0.74,2.75,2.85,2.14
195509,0.61,-1.27,-0.4,-1.72,-2.34,4.48,-0.49,-0.7,-0.63,-0.39
195510,-4.04,-3.43,-1.78,-0.95,-2.45,-3.56,-1.57,-0.47,-0.32,-0.25
195511,6.84,8.92,7.7,9.01,6.31,7.61,2.95,5.11,5.9,5.64
195512,4.8,2.62,1.94,2.19,0.74,-2.13,0.45,1.27,4.13,1.76
195601,-3.61,-4.8,-2.82,-0.45,-2.49,-4.43,0.6,-2.53,-2.5,-1.79
195602,6.15,5.08,3.64,3.48,4.15,4.02,1.64,3.07,3.64,1.35
195603,11.52,6.81,7.45,10.62,6.12,3.52,2.6,3.86,3.6,3.09
195604,5.29,-0.71,2.19,0.99,-0.3,-3.16,-0.85,0.74,2.76,2.59
195605,-5.53,-5.86,-5.95,-5.67,-4.09,-3.66,-2.34,-4.91,-4.74,-5.07
195606,8.08,4.27,2.41,1.9,2.45,4.84,1.43,1.65,4.16,2
195607,5.63,6.21,4.09,5.55,5.25,3.18,5.51,3.4,4.78,5.33
195608,-4.78,-4.76,-3.98,-1.36,-2.45,-1.83,-0.1,-1.22,0.77,-0.52
195609,-7.77,-6.07,-6.37,-3.43,-4.01,-3.4,-1.85,-3.3,-3.17,-2.47
195610,0.21,1.8,1.2,1.57,0.75,0.09,-0.21,1.51,0.14,-1.47
195611,1.27,0.94,-1.15,3.06,0.67,1.14,-1.17,-1.02,1.86,2.45
195612,4.21,4.33,4.95,3.57,1.59,1.84,2.57,2.93,1.29,0.25
195701,-6.01,-3.83,-3.77,-5.02,-0.23,1.68,-5.68,-0.64,-1.6,-2.85
195702,-0.69,-1.6,-2.14,-3.51,-2.21,-0.74,-2.35,-1.41,-3.64,-3.37
195703,2.32,2.91,3.77,1.2,2.11,1.51,0.62,2.69,2.47,3.38
195704,6.03,5.94,4.85,3.85,3.44,1.19,6.17,1.64,1.87,2.45
195705,6.43,4.95,4.97,3.42,1.65,1.58,1.63,0.67,-0.11,0.59
195706,0.72,0.93,-1.67,-0.99,-2.79,-2.03,0.31,0.07,-1.71,-2.43
195707,-0.65,1.67,0.89,1.94,0.57,1.28,0.44,0.93,0.54,-0.3
195708,-7.21,-5.72,-4.74,-3.75,-1.87,-3.51,-2.26,-3.17,-3.6,-7.7
195709,-6.14,-7.38,-5.55,-6.32,-2.84,-3.27,-2.66,-3.45,-5.65,-6.87
195710,-5.5,-2.9,-4.37,-4.12,-2.9,-2.71,-3.16,-4.62,-4.9,-6.25
195711,4.89,3.37,4.23,-1.69,1.62,3.48,1.98,-0.5,-0.36,-1.79
195712,-5.34,-3.41,-3.33,-5.46,0.04,-1.2,-1.04,-4.22,-5.79,-8.54
195801,2.48,2.25,5.16,5.82,5.76,6.65,9.08,10.35,11.96,9.87
195802,-2.02,-3.29,-0.72,-0.2,0.41,0.14,-0.1,0.21,-1.13,-3.21
195803,4.79,3.16,3.59,3.32,2.32,1.96,2.98,2.28,2.42,6.48
195804,1.29,3.68,2.36,4.49,3.04,4.04,3.58,5.04,4.51,2.42
195805,1.98,0.43,2.93,4.4,2.49,3.45,3.31,2.92,3.7,3.41
195806,3.37,3.82,2.55,2.63,2.28,2,2.75,1.27,2.97,3.31
195807,4.49,4.91,2.76,2.59,1.91,7.23,6.08,8.58,8.08,9.86
195808,2.51,1.85,2.2,0.51,2.02,0.55,2.69,3.24,1.94,2.08
195809,5.41,4.09,4.73,3.74,3.98,6.89,4.42,5.34,6.91,6.99
195810,4.13,2.69,1.43,2.62,2.92,2.68,1.71,3.86,1.25,2.22
195811,2.94,4.13,3.71,3.97,1.55,2.07,3.1,2.73,2.08,4.69
195812,8.31,5.64,2.81,4.81,9.02,3.47,3.62,5.51,2.39,1.65
195901,-1.86,-0.18,-0.2,1.17,2.76,0.57,4.06,3.43,5.54,6.42
195902,2.63,1.06,-0.88,1.6,2.01,-0.89,2.11,2.34,4.39,2.14
195903,1.64,1.93,0.15,1.3,0.17,-1.34,-0.49,-1.61,-0.64,1.48
195904,5.9,4.14,2.49,2.2,3.36,5.27,3.43,2.61,4.36,4.56
195905,3.4,2.32,1.93,2.02,0.18,2.15,3.25,2.37,2.6,1.31
195906,0.18,-0.8,0.49,-1.17,-1.17,0.79,3.22,1.78,0.21,0.07
195907,1.62,4.47,3.33,4.59,2.8,4.03,3.84,2.12,1.67,1.45
195908,-2.87,-2.01,-0.71,-0.96,0.42,0.5,-1.59,-0.59,-1.27,-3.75
195909,-4.22,-4.4,-5.04,-6.09,-5.42,-3.54,-4.66,-3.6,-4.46,-3.31
195910,2.77,2.47,0.86,2.66,1.46,-0.46,1.41,1.21,0.96,-0.59
195911,6.97,2.94,3.2,2.22,1.48,-1.1,-1.05,-0.46,-0.19,1.88
195912,2.11,4.15,2.13,2.34,1.75,4.22,3.09,1.92,1.24,-0.25
196001,-7.98,-10.07,-8.07,-8.38,-5.12,-4.93,-4.83,-2.95,-1.98,-1.76
196002,3.45,0.42,2.19,0.8,1.65,2.71,-0.94,1.38,-1.71,-1.5
196003,-0.36,-0.96,-0.25,-3.36,-0.53,-1.46,-1.94,-0.81,-2.38,-2.57
196004,0.34,-3.02,-1.57,-3.12,-0.37,-1.03,-3.01,-0.37,0.12,-1.3
196005,9.01,3.38,5.34,2.25,1.85,1.22,0.27,0.71,-0.42,0.86
196006,1.24,0.87,4.36,4.08,5.53,1.57,1.91,3.91,2.69,1.29
196007,-4.56,-5.5,-2.28,-1.25,-0.63,-0.04,-0.01,0.07,0.26,-0.33
196008,1.78,2.8,2.5,4.15,5.26,3.8,3.29,2.32,2.67,3.74
196009,-7.27,-7.66,-5.07,-5.61,-4.81,-4.94,-4.62,-2.84,-5.3,-6.08
196010,-2.87,-0.36,0.18,1.07,0.22,-0.35,-0.57,-0.73,0.38,0.18
196011,7.13,6.04,6.52,4.59,5.28,1.74,5.17,0.98,4.88,1.86
196012,5.09,3.21,4.48,7.13,7.07,2.56,3.56,5.35,3.02,2.68
196101,4.19,2.81,5.99,7.14,7.99,7.62,6.5,10.36,9.64,10.36
196102,4.5,2.93,4.45,3.46,3.47,4.12,4.87,0.57,3.85,4.55
196103,2.8,2.98,3.75,2.75,5.01,3.16,1.44,2.05,2.64,1.65
196104,-0.56,-0.57,0.45,1.69,-1.55,-0.66,0.6,3.37,-1.09,1.89
196105,2.62,4.73,2.59,2.1,2.23,2.16,2.59,1.34,3.82,2.24
196106,-3.05,-0.79,-2.73,-3.18,-3.45,-1.92,-3.59,-3.93,-2.26,-3.51
196107,0.3,2.58,2.09,5.27,2.44,3.18,2.49,4.54,2.99,1.77
196108,5.19,4.08,3.1,2.1,4.02,1.96,3.06,0.44,0.29,1.9
196109,-2,-1.18,-2.43,-2.43,-1.38,-2.65,-1.63,1.24,-2.44,-2.52
196110,2.71,5.08,1.86,1.47,2.63,3.65,3.02,2.43,4.35,2.52
196111,2.24,3.61,4.79,6.35,4.6,4.22,4.08,7.46,3.69,0.58
196112,-1.25,-1.64,-3.23,0.87,0.69,0.65,-0.4,2.65,1.95,1.31
196201,-5.94,-6.66,-3.34,-4.63,-3.87,-2.77,-2.41,0.75,1.77,0.78
196202,-0.17,2.66,1.08,3.24,2.5,2.54,2.36,0.09,3.21,0.45
196203,0.37,-0.24,-0.67,-1.2,0.03,0.11,-1.3,0.71,-1.26,-0.2
196204,-10.42,-7.11,-6.51,-5.15,-5.38,-5.76,-4.68,-5.41,-4.3,-6.23
196205,-13.14,-11.37,-8.52,-7.59,-9.06,-8.05,-7.38,-4.02,-3.2,-4.1
196206,-13.46,-10.93,-7.62,-8.17,-6.78,-6.16,-6,-4.85,-5.61,-6.69
196207,11.41,7.54,8.01,6.9,3.96,4.41,3.85,5.42,2.05,2
196208,3.09,2.79,0.84,4.36,2.12,2.31,0.95,2.92,0.67,-0.68
196209,-9,-5.75,-5.57,-3.09,-3.92,-3.4,-2.77,-2.47,-5.61,-6.74
196210,-0.91,-0.34,1.68,1.19,1.03,0.01,0.52,0.53,2.01,-0.96
196211,14.91,13.25,8.61,10.36,11.17,10.31,10.96,7.91,12.48,15.02
196212,-1.16,1.23,2.34,3.63,0.35,1.17,2.93,2.55,0.14,-3.9
196301,6.48,4.88,3.36,3.8,6.04,5.04,3.37,7.73,7.04,9.23
196302,-2.94,-2.34,-2.27,-2.33,-3.19,-1.76,-0.07,-2.34,-1.33,-0.96
196303,2.78,1.8,2.82,4.43,3.77,3.08,3.77,6.41,3.66,1.99
196304,6.77,4.06,3.71,4.36,5.41,3.88,6.39,5.19,4.16,6.4
196305,4.14,2.35,1.13,-1.22,1.28,2,1.77,5.88,4.07,3.44
196306,-4.43,-1.39,-1.64,-0.17,-1.73,-1.64,-0.48,-3.33,-1.35,-3.54
196307,0.2,-0.68,-0.35,-0.36,-0.01,1.21,-0.59,-0.77,-0.13,0.35
196308,6.55,6.78,4.87,4.36,5.81,3.92,5.45,5.61,6.38,4.85
196309,-1.31,-0.25,-2.68,0.08,-1.91,-2.63,-2.12,-1.66,-0.48,-0.97
196310,7.69,2.31,0.9,2.48,-0.7,1.13,1.98,0.37,9.94,0.92
196311,-0.62,-0.94,-0.65,2.27,-0.93,-0.38,-1.22,-0.43,-4.97,-0.97
196312,1.83,3.19,3.85,1.37,0.83,4.19,1.97,1.49,0.12,0.64
196401,4.31,3.01,2.18,3.46,1.9,2.5,0.92,0.6,2,4.4
196402,2.92,2.23,1.19,0.95,3.92,1.1,2.38,1.81,1.2,3.23
196403,2.65,1.01,1.68,-0.34,2.16,1.91,3.02,4.84,2.32,5.44
196404,-2.14,-0.84,0.95,1.03,-0.02,2.35,0.24,-0.48,2.35,-0.39
196405,2.74,2.25,0.93,0.25,2.22,2.01,2.54,1.17,2.88,1.34
196406,0.6,1.68,1.83,2.99,0.75,0.7,0.56,1.87,1.59,1.54
196407,-0.66,1.8,0.9,3.37,1.97,2.29,3.14,1.91,5.97,3.53
196408,-2.16,-2.2,-1.2,-1.71,-1.57,-0.66,0.1,0.2,1.36,0.16
196409,3.42,2.59,1.03,4.19,2.87,4.56,2.32,3.04,3.35,3.22
196410,-1.13,0.41,-0.16,3.05,1.8,1.23,1.59,1.1,0.68,-0.73
196411,-0.38,1.94,-0.41,2.87,0.78,-1.85,0.23,-0.45,-1.86,0.79
196412,0.19,-0.03,2.05,-0.05,-0.03,-0.4,-0.8,-0.7,1.3,-0.61
196501,6.27,4.57,3.04,2.84,1.35,3.96,4.29,5.05,3.64,3.95
196502,3.17,1.7,1.05,-1.12,-2.35,0.38,2.33,0.85,-0.62,0.94
196503,-1.35,-1.88,-0.7,-2.73,-1.42,0.24,-0.79,0.43,1.11,-0.64
196504,5.76,3.86,2.71,2.09,1.04,3.83,3,2.83,6.17,1.56
196505,-0.6,-0.59,0.91,1.76,-0.26,-2.97,-0.27,-1.34,-2.95,-0.83
196506,-5.75,-4.09,-4.55,-4.38,-3.01,-5.52,-5.15,-5.96,-6.28,-4.87
196507,3.09,1.91,1.71,0.13,1.19,2.55,0.7,2.62,2.15,1.87
196508,4.72,5.23,2.4,1.71,3.88,1.6,0.94,3.67,2.44,2.58
196509,2.45,4.7,3.4,2.76,3.4,2.73,2.92,1.14,4.37,2.43
196510,3.91,3.78,1.68,0.47,2.18,1.89,3.08,4.04,5.53,3.5
196511,3.28,0.4,1.86,-2.5,-0.06,2,-0.55,-1.08,-3.75,1.2
196512,0.88,3.43,0.73,-0.31,0.89,0.49,1.74,2.68,1.3,1.32
196601,1.49,1.16,0.5,-0.33,-0.82,1,1.37,1.81,1.53,4.6
196602,2.89,-2.03,-2.22,-0.7,-2.58,-3.21,-1.85,-1.12,-1.72,-0.48
196603,0.79,0.88,-2.86,-4.12,-2.16,-1.65,-3.21,-3.76,-4.67,-2.78
196604,4.96,4.11,1.83,2.22,2.25,1.09,1.92,0.71,-1.84,0.31
196605,-5.1,-6.02,-3.14,-4.15,-4.93,-3.86,-5.47,-6.28,-6.45,-5.86
196606,-0.53,-0.33,-2.07,-0.61,-2.78,-0.91,-2.26,0.09,-2.28,-1.34
196607,-1.83,-2.8,-2.38,0.13,-1.15,-0.82,-1.01,-0.12,-0.54,-0.58
196608,-8.63,-6.4,-8.98,-7.4,-8.19,-6,-7.45,-6.65,-6.05,-7.86
196609,-4.12,-0.48,-1.01,0.36,-1.93,2.08,0.79,-0.74,-0.57,1.22
196610,0.46,0.48,6.46,6.34,5.21,8.72,7.36,7.91,5.3,0.19
196611,12.35,5.41,2.63,0.35,-0.39,-1.76,-0.72,-3.14,-2.04,-5
196612,0.87,-0.88,-1.28,1.08,0.73,0.57,2.98,0.54,0.19,0.85
196701,9.2,9.07,6.36,7.96,7.42,5.51,7.12,6.2,12.38,13.76
196702,5.44,1.55,1.26,1.78,-1.09,0.27,-0.95,-1.53,-0.28,-1.48
196703,5.23,5.08,4.29,3.66,4.19,3.16,4.1,4.25,3.67,4.63
196704,6.13,6.26,5.64,4.75,3.1,1.37,2.87,1.6,1.81,7.52
196705,-5.2,-3.74,-5.2,-2.66,-3.88,-4.06,-3.29,-3.11,-2.26,-5.05
196706,3.69,2.35,2.6,2.82,1.9,2.01,2.81,1.03,1.7,0
196707,4.15,2.99,4.74,5.48,11.44,1.05,4.78,5.32,6.9,5.86
196708,-1.08,-1.01,-0.78,0.2,-1.63,-0.76,-0.77,-0.67,-0.12,2.45
196709,5.46,3.8,2.01,1.63,2.1,3.94,1.25,2.7,4.15,0.64
196710,3.91,-1.83,-4.27,-4.57,-6.81,-2.86,-5.97,-5.33,-3.76,-5.02
196711,2.37,3.18,0.93,-0.26,0.91,-0.4,0.59,1.13,-1.29,-1.08
196712,2.78,2.21,4.53,2.79,2.97,3.15,4.93,3.1,2.58,2.62
196801,-8.83,-6.94,-3.83,-3.71,-3.45,-0.69,-1.65,0.19,-0.2,1.28
196802,-4.01,-4.28,-3.51,-4.24,-2.98,-2.19,-1.92,-1.55,-1.43,-1.82
196803,4.05,2.56,2.4,1.68,-1.6,-1.7,-1.46,-0.69,-0.5,-0.78
196804,12.52,12.66,11.06,10.91,8.26,4.59,6.59,7.4,6.18,7.43
196805,4.9,3.55,3.29,1.15,1.3,0.69,1.92,2.1,-0.85,5.05
196806,-1.19,-0.39,-0.13,0.67,1.92,3.61,5.15,2.39,2.25,2.95
196807,-5.61,-5.3,-6.07,-1.25,-1.13,-2.76,-0.01,0.62,-0.4,2.38
196808,0.8,3.47,1.58,1.46,1.83,2.81,2.25,1.97,1.62,0.97
196809,2.56,2.21,4.58,5.6,6.53,5.4,4.93,6.15,3.67,3.27
196810,-3.79,-0.29,-0.67,0.86,0.79,3.58,2.88,1.65,3.23,3.53
196811,8.68,5.62,4.72,6.95,5.48,4.36,6.16,6.65,5.63,2.32
196812,-4.69,-5.38,-3.09,-4.88,-2.7,-3.48,-2.88,-1.98,-3.71,-3.14
196901,-2.53,-2.2,-0.46,-1.01,-0.38,-0.58,-1.04,-0.41,0.67,1.11
196902,-4.7,-4.9,-4.88,-4.94,-5.84,-6.01,-4.68,-6.24,-4.18,-2.91
196903,5.11,3.06,3.22,2.43,2.16,1.96,4.36,5.3,0.42,2.68
196904,3.49,2.93,3.13,1.65,2.37,1.1,1.05,0.25,3.95,-0.35
196905,-0.95,1.56,-1.2,2.37,-1.49,-0.8,1.08,1.61,-0.08,1.54
196906,-1.01,-7.3,-5.61,-8.14,-7.12,-7,-8.08,-8.84,-6.2,-5.83
196907,-5.04,-5.89,-5.67,-9.54,-6.07,-7.23,-8.33,-6.34,-4.46,-4.82
196908,7.77,8.27,7,4.85,4.43,5.88,3.55,3.67,1.16,0.31
196909,0.01,-2.95,0.12,-1.89,-1.83,-4.05,-6.19,-4.34,-3.85,-1.68
196910,6.01,6.88,7.15,5.42,6.85,3.61,4.83,3.25,5.9,3.83
196911,-1.1,-4.02,-2.05,-3.01,-3.91,-3.6,-5.11,-2.69,-4.96,-4.08
196912,0.14,-0.18,0.1,-1.4,-1.85,-3.24,-1.75,-3.95,-2.01,-3.21
197001,-8.24,-8.5,-7.21,-9.33,-6.94,-8.88,-10.55,-5.15,-4.51,-3.65
197002,2.43,4.72,7.36,6.13,5.69,7.29,7.81,5.95,8.5,7.37
197003,-2.63,-2.54,-2.45,-0.69,1.43,0.5,0.67,2.32,2.02,3.79
197004,-12.44,-10.55,-10.98,-12.37,-8.99,-8.36,-9.23,-7.18,-8.14,-6.19
197005,-8.14,-10.56,-8.05,-7.24,-7.18,-4.52,-3.71,-1.66,-5.17,-4.35
197006,-9.48,-4.43,-3.93,-4.05,-1.03,-0.71,-5.16,-5.73,-5.33,-5.05
197007,2.85,5.21,6.95,10.16,8.3,9.02,11.09,10.67,7.26,6.78
197008,5.6,3.4,3.92,2.58,5.57,5.87,3.86,7.74,6.52,4.52
197009,9.32,5.78,4.71,3.33,1.92,3.14,0.37,0.96,2.12,5.36
197010,-0.56,-0.4,-2.21,-1.62,-3.1,-1.09,-2.37,-0.04,-2.35,-4.55
197011,4.06,5.33,5.66,3.4,4.36,5.91,5.49,7.2,7.95,4.45
197012,4.15,5.89,6.09,8.22,8.54,5.77,6.94,5.92,7.61,7.25
197101,5.26,3.97,6.39,4.93,5.09,4.58,6.57,0.56,6,7.89
197102,2.85,1.69,2.57,3.1,0.58,2.17,-1.87,1.9,1,2.24
197103,6.89,4.89,5.49,4.01,4.56,3.62,0.96,3.57,1.79,2.6
197104,3.14,4.27,4.56,4.16,1.92,4.3,2.25,3.55,2.63,5.18
197105,-3.72,-1.48,-3.04,-3.88,-2.63,-4.59,-5.16,-4.34,-4,-3.94
197106,1.6,0.06,1.27,1.03,-1.27,1.74,0.87,-1.19,1.44,-2.7
197107,-5.66,-5.89,-2.21,-3.46,-6.06,-1.64,-2.92,-3.11,-2.6,-2.71
197108,3.7,5.37,6,7.38,5.52,4.77,6.06,-1.06,-1.19,4.22
197109,0.88,-0.76,1.22,-0.62,-1.29,-1.01,-0.27,-1.39,0.06,-3.49
197110,-5.02,-3.29,-4.43,-3.63,-5.09,-5.99,-4.46,-3.3,-2.15,-1.32
197111,0.9,0.76,1.14,0.58,-1.97,-0.94,-0.1,-0.03,-0.63,-0.43
197112,10.24,10.5,9.49,7.89,9.95,8.48,6.42,9.36,7.68,7.63
197201,4.01,4.6,1.27,1.43,1.53,2.22,1.08,-0.72,1.39,4.13
197202,7.91,3.92,7.09,2.17,2.68,3.4,0.31,1.12,-0.49,0.1
197203,1.54,1.74,1.58,2.84,-1.21,0.12,3.62,-2.63,-2.01,-0.39
197204,2.26,0.9,0.82,2.54,1.15,0.3,-0.02,-0.33,-1.31,-1.68
197205,5.55,3.25,3.19,0.25,-0.58,-0.36,-1.92,1.97,1.48,-1.53
197206,-0.94,-1.71,-0.46,-2.82,-5,-2.25,-2.69,-2.27,-2.08,-1.91
197207,-0.47,2.75,0.22,-1.25,-0.79,-2.26,-1.81,-0.5,-0.22,-0.62
197208,0.62,-0.06,0.47,4.65,5.58,7.63,5.69,9.47,7.91,3.51
197209,-0.54,0.66,-0.89,-1.82,-3.12,-2.26,-1.6,-0.01,1.04,-0.13
197210,0.79,-0.25,1.46,1,1.2,-0.34,0.9,0.01,3.25,3.91
197211,0.56,1.85,3.84,5.68,5.34,7.66,10.89,7.63,7.75,7.75
197212,3.53,3.29,1.92,1.69,-0.38,-1.44,0.28,-0.01,0.29,-3.22
197301,-3.85,0.82,-3.07,-5.58,-5.34,-4.74,-5.92,0.06,0.44,-1.7
197302,-4.39,-1.29,-3.12,-4.33,-5.46,-5.01,-4.74,-6.89,-4.01,-1.29
197303,-2.06,0.47,-2,-1.16,-3.52,-0.58,-0.24,1.8,1.43,-1.9
197304,-7.98,-5.95,-4.8,-6.45,-4.77,-4.18,-3.9,-1.57,0.02,0.45
197305,-0.06,-1.25,0.04,-3.01,-1.61,-1.1,-3.11,-4.83,-1.72,-1.12
197306,-1.1,-0.01,-0.09,-1.46,-2.81,-1.75,-4.25,-0.12,0.93,-0.87
197307,5.86,5.66,10.15,5.25,2.44,8.14,1.39,5.37,1.28,-0.16
197308,-3.43,-3.57,-1.87,-1.97,-3.81,-1.04,-3.7,-4.53,-3.24,-0.88
197309,1.78,-1.84,8.18,11.69,8.45,10.5,9.23,11.47,7.44,5.29
197310,-0.8,2.65,0.89,1.51,-1.31,1.93,-3.8,-0.1,-3.86,-1.25
197311,-12.11,-10.39,-10.28,-13.43,-11.21,-13.33,-10.3,-14.09,-12.68,-8.34
197312,-1.26,-2.32,1.08,4.11,6.2,7.83,5.32,1.86,1.99,1.14
197401,-3.67,-0.34,-3.61,-0.08,-2.75,-0.65,3.02,7.06,6.55,6.07
197402,-2.26,-0.24,0.93,1.35,-1.04,0.42,2.51,3.45,0.23,2.14
197403,-1.05,-1.42,-3.34,-3.53,-3.27,-1.51,-2.57,-2.13,-1.58,-3.83
197404,-4.32,-2.19,-4.9,-4.71,-4.12,-5.76,-4.11,-3.97,-5.58,-10.26
197405,1.14,-2.99,-5.04,-6.57,-6.35,-6.5,-2.71,-4.21,-1.43,-6.28
197406,-1.81,-0.85,-1.01,-1.11,-2.79,-1.86,-0.68,-1.43,-3.38,-5.08
197407,-11.64,-10.67,-8.61,-5.02,-3.3,-3.23,-3.53,-1.94,-0.84,-6.02
197408,-9.95,-9.05,-10.92,-12.78,-10.17,-10.45,-3.75,-6.46,-7.09,-5.63
197409,-16.45,-15.57,-11.68,-6.75,-9.25,-5.17,-7.05,-7.22,-3.21,-4.7
197410,22.97,20.95,20.48,16.76,21.27,12.52,12.84,10.32,8.73,1.34
197411,-4.65,-4.76,-2.27,-2.79,-5.4,-1.6,-4.6,-3.83,-1.68,-3.54
197412,-4.28,-4.36,-4.56,-1.36,0.16,-2.98,1.93,0.23,-1.9,-4.05
197501,7.68,11.73,13.69,11.95,13.11,18.58,13.49,19.38,18.36,28.26
197502,9.45,10.63,7.79,2.13,3.24,0.93,3.66,1.85,1.2,1.29
197503,4.19,3,3.04,4.44,5.91,5.34,0.49,-0.13,0.32,2.84
197504,6.5,4.56,5.98,8.83,5.14,3.97,2.82,1.47,-1.41,1.66
197505,4.89,5.99,5.36,3.89,4.99,4.18,5.21,9.06,6.1,5.9
197506,3.32,2.15,6.91,6.57,5.64,7.67,6.03,5.63,7.42,11.25
197507,-8.32,-8.5,-8.18,-5.76,-4.07,-5.2,-2.68,-4.09,-3.91,-2.66
197508,-4.25,-2.67,-1.05,-2.07,-1.4,-2.47,-2.3,-2.84,-0.68,-0.48
197509,-6.7,-5.17,-3.16,-3.52,-4.76,-3.29,-1.19,-1.33,-2.68,-2
197510,3.81,8.01,7.14,5.22,5.59,6.8,5.38,5.62,4.91,6.16
197511,0.35,3.98,4.31,3,3.21,4.52,2.23,3.75,2.64,3.84
197512,-2.48,-2.91,-1.89,-1.91,-0.35,0.18,1.04,1.04,-0.29,0.35
197601,13.21,10.07,12.68,13.9,15.7,14.61,10.55,11.2,13.73,10.33
197602,-2.32,-2.6,0.03,2.54,3.03,3.56,1.59,1.92,0.47,-0.64
197603,0.52,5.27,2.76,1.57,0.37,1.51,4.6,2.79,3.5,0.88
197604,-2.53,-3.05,-1.98,-0.01,0.29,-2.07,0.16,0.92,1.1,1.45
197605,-0.36,-3.26,-0.04,-0.15,0.67,-0.42,1.02,-1.57,-2.33,-1.61
197606,5.84,2.65,5.71,5.54,2.85,5.84,3.72,4.32,4.82,3.46
197607,-2.18,-1.09,-1.39,-1.65,-2.29,-0.34,1.11,0.61,1.47,2.53
197608,-1.99,-1.12,0.3,-0.39,-2.24,-0.77,-0.07,0.99,3.61,4.08
197609,3.52,1.29,2.01,1.36,1.64,4.75,3.43,2.81,2.2,3.85
197610,-3.85,-1.66,-3.22,-1.67,-1.81,-0.93,-3.77,-1.23,0.62,-0.44
197611,0.24,-1.69,0.62,-0.98,1.33,1.02,1.25,2.79,2.27,2.94
197612,3.94,3.92,4.88,6.83,7.49,8.87,6.49,8.23,5.32,5.89
197701,-7.76,-7.78,-5.35,-6.07,-3.79,-3.79,-0.54,0.44,0.39,1.37
197702,-3.67,-1.86,-0.79,-0.45,-0.3,-2.23,-1.64,-1.36,-0.57,-2.46
197703,-2.42,-1.55,-0.52,-0.95,0.42,-2.28,-0.56,-0.9,-1.13,0.53
197704,-1.18,-1.39,-1.55,0.59,1.24,2.68,1.15,3.06,1.26,2.1
197705,-0.1,-2.84,-3.06,-1.91,-2.33,-1.06,-0.36,-0.33,1.85,0.98
197706,8.52,5.62,5.91,4.14,3.5,4.17,4.55,3.6,3.33,4.96
197707,-1.88,-1.9,-2.04,-1.31,-1.16,-3.05,-0.43,-1.98,-0.3,0.48
197708,0.29,-1.19,0.79,-0.08,0.01,-2.17,-3.31,-4.13,-2.75,-1.46
197709,0.25,0.86,-0.27,-0.84,-1.36,-0.87,-0.23,0.54,2.02,1.81
197710,-5.54,-5,-4.17,-3.66,-4.3,-3.12,-3,-3.01,-3.95,-2.71
197711,7.28,6.54,5.15,4.15,4.38,5.43,4.72,3.36,2.32,2.33
197712,1.65,2.37,-0.16,-0.61,0.67,1.09,0.46,1.19,1.39,-0.47
197801,-7.74,-6.99,-6.47,-6.35,-5.34,-6.34,-6.26,-4.67,-4.25,-3.58
197802,-2.02,-1.72,-1.85,-1.53,-1.97,-0.7,-2.26,-0.99,1.68,0.24
197803,2.77,6.34,3.11,3.29,0.75,4.43,4.71,3.53,2.88,2.84
197804,11.05,10.58,12.16,11.9,10.89,8.54,8.41,7.3,2.66,1.24
197805,4.47,4.63,3.35,2.57,1.72,2.93,2.35,0.66,0.23,-1.04
197806,-0.46,-0.32,-0.14,-2.32,-1.61,-1.14,-1.7,-3.01,-1.31,0.04
197807,8.57,8.09,6.5,7.4,7.52,5.68,4.48,3.71,2.82,3.42
197808,6.55,5.45,4.25,3.92,4.66,4.04,3.88,4.97,3.66,1.1
197809,-2.99,-1.99,-2.08,-2.53,-2.9,-0.86,0.23,0.96,2.32,0.52
197810,-17.74,-13.65,-12.01,-11.96,-8.89,-10.64,-11.48,-10.65,-7.32,-6.76
197811,6.91,4.41,3.35,2.62,3.35,2.43,2.4,2.76,2.83,2.51
197812,3.44,2.14,2.42,3.07,4.86,0.68,0.1,2.47,0.27,-1.82
197901,3.97,3.64,3.6,5.26,4.57,5.27,6.15,4.68,4.9,5.92
197902,-4.78,-5.2,-3.37,-3.92,-3.17,-3.41,-1.91,-2.01,-1.02,-2.16
197903,10.61,7.43,5.88,6.67,5.47,5.57,8.53,8.57,4.14,2.75
197904,1.71,0.76,1.07,0.66,0.05,1.7,0.67,2.03,0.02,-0.98
197905,-2.73,-0.91,-2.57,-0.16,-1.96,-1.08,-2.21,-1.43,-1.57,0.76
197906,6.13,4.86,6.11,3.61,1.69,4.77,5.62,5.99,4.03,4.19
197907,2.18,2.66,2.87,0.69,-0.11,0.81,3.14,2.26,1.43,0.6
197908,9.63,8.09,7.41,7.03,5.15,7.23,7.2,6.43,3.78,2.04
197909,2.16,1.26,0.19,-0.03,-0.62,-1.61,1.68,0.34,-1.22,-1.53
197910,-6.42,-6.22,-7.76,-7.66,-6.81,-7.97,-7.78,-6.62,-6.1,-7.69
197911,11.2,8.15,8.55,7.16,6.02,5.76,4.59,3.73,4.15,1.86
197912,6.13,5.59,3.48,4.33,1.13,3.46,4.04,0.39,-0.37,-2.49
198001,9.3,8.05,7.35,7.11,5.71,6.33,6.17,5.18,3.73,1.2
198002,1.58,-2.46,-1.59,-1.76,-0.35,-2.11,3.61,-1.18,2.12,-5.25
198003,-16.55,-12.67,-12.36,-11.85,-10.73,-9.89,-12.28,-9.78,-8.83,-4.14
198004,7.55,4.73,2.84,2.37,3.18,5.18,5.47,4.52,6.95,9.76
198005,6.66,6.39,5.96,7.05,5,5.96,5.64,8.42,5.54,3.61
198006,6.8,3.36,2.77,3.15,5.23,4.25,2.59,2.91,0.79,3.75
198007,10.81,9.23,6.29,5.8,9.18,6.13,8.07,5.95,6.14,0.63
198008,5.89,4.55,1.97,0.22,0.35,1.47,1.54,2.32,-0.2,1.93
198009,5.26,6.7,8.85,3.3,2.22,2.09,-0.05,0.26,-0.47,-2.11
198010,1.85,4.94,5.52,3.08,-0.98,0.16,1.76,2.88,-1.15,-2.93
198011,17.51,14.4,18.18,12.41,8.02,9.83,8.49,8.36,1.18,-2.49
198012,-4.48,-5.64,-6.11,-5.3,-2.04,-0.77,-1.58,-2.25,0.27,2.06
198101,-7.13,-8.35,-8.39,-5.61,-1.58,-2.24,-3.68,0.75,0.41,3.74
198102,1.67,1.48,0.45,1.93,3.07,4.2,2.27,0.89,2.43,1.69
198103,5.97,4.17,3.95,1.79,7.1,4.47,2.88,3.27,9.35,3.21
198104,-1.31,-2.44,-5.21,-1.16,-0.26,-1.03,-2.2,0.31,2.48,2.53
198105,2.28,0.72,-0.57,-1.42,-0.08,0.42,1.04,0.57,0.76,4.61
198106,-5.31,-2.72,1.23,0.87,-0.1,-0.19,0.29,1.93,0.62,0.81
198107,1.54,0.96,-0.02,-0.67,0.33,-0.19,0.14,-3.39,0,0.97
198108,-7.94,-6.65,-7.29,-4.73,-7.03,-6.39,-5.38,-4.46,-4.4,0.64
198109,-8.73,-7.67,-5.79,-8.17,-6.8,-7.16,-5.01,-3.66,-4.12,0.14
198110,11.76,10.93,8.81,7.9,6.08,1.82,4.86,2.96,2.42,4.98
198111,2.27,3.35,4.35,7.55,4.3,5.34,5.73,4.75,5.83,4.54
198112,-3.71,-4.05,-3.35,-4.43,-1.51,-2.13,-2.38,-1.25,-2.68,-2.17
198201,-3.68,-4.43,-3.43,-3.87,-5.02,-3.75,-3.05,1.97,-1.92,1.8
198202,-8.67,-6.59,-6.18,-5.27,-6.9,-6.02,-4.35,-1.08,-2.92,-1.28
198203,-2.48,-2.91,-1.06,-1.59,-0.04,-0.34,-1.03,-2.04,1.12,2.71
198204,6.67,5.03,5.86,6.47,5.43,4.38,3.52,4.57,2.62,1.64
198205,-5.17,-5.44,-3.96,-2.3,-2.89,-0.75,-2.31,-3.85,-1.08,-0.37
198206,-4.76,-2.55,-1.63,2.57,-1.86,-3.17,-1.81,-1.11,-1.48,-2.09
198207,-1.05,-0.64,-2.79,-2.4,-2.36,1.32,-3.34,-5.45,-3.23,-1.12
198208,11.74,11.24,9.54,10.93,12.71,10.58,13.36,14.45,12.56,12.34
198209,3.43,1.6,2.18,3.16,2.07,2.97,2.39,1.16,2.15,-0.67
198210,15.13,12.63,11.7,13.13,12.09,10.5,12.98,12.85,8.45,5.99
198211,8.09,8.18,6.01,4.43,5.29,5.33,4.81,3.38,1.91,1.97
198212,0.64,1.95,1,-0.25,0.91,4.58,0.13,0.15,2.42,2.33
198301,3.32,3.48,2.45,2.46,3.19,2.41,1.58,4.55,3.21,7.48
198302,4.8,4.33,3.85,4.77,3.3,1.67,4.5,3.6,2.78,0.17
198303,2.38,4.98,4.31,4.6,1.76,3.66,6.46,4.69,4.64,1.1
198304,5.52,5.48,7.02,5.8,7.36,10.23,8.52,8.74,7.13,6.79
198305,5.3,0.77,2.73,1.31,-2.32,-0.91,-0.63,1.96,1.09,-0.59
198306,6.17,6.08,5.45,3.59,6.11,5.1,2.73,1.89,1.37,-1.79
198307,-5.5,-4.77,-3.13,-5.75,-3.12,-2.88,-2.8,-1.83,-1.03,0.65
198308,-2.08,-2.45,-2.32,-2.39,-0.06,-0.05,2.11,3.3,4.06,4.35
198309,-0.3,0.93,2.25,2.9,4.07,1.1,3.48,0.92,1.49,2.07
198310,-8.45,-5.1,-2.46,-2.74,-1.48,0.03,-0.75,-1.7,0.05,1.44
198311,4.92,4.7,1.75,3.79,0.33,3.28,4.2,3.62,1.36,0.31
198312,-1.45,-1.58,-1.55,-1.57,1.3,-0.48,-0.32,0.19,0.25,-3.53
198401,-5,-5.86,-4.09,-3.12,-3.86,2.63,-1.8,0.56,3.63,3.75
198402,-6.29,-5.57,-6.19,-5.61,-3.87,-4.41,-3.45,-3.32,0.23,-2.42
198403,1.9,2.3,2.64,3.1,2.35,0.34,2.9,2.44,0.48,-2.16
198404,0.67,-0.68,0.96,0.13,-0.05,0.53,0.1,1.03,1.43,1.64
198405,-4.93,-6.92,-6.94,-5.08,-4.91,-5.63,-5.06,-4.31,-6.15,-1.91
198406,4.53,4.6,3.88,4.2,1.09,2.86,3.97,1.12,0.16,5.11
198407,-3.36,-1.73,-2.14,-3.04,1.02,-2.64,-1.94,-1.68,-3.4,1.4
198408,12.63,13.15,12.1,11.35,10.61,11.26,9.82,10.67,13.16,7.35
198409,-1.71,-3.94,-1.51,-1.36,-0.06,-0.17,-1.23,1.74,2.57,6.25
198410,-1.28,0.03,-1.23,1.52,1.15,1.17,1.57,-0.05,-1.82,4.25
198411,-3.45,-3.96,-1.76,-0.25,-1.44,0.03,-0.39,-1.27,0.77,3.26
198412,1.77,3.94,2.89,2.86,2.14,2.13,2.26,2.56,2.57,2.53
198501,12.09,10.56,12.36,9.18,8.36,9.61,6.45,7.43,6.51,2.53
198502,1.89,0.31,1.41,3.39,1.06,1.72,2.13,2.21,2.85,0.89
198503,-1.98,-0.92,1.21,0.36,-2.08,-0.57,0.5,-0.75,1.88,4.37
198504,-0.81,-3.16,-2.21,-1.06,-1.11,0.17,-1.43,1.73,1.94,2.04
198505,6.02,6.77,8.29,7.14,5.06,6.42,5.55,5.64,4.87,5.75
198506,2.81,1.77,2.69,0.74,-0.09,1.54,1.91,1.48,1.99,3.62
198507,0.29,-0.26,0.97,1.36,-0.52,2.5,-0.18,-1.26,-2.02,-3.5
198508,-1.62,-0.3,-0.83,-1.1,1.2,-2.01,-0.59,-0.22,0.81,1.72
198509,-6.53,-5.64,-4.24,-4.86,-1.21,-3.11,-2.83,-2.58,-2.54,-4.81
198510,4.55,3.31,4.33,4.99,5.09,3.65,4.72,4.84,5.21,7.03
198511,7.86,8.09,7.65,6.16,9.39,9.12,8.62,6.42,4.99,2.84
198512,3.92,4.06,5.64,4.35,2.48,7.75,4.33,4.68,3.64,3.75
198601,2.43,1.92,3.39,1.89,1.48,-0.6,2.74,-1.66,-1.23,3.28
198602,8.28,8.61,7.88,9.18,10.76,6.04,9.2,8.11,5.15,7.29
198603,5.98,5.9,5.55,6.77,7.12,3.98,7.58,5.97,5.63,3.42
198604,-0.06,-0.95,0.11,-2.28,-1.16,-0.32,-0.72,-1.15,-1.61,-3.09
198605,7.23,4.78,5.28,5.11,6.83,3.08,6.79,6.31,5.11,3.34
198606,1.83,1.5,0.98,1.33,3.3,0.29,3.29,2.21,2.01,2.71
198607,-8.28,-8.18,-6,-6.3,-5.77,-7.9,-4.92,-6.62,-0.44,-0.55
198608,3.5,5.97,4.12,5.01,5,6.21,7.66,6.38,10.23,12.06
198609,-10.08,-10.55,-10.02,-9.55,-8.29,-7.09,-8.97,-6.01,-7.25,-6.19
198610,6.2,5.82,6.4,6.97,5.56,2.82,5.59,6.62,4.45,3.97
198611,1.29,0.14,1.78,1.05,0.38,2.52,2.54,3.55,1.52,2.05
198612,-2.79,-2.17,-0.7,-3.75,-2.6,-2.39,-2.59,-3.72,-1.88,-2.8
198701,13.56,11.07,14.47,12.52,13.81,12.83,13.82,11.27,10.89,10.89
198702,10.53,8.19,7.38,7.66,5.64,4.11,3.55,3.27,-1.39,-1.49
198703,1.5,0.68,0.38,1.61,1.99,3.09,1.72,2.05,3.45,3.91
198704,-2.17,-2.33,-1.35,-2.86,-4.96,0.27,-0.5,-1.54,-1.55,-0.91
198705,1.95,1.49,1.49,1.07,-0.86,0.1,0.23,1.07,1.16,-0.25
198706,5.05,3.71,4.16,6.23,5.24,4.87,6.15,5.35,5.03,4.08
198707,5.15,7.44,6.04,5.69,5.51,5.48,3.59,3.02,3.57,-1.54
198708,5.94,3.33,4.26,2.96,2.3,2.64,6.11,4.15,4.25,3.72
198709,-3.69,-0.84,-1.64,-1.2,-0.6,-1.95,-4.52,-3.65,-1.57,-1.67
198710,-26.73,-25.93,-23.51,-23.93,-25.15,-24.01,-20.97,-20.35,-15.1,-6.84
198711,-8.17,-7.5,-8.07,-7.22,-7.61,-6.67,-8.07,-8.34,-7.36,-2.81
198712,11.08,10.49,6.93,8.4,8.05,9.13,6.08,6.11,3.6,0.27
198801,1.82,1.17,0.44,3.82,4.3,4.71,3.05,7.74,9.64,10.19
198802,6.03,7.68,8.11,6.7,5.83,5.9,4.63,4.71,1.88,-1.6
198803,-1.74,-1.55,-2.43,-1.85,-2.39,-2.34,-3.19,-0.83,-2.95,-3.09
198804,0.45,0.57,-0.55,-0.57,0.09,1.42,0.7,2.95,1.64,-0.77
198805,-0.34,-0.37,-0.1,0.1,0.34,-0.21,0.04,0.25,2.58,3.98
198806,6.19,7.5,4.55,5.87,5.91,5.54,7.18,2.29,2.45,2.55
198807,-1.34,-2.79,-1.93,-0.84,-1.79,-1.27,-0.78,2.35,0.49,-0.02
198808,-5.06,-4.01,-2.65,-2.65,-0.7,-2.22,-4.67,-0.89,-1.95,-0.74
198809,5.35,5.1,3.7,4.35,3.36,6.13,4.03,2.37,4.12,2.31
198810,-0.99,1.22,1.04,1.11,1.34,1.96,4.44,3.91,2.97,1.38
198811,-2.25,-2.65,-2.45,-2.57,-3.04,-1.06,-1.3,-0.4,-0.88,-0.74
198812,4.11,3.59,3.87,0.81,2.44,2.18,1.73,0.94,0.53,1.1
198901,5.98,6.7,5.02,8.26,6.33,6.94,7.2,6.42,6.16,4.03
198902,-1.72,-1.72,-1.62,-2.03,-1.7,-2.23,-2.41,-1.31,-2,-0.81
198903,1.7,1.69,2.81,3.38,2.62,2.14,0.35,3.62,3.27,0.73
198904,6.64,5.39,4.7,6.03,4.12,6.43,3.84,3.81,5.5,2.91
198905,3.74,6.34,4.41,3.74,3.27,5.74,2.14,3.1,4.25,4.96
198906,-0.95,-0.08,-0.01,-1.21,-2.53,-0.75,-0.28,0.55,-0.39,3.56
198907,8.42,8.49,7.88,12.83,9.58,10.31,8.7,5.81,5.7,5.74
198908,2.02,1.88,0.02,0.78,2.42,2.89,4.39,1.71,1.91,-0.36
198909,0.77,2.36,-0.85,0.78,-2.61,-2.13,0.26,-1.44,0.65,0.63
198910,-2.46,-3.92,-4.24,-1.22,-2.25,-2.74,-3.48,-4.96,-0.56,0.47
198911,1.51,2.15,1.51,3.51,1.71,3.08,1.32,0.39,2.37,2.32
198912,-0.79,-0.42,2.78,0.76,3.47,2.57,2.92,1.65,3.43,3.51
199001,-8.23,-8.75,-7.23,-7.61,-6.7,-7.05,-8.5,-5.3,-6.3,-5.33
199002,1.9,2.41,1.16,1.13,1.04,1.38,0.24,2.3,1.87,1.11
199003,3.68,3.01,2.66,3.79,3.21,3.43,2.06,1.13,1.13,-0.57
199004,-1.68,-1.42,-2.69,-0.83,-2.26,-1.62,-4,-3.41,-3.48,-4.7
199005,12.42,9.98,9.57,11.94,10.39,7.83,8.06,7.92,6.77,5.19
199006,0.23,0.58,0.04,2.09,-0.04,0.6,-3.72,-1.82,-1.68,0.14
199007,-4.77,-2.11,1.18,-0.98,-1.05,0.48,0.76,0.49,-2.55,0.11
199008,-10.65,-9.6,-8,-10.19,-10.2,-9.55,-7.72,-7.23,-9.88,-6.95
199009,-7.77,-7.17,-5.45,-6.76,-6.19,-5.75,-1.64,-1.87,-6.33,-4.73
199010,-4.53,-1.46,0.85,-1.86,-1.32,-0.19,-1.2,0.47,0.39,1.62
199011,7.74,7.28,7.75,7.67,6.62,6.96,6.09,5.66,4.73,4
199012,4.58,4.55,3.39,5.33,4.8,3.56,1.2,2.56,0.2,0.81
199101,8.18,6.15,2.79,4.56,7.86,6.01,2.21,1.54,3.71,1.29
199102,9.33,9.54,7.93,7.83,9.08,5.49,6.17,5.24,8.49,7.82
199103,3.37,3.93,4.13,3.15,4.04,3.3,-0.6,3.72,1.93,1.9
199104,0.54,-0.35,-0.64,-0.33,-0.32,1.59,0.46,0.82,0.44,1.63
199105,5.09,3.65,3.89,5.32,6.23,5.87,3.08,2.05,5.3,-0.06
199106,-4.62,-5.58,-5.45,-3.59,-4.86,-2.59,-4.27,-2.8,-3.17,-3
199107,5.61,4.85,7.49,3.77,3.81,3.49,5.04,4.24,2.73,3.75
199108,2.89,3.18,2.4,2.41,4.12,1.98,2.54,1.17,2.05,3.37
199109,-2.32,-3.42,-0.99,-2.16,-3.15,-2.3,-0.81,0.22,1.68,0.9
199110,0.72,2.59,3.01,2.69,-0.25,2.7,1.16,1.42,1.1,-0.05
199111,-0.4,-2.87,-0.98,-3.38,-4.84,-7.32,-4.7,-5.04,-2.5,-2.03
199112,14.7,12.51,14.89,14.04,15.01,10.29,10.15,6.05,6.79,6.17
199201,-1.19,1.87,-3.56,-3.11,-0.47,-1.17,-0.91,-1.24,-1.34,0.99
199202,2.18,-0.84,0.58,0.66,1.63,2.43,2.08,0.44,0.67,3.16
199203,-2.68,-2.88,-2.57,-1.92,-2.03,0.47,-0.83,-2.01,-1.3,0.03
199204,-3.05,1.29,0.6,-0.02,1.65,4.66,2.58,6.59,6.5,4.8
199205,1.58,-0.09,2.73,0.91,-0.27,-0.42,0.33,1.06,-0.28,1.94
199206,-1.94,-2.51,-4.92,-1.21,-2.28,-2.79,-2.4,0.16,2.73,0.5
199207,3.29,4.6,4.86,5.46,2.43,2.9,2.2,4.12,5.19,6.84
199208,-1.57,-2,-2.09,-2.3,-2.22,-1.85,-4.88,-0.96,-0.74,-0.94
199209,3.7,-0.14,-0.04,2.13,1.89,3.16,-1.08,1.39,-0.33,0.5
199210,3.62,3.09,1.7,3.8,2.3,-0.86,1.05,-0.37,-3.78,-0.17
199211,5.85,4.4,4.03,3.94,4.35,6.1,4.82,1.04,0.46,0.37
199212,2,1.77,0.03,0.02,1.93,2.16,1.26,3.2,1,2.82
199301,1.53,1.93,-1.44,-1.46,0.37,1.31,1.66,-0.86,2.46,2.85
199302,-1.58,0.26,-2.24,-0.1,0.7,-0.08,1.61,2.91,6.66,4.56
199303,3.05,2.27,1.71,1.11,1.11,2.01,3.93,4.22,1.71,1.17
199304,-7.27,-4.98,-1.72,-2.57,-0.89,-4.51,1.23,-0.68,-2.04,0.14
199305,4.85,5.53,1.32,2.06,1.62,3.81,0.86,1.34,1.42,-0.34
199306,-1.75,-0.35,-0.73,0.2,-0.54,1.4,0.06,1.25,2.44,2.51
199307,-0.19,-0.05,-0.86,0.92,-1.61,-0.11,-0.34,0.78,0.66,0.96
199308,4.74,4.45,4.13,2.96,2.58,2.44,3.22,5.12,3.8,3.09
199309,1.57,-0.2,0.64,-0.31,-2.06,-1.91,-0.27,-0.82,0.72,-1.36
199310,1.93,2.93,2.03,-1.37,2.99,-0.03,0.94,1.15,1.38,-0.2
199311,-1.99,-1.23,-2.17,-1.37,0.75,0.86,-1.23,-2.36,-2.81,-1.95
199312,0.01,3.55,2.15,3.92,0.87,4.29,2.91,1.08,-0.1,2.15
199401,3.76,4.31,1.94,4.17,3.17,3.13,2.61,5.3,2.75,-1.45
199402,0.68,-1.3,-0.8,-3.38,-3.35,-1.11,-3.64,-3.09,-4.27,-4.7
199403,-5.31,-3.38,-4.04,-4.02,-4.92,-3.76,-3.93,-2.99,-4.04,-2.81
199404,-1.51,-0.86,-0.05,2.34,2.16,-0.55,2.3,2.72,2.7,2.14
199405,1.04,0.47,0.64,1.15,2.01,2.42,2.71,3.49,0.44,-3.04
199406,-3.02,-3.8,-3.24,-2.09,-1.99,-2.7,-1.31,-2.67,-0.53,-4.35
199407,3.89,0.69,2.71,4.06,2.46,2.99,3.49,2.24,2.93,5.18
199408,3.98,5.05,5.36,3.63,3.16,4.38,4.26,4.71,3.19,1.04
199409,-2.63,-3.59,-2.71,-2.13,-2.14,-2.75,-3.02,-1.31,-2.47,-2.18
199410,2.86,1.84,2.22,1.36,1.98,0.25,0.14,0.6,2.74,1.57
199411,-3.79,-3.94,-4.54,-2.59,-4.46,-4.54,-5.27,-3.03,-2.89,-0.09
199412,0.45,1.18,1.24,2.89,1.6,2.55,3.27,0.98,0.14,0.71
199501,3.26,1.8,2.15,0.43,1.75,1.39,1.59,2.99,5.41,6.71
199502,4.47,5.02,6.16,4.11,4.73,4.31,5.95,4.23,2.52,-0.16
199503,2.77,3.25,3.08,3.35,2.74,3.01,2.03,2.93,2.18,-1.25
199504,1.49,1.09,1.84,4.09,2.33,3.09,3.89,1.56,3.49,2.29
199505,3.95,3.31,2.46,3.31,3.86,3.4,3.71,5.6,2.97,4.55
199506,5.87,4.09,4.41,2.99,1.56,2.19,1.7,0.1,0.68,-0.37
199507,6.2,3.49,5,3.91,2.9,2.65,3.2,3.07,2.46,0.44
199508,0.34,-0.45,-1.28,0.33,-1.06,1.65,1.48,2.73,1.27,1.58
199509,2.27,1.92,2.1,4.31,3.43,6.87,5.25,3.93,5.44,6.01
199510,-1.36,-3.1,0.05,-1.66,-0.77,-0.99,-1.96,-0.54,1.57,1.46
199511,2.01,3.89,4.75,6.05,5.04,6.52,6.87,4.81,4.04,0.6
199512,-2.34,-0.13,-0.62,0.49,2.07,0.91,3.82,3.65,4.58,5.51
199601,2.5,0.83,5.86,4.91,2.44,4.27,4.81,2.28,1.24,0.98
199602,1.51,5.51,4.74,2.21,-0.79,-0.74,0.57,2.23,-0.41,-2.95
199603,0.49,1.02,1.21,1.85,3.07,0.32,3.35,3.35,-0.68,-1.82
199604,3.3,3.87,0.63,0.92,1.84,0.22,0.03,-0.07,1.8,-1.37
199605,2.91,2.27,5.23,2.87,2.08,2.44,2.6,1.4,2.38,0.21
199606,-1.55,-2.33,-0.04,1.88,-0.27,0.88,0.9,-0.28,2.28,4.46
199607,-4.77,-7.56,-3.75,-4.2,-4.52,-5.53,-2.11,-3,-3.22,-5.47
199608,4.65,4.47,3.58,2.69,2.58,2.39,3.65,1.31,0.65,1.04
199609,8.61,3.67,4.43,7.07,7.11,5.3,4.94,4.37,2.45,0.98
199610,2.07,-1.91,1.52,1.77,3.31,1.38,4.36,4.96,4.17,3.16
199611,7.49,7.65,7.04,7.87,7.75,8.16,6.57,6.43,6.52,3.18
199612,-0.58,-3.14,0.56,-3.74,-2.16,-1.22,-2.06,-0.19,0.16,0.73
199701,7.12,4.08,5.95,5.46,5.96,5.6,6.14,5.98,2.92,0.85
199702,-3.07,0.77,-0.76,0.59,2.75,2.13,2.79,1.95,3.49,1.94
199703,-4.64,-0.82,-5.52,-4.63,-3.12,-5.63,-4.38,-1.63,-5.46,-4.78
199704,7.8,2.62,8.38,8.63,5.68,4.56,5.72,3.24,3.13,-1.44
199705,5.65,5.22,6.84,5.93,6.3,5.54,5.78,6.03,5.68,4.22
199706,3.05,5.02,3.07,7.51,5.19,5.37,6.2,4.16,3.05,3.72
199707,11.09,6.64,10.19,7.1,6.92,5.53,7.71,7.47,5.58,1.8
199708,-3.32,-7.84,-5.97,-6.77,-7.51,-5.5,-3.27,-3.65,-1.02,-0.87
199709,4.56,4.5,7.75,6.18,6.14,5.43,4.98,6.25,5.29,4.62
199710,-4.63,-4.01,-2.37,-0.44,-4.19,-2.2,-4.41,-2.32,-1.73,1.03
199711,1.9,7.36,4.38,2.23,6.29,4.84,2.63,3.58,6.82,8.21
199712,0.98,1.89,1.31,3.87,2.75,2.73,4.09,2.58,4.12,7.62
199801,3.29,0.12,-0.95,-0.45,3.4,-0.5,0.23,-1.47,-1.58,-3.45
199802,9.09,8.42,9.06,6.35,6.28,6.69,5.88,6.84,4.46,2.75
199803,3.59,6.9,4.17,2.88,5.72,4.53,4.19,6.29,6.78,6.31
199804,3.05,1.59,6.4,1.45,-0.51,1.1,0.75,1.25,-3.4,-3.4
199805,-4.12,0.7,-4.39,-2.03,-2.08,-0.28,-1.71,-3.16,1.87,-1.04
199806,7.05,4.71,1.8,4.26,5.43,0.11,1.46,1.3,1.21,1.79
199807,1.69,0.29,-0.95,-5.87,-1.68,-4.16,-2.23,-0.77,-1.11,-3.22
199808,-19.42,-14.47,-18.72,-14.12,-13.8,-15.81,-14.71,-11.98,-7.41,2.82
199809,8.01,4.87,1.02,4.64,4.59,4.13,4.23,9.67,8.05,6.91
199810,7.89,8.59,13.73,11.59,8.82,7.79,8.98,5.01,5.51,0.07
199811,11.18,8.34,5.27,4.04,5.57,4.25,5.46,3.22,6.06,2.3
199812,15.25,8.8,2.23,2.37,3.82,3.29,2.4,4.36,-0.92,3
199901,7.46,3.63,2.58,1.3,-0.73,-1.99,-0.47,-0.48,-1.03,-6
199902,-5.95,0.36,-2.16,-3.59,-0.68,0.01,0.76,-2.83,-5.06,-5.68
199903,6.07,4.76,3.5,1.17,4.75,2.96,-1.77,0.36,-1.19,-1.96
199904,1.77,-1.67,6.93,4.2,0.91,8.23,9.58,11.14,9.36,5.61
199905,-5.09,-5.45,-0.65,0.78,-2.68,-2.48,-1.79,-2.1,0.41,7
199906,7,7.94,3.54,2.43,5.91,2.55,2.38,2.2,5.35,-2.91
199907,-3.15,-3.27,-4.27,-2.89,-3.04,-3.71,-2.16,-4.11,-2.12,-1.17
199908,0.15,-0.6,-1.28,1.99,-7.72,-1.26,-3.47,-3.25,-2.68,0.54
199909,-2.25,-2.48,-6.47,-3.44,-4.36,-5.48,-2.12,-3.99,-4.87,-4.16
199910,4.74,3.14,14.44,8.45,9.27,10.48,2.58,3.93,-3.01,0.66
199911,3.42,2.59,3.17,-1.74,0.39,-2.84,-1.41,-4.94,-2.54,-6.44
199912,8.32,4.54,-1.37,6.21,-6.21,-2.49,-2.17,-2.4,-3.3,-2.47
200001,-3.52,-3.43,-1.47,-6.83,0.58,-5.42,-3.45,-6.37,-3.1,1.43
200002,1.96,-0.72,-8.29,-5.87,-10.74,-9.39,-12.03,-10.56,-5.64,-8.37
200003,12.98,7.34,8.88,7.19,10.14,13.31,13.24,12.78,7.95,6.58
200004,-2.99,0.84,3.03,1.35,1.54,-1.66,-2.39,-0.59,0.78,10.06
200005,-3.09,-0.53,3.7,1.8,0.18,2.17,4.95,4.97,7.28,2.76
200006,1.8,4.22,1.49,1.16,-2,-8.78,-7.39,-8.34,-1.93,-5.59
200007,-2.61,0.37,0.04,-1.97,1.28,1.6,0.1,2.74,6.71,4.23
200008,5.37,8.66,3.06,4.7,1.77,3.9,5.15,8.12,6.86,11.45
200009,-13.48,-3.51,0.83,4.21,5.68,6.38,-1.23,3.2,1.66,5.64
200010,-0.57,-3.71,0.25,9.71,10.1,4.48,1.69,2.63,-1.68,3.05
200011,-8.62,-6.78,-1.94,0.53,-2.26,-2.06,-3.22,0.25,-3.91,2.5
200012,0.64,4.42,2.25,4.05,6.34,1.61,5.19,11.75,7.1,11.11
200101,4.19,3.56,-3.98,-5.72,-3.9,-0.79,3.6,-0.66,4.64,-1.11
200102,-12.88,-7.76,-3.4,1.69,1,-2.59,-0.59,0.41,0.5,3.12
200103,-5.09,-6.28,-8.02,-3.83,-2.89,-3.01,-2.86,-0.72,2.67,0.82
200104,7.99,6.67,8.49,2.5,1.61,3.23,6.24,4.45,5.61,3.68
200105,-1.69,-0.16,2,2.8,2.49,2.79,2.31,3.57,1.39,3.38
200106,-0.72,-4.09,-2.15,-6.5,-1.84,-2.85,-0.54,-1.45,-1.26,-0.37
200107,0.22,1.79,0.58,-2.75,2.87,1.67,5.48,0.41,-0.38,0.17
200108,-6.84,-7.14,-6.3,-4.88,-2.63,-2.22,-3.66,-2.93,-0.12,-2.13
200109,-13.34,-7.46,-6.24,-7.16,-3.79,-1.69,-1.63,-5.49,-4.77,-4.94
200110,3.06,5.07,3.39,1.06,-1.98,-2.54,-5.82,-2,-1.79,-1.29
200111,12.85,7.99,4.88,5.97,5.36,3.39,5.73,3.62,3.5,3.77
200112,1.71,4.67,0.27,2.08,0.93,0.51,3.53,2.03,2.16,1.13
200201,1.23,-1.08,-0.9,-1.03,-1.42,0.61,-0.85,-1.04,1.31,0.28
200202,-6.05,-1.52,-1.27,1.7,1.82,3.27,1.17,0.57,2.96,0.88
200203,3.86,3.64,5.05,2.72,3.06,1.13,3.78,5.63,5.48,7.51
200204,-3.75,-6.69,-6.44,-6.39,-4.19,-4.01,-3.74,-1.61,2.48,0.32
200205,-1.72,-2.58,-0.53,-1.13,-3.08,1.48,2.21,1.49,2.21,-1.25
200206,-10.21,-5.02,-7.42,-6.84,-6.94,-3.5,-5.17,-4.04,-6.85,-6.11
200207,-9.07,-8.67,-6.34,-9.7,-4.55,-7.87,-5.25,-1.81,-12.49,-5.61
200208,0.43,1.76,3.16,-0.12,1.95,1.34,-0.3,-2.26,0.62,6.12
200209,-8.75,-10,-13.71,-7.37,-7.92,-11.06,-9.6,-12.41,-12.82,-13.44
200210,7.79,8.59,14.71,6.35,4.65,7.65,6.64,6.72,9.35,1.43
200211,2.04,5.68,4.86,3.37,0.48,3.51,5.71,6.74,8.31,-0.4
200212,-6.49,-8.59,-6.65,-4.21,-3.02,-4.14,-3.6,-4.9,-3.71,4.68
200301,-2.69,-3.39,-0.67,-3.85,-3.83,-1.74,-2.5,-4.4,-1.34,-5.32
200302,-2.41,1.05,-1.27,-4.03,-2.21,-2.89,-2.84,-0.08,-5.38,-1.23
200303,2.05,2.83,0.73,-1.79,2.82,2.83,0.61,2.23,-0.95,-5.11
200304,8.03,9.53,8.64,9.04,2.68,8.89,7.03,8.91,11.9,5.12
200305,4.46,4.16,6.14,4.84,5.01,4.87,4.49,2.12,5.98,16.34
200306,-0.73,1.14,-0.35,0.31,1.46,0.62,0.9,2.05,2.42,3.21
200307,6.4,2.41,1.56,4.41,0.78,0.11,0.8,2.49,-2.25,-3.85
200308,3.9,5.78,1.37,0.89,-2.49,2.85,2.51,0.9,-0.39,1.56
200309,-0.47,-3.75,1.55,-0.62,1.27,-0.59,-0.61,-2.06,-1.48,3.15
200310,5.54,8.96,4.81,7.58,5.7,5.25,2.4,4.74,5.75,7.18
200311,0.56,-0.85,1.64,1.17,1.57,0.77,0.2,1.43,0.6,4.05
200312,3.97,-0.23,3.78,3.17,4.66,5.93,7.47,7.04,7.76,7.74
200401,0.74,0.4,3.8,1.15,2.2,-0.35,2.31,-0.03,1.52,2.11
200402,0.9,5.11,1.7,4.45,1.3,1.81,1.83,1.26,2.06,2.61
200403,-1.89,0.11,-0.96,-0.47,-1.1,-1.99,-2.46,-0.68,-1.81,-1.42
200404,-0.62,-3.82,-2.09,-1.67,-0.64,0.21,-0.81,-1.95,0.33,-2.83
200405,2.42,0.28,1.24,0.98,0.9,0.41,1.99,2.61,-0.88,-4.04
200406,2.92,-0.92,1.77,2.32,-0.02,2.25,2.48,2.89,3.18,3.01
200407,-5.14,-4.03,-2.43,-3.91,-4.66,-4.12,-2.84,0.99,-1.1,0.64
200408,-1.01,-2.33,0.14,-0.38,-0.17,2.34,0.69,1.1,3.61,2.62
200409,3.21,1.36,3.34,2.97,1.94,-1.82,2.51,2,-1.58,0.12
200410,0.25,3.15,2.04,3.05,1.32,-0.19,-0.99,1.28,1.25,1.12
200411,5.18,4.2,2.83,4.52,5.95,3.33,4.31,4.25,2.55,5.98
200412,3.15,2.54,2.88,3.05,2.92,3.22,2.96,2.85,3.36,3.36
200501,-1.62,-1.59,-1.49,-1.11,-1.54,-3.06,-2.03,-2,-1.26,-2.58
200502,3.02,1.28,0.29,2.12,2.56,2.79,4.54,5.59,2.17,1.84
200503,-4.54,-1.55,-2.04,-0.59,0.38,-0.41,-0.51,-1.87,-2.76,-1.2
200504,-4.21,-1.43,-5.39,-4.81,-2.21,-0.79,-1.5,-1.73,0.15,0.79
200505,5.83,5.82,3.69,2.24,3.09,1.89,2.43,1.3,1.25,1.53
200506,1.99,-0.23,1.02,2.51,0.19,-0.42,1.49,-0.08,0.28,0.99
200507,5.76,5.09,6.33,7.03,4.39,3.03,3.25,1.44,-0.02,3.04
200508,-0.07,0.34,-2.43,-2.53,0.19,-0.57,-0.53,-1.29,-1.36,0.46
200509,1.92,2.36,0.63,1.47,1.91,1.23,2.25,-0.23,0.34,-1.71
200510,-3.07,-1.32,-1.71,0.97,-1.56,-1.71,-4.76,-2.95,1.36,-1.05
200511,5.38,3.02,6.45,4.75,4,2.48,2.98,2.43,4.17,3.05
200512,1.66,2.54,-1.76,-1.43,0.67,-0.59,0.14,0.64,0.3,-0.67
200601,2.26,2.77,2.73,4.65,5.26,2.02,5.16,1.44,-0.64,4.37
200602,-0.56,-2.05,-0.77,-1.51,2.34,0.86,-0.39,1.11,2.17,0.26
200603,1.09,1.8,1.28,4.2,3.15,2.18,0.79,0.91,0.25,1.38
200604,-1.32,0.81,1.69,-0.06,2.04,1.89,3.09,0.7,5.75,-1.74
200605,-5.02,-4.22,-3.86,-1.2,-1.73,-0.74,-2.64,-1.31,-2.9,-2.41
200606,1.08,-0.27,-0.9,-0.64,-0.19,0.76,0.67,-0.5,-0.46,3.75
200607,-2.52,-0.77,-2.81,-1.53,-1.37,2.39,0.31,2.5,3.78,5.5
200608,0.24,-0.1,1.47,3.83,1.71,1.79,2.6,1.73,2.01,3.3
200609,0.48,1.13,2.22,3.39,4.53,1.86,1.39,2.27,2.41,0.64
200610,2.55,3.83,3.23,5.14,3.51,3.81,3.45,1.55,1.79,5.18
200611,1.45,2.5,2.05,1.9,1.18,3.76,1.52,1.21,0.65,1.29
200612,-0.05,0.87,0.51,2.83,1.05,0.72,2.25,2.83,2.88,2.74
200701,3.27,2.96,2.51,2.05,3.05,0.44,-0.37,0.14,1.04,3.06
200702,0.6,-2.33,-0.92,-2.85,-2.62,-2.14,-1.46,-0.79,-1.73,-1.27
200703,0.46,2.06,0.76,0.83,-1.1,2.36,0.03,1.73,0.86,3.31
200704,3.52,4.49,2.95,5.55,5.05,4.63,4.86,4.42,3.72,1.98
200705,5.65,4.06,3.19,4.89,3.37,4.54,3.35,2.46,1.63,5.2
200706,-3.32,-2.14,-0.99,-2.84,-1.43,-0.14,-1.48,-1.21,-4.35,-0.94
200707,-3.49,-4.97,-3.3,-4.5,-2.4,-2.36,-2.43,-2.55,-5.33,-4.19
200708,-0.35,0.08,1.63,-0.5,0.45,0.14,2.23,1.61,3.15,3.66
200709,1.89,6.33,3.58,2.6,2.84,3.83,3.61,4.62,1.09,2.37
200710,3.47,2.92,-0.19,1.02,6.98,0.93,0.41,0.47,-0.26,-1.06
200711,-2.64,-5.58,-3.03,-5.19,-6.1,-2.36,-0.04,-4,-5.23,-5.47
200712,0.33,1.83,-0.85,-1.69,1.38,1.61,-0.83,-1.09,-2.24,-5.28
200801,-6.91,-6.22,-7.79,-4.34,-5.43,-6,-5.85,-3.53,-3.53,0.16
200802,-3.14,-1.05,1.24,-4.07,-5.18,-0.29,-1.78,-3.85,-7.29,-6.49
200803,-4,-2.27,-3.73,-1.52,-0.3,0.21,2.09,3.94,-0.26,-3.37
200804,5.22,6.92,6.67,5.85,4.66,7.4,1.83,1.22,1.99,3.2
200805,3.8,5.48,3.82,0.85,1.33,0.53,2.31,-1.95,0.17,-3.69
200806,-8.4,-4.16,-5.67,-10.8,-9.77,-4.84,-6.84,-9.04,-11.88,-15.05
200807,-9.1,-4.22,-1,-1.51,-2.03,-0.46,1.39,2.83,3.81,11.82
200808,0.54,0.15,1.43,2.39,1.29,2.92,-0.92,1.84,3.46,-0.29
200809,-16.91,-12.79,-11.51,-5.34,-11.64,-5.06,-15.95,-3.22,2.48,-2.61
200810,-22.72,-21.1,-17.22,-14.58,-23.69,-12.13,-19.13,-12.99,-12.04,-18.38
200811,-9.01,-8.53,-10.1,-2.84,-6.79,-1.22,-4.85,-7.99,-6.07,-19.75
200812,-1.64,4.52,3.03,1.59,6.83,-0.66,-0.05,1.14,0.7,-3.47
200901,-2.89,-5.35,-5.18,-8.63,-11.03,-5.19,-10.54,-12.3,-16.65,-29.17
200902,-12.01,-8.28,-8.21,-8.42,-15,-10.62,-11.09,-12.48,-14.06,-19.63
200903,7.22,7.35,11.04,7.05,7.55,6.59,12.48,9.59,10.12,18.9
200904,12.84,11.71,10.19,7.57,15.03,2.19,10.77,10.09,10.77,10.56
200905,7.66,5.8,5.13,3.43,8.39,4.9,4.39,4.08,4.67,11.23
200906,-4.55,0.94,0.28,0.98,-1.75,1.93,-0.44,-2.61,-0.28,0.37
200907,8.36,8.21,7.26,6.26,4.5,6.56,8.02,8.9,8.78,10
200908,1.74,3.88,3.12,3.1,2.66,1.39,5.63,5.24,2.17,11.57
200909,3.82,5.39,4.67,1.89,2.2,3.73,2.17,3.62,2.04,4.65
200910,0.19,-3.64,-3.71,0.28,-0.57,-0.3,-1.98,0.76,-2.4,-8.14
200911,5.45,2.96,5.1,6.94,5.91,5.56,5.69,3.79,7.48,7.99
200912,6.94,4.6,2.68,2.42,-1.72,0.81,1.97,0.41,3.61,-1.08
201001,-4.82,-4.44,-4.64,-4.57,-3.5,-2.43,-4.3,-2.04,-3.79,2.68
201002,5.26,4.71,3.25,3.57,3.5,2.49,4.43,2.83,0.03,1.81
201003,5.15,6.07,6.43,4.43,6.58,4.14,6.66,8.08,5.8,7.84
201004,-0.88,0.76,1.63,1.38,2.58,0.8,3.28,4.3,1.39,2.27
201005,-9.85,-7.49,-8.74,-7.99,-9.2,-5.82,-7.85,-8.99,-6.92,-9.76
201006,-7.46,-6.62,-7.34,-6.02,-6.21,-3.22,-6.63,-5.06,-0.67,-7.8
201007,6.32,7.35,8.7,7.81,7.68,7.57,6.65,5.51,8.2,8.18
201008,-7.81,-9.31,-6.61,-5.93,-6.72,-5.84,-4.63,-1.82,0.34,0.63
201009,9.93,8.36,12.89,10.26,10.03,8.59,7.55,7.05,7.41,6.79
201010,0.72,3.89,5.35,2.24,5.83,3.94,3.81,2.42,3.73,2.17
201011,0.88,1.21,0.26,4.68,2.31,-0.04,0.56,-0.66,-2,-2.02
201012,10.37,7.97,9.43,7.72,6.88,6.64,6.07,4.24,7.3,5.49
201101,3.38,3.17,2.14,1.54,3.48,2.15,4.05,-0.34,0.99,-1.44
201102,3.61,1.69,4.56,4.03,3.41,1.09,4.23,3.31,5.62,2.94
201103,0.37,0.03,0.69,0.26,0.34,-0.85,-0.83,1.23,1.7,3.57
201104,0.97,-0.4,2.27,3.27,3.85,3.71,5.04,3.91,3.14,3.42
201105,-2.44,-2.39,-1.95,-0.3,-2.33,-0.68,-2.31,0.89,-0.64,1.93
201106,-1.23,-1.67,-3.76,-0.66,-0.8,-1.12,-1.88,0.19,-1.77,-1.02
201107,-3.59,-2.81,-1.48,-3.24,-3.06,-4.04,-2.72,-2.31,-2.25,-2.73
201108,-8.46,-9.59,-9.53,-5.06,-8.16,-8.74,-4.46,-2.17,-0.05,-0.31
201109,-12.7,-12.21,-12.95,-6.54,-8.54,-8.71,-5.35,-4.71,-3.36,-2.79
201110,16.38,16.65,15.7,11.3,14.47,13.33,9.82,7.67,6.78,5.43
201111,-2.78,-0.37,-2.96,0.99,1.17,0.28,1.36,0.64,2.99,1.05
201112,-1.85,-6.09,-0.42,1.78,-1.25,0.09,2.66,3.45,4.88,3.1
201201,8.76,7.59,7.89,5.05,7.37,6.04,4.1,0.9,-1.67,-1.34
201202,6.21,5.22,4.48,4.21,3.34,4.93,3.21,2.95,2.81,2.66
201203,5.4,0.1,4.73,5.3,1.1,2.12,2.07,2.15,4.04,1.65
201204,-3.54,-1.22,-2.52,-0.26,-0.61,-1.13,-0.77,-0.51,1.09,2.87
201205,-11.41,-9.07,-8.93,-5.01,-7.64,-8.62,-4.91,-4.23,-2.68,-0.71
201206,4.08,4.21,3.76,1.29,2.9,2.98,5.25,5,5.43,4.84
201207,-1.58,1.29,-3.53,-0.1,0.72,0.71,0.91,2.03,2.89,3.68
201208,3.94,3.27,3.5,3.79,3.1,1.28,2.22,0.81,-1.32,-0.57
201209,4.79,1.97,3.79,2.65,2.83,1.65,2.81,2.73,2.89,2.4
201210,3.01,-0.62,-1.66,-2.36,0.64,-1.36,-0.32,-1.91,0.58,-1.93
201211,1.08,2.16,1.35,1.86,1.53,-1.27,0.53,-0.27,-0.93,-0.03
201212,5.71,2.5,3.45,1.9,0.78,0.04,1.71,0.46,-0.45,-0.29
201301,5.59,5.96,7.78,6.45,5.28,5.47,6.46,6.18,5.05,6.67
201302,0.63,-0.32,-0.27,0.86,2.54,1.32,2.32,2.54,2.47,0.64
201303,4.54,2.93,4.15,3.75,4.46,3.93,4.14,3.66,4.98,3.63
201304,0.63,0.46,2.92,-0.68,1.07,2.74,1.37,2.21,3.64,2.9
201305,5.76,4.66,3.53,4.35,4.41,2.65,3.22,0.3,-3.25,-3.59
201306,-2.71,-1.54,-1.04,-3.07,-0.06,-0.48,-1.32,-0.96,1.62,-1.13
201307,7.26,5.27,5.3,7.29,4.79,6.25,4.73,4.39,3.73,3.74
201308,-1.67,-1.89,-3.07,-1.04,-3.17,-4.79,-1.73,-3.94,-3.23,-2.53
201309,3.63,5.5,5.26,3.95,3.46,3.11,0.24,3.22,1.81,3.94
201310,3.27,4.2,5.32,3.64,3.53,3.91,5.96,4.45,4.34,5.69
201311,4.04,3.09,4.08,1.89,3.39,4.07,4.15,2.69,-0.4,0.38
201312,2.32,4.12,3.38,2.18,2.83,2.29,1.63,2.56,1.46,3.24
201401,-3.04,-4.31,-3.31,-4.2,-4.76,-3.91,-5.87,-4.24,-1.85,-4.76
201402,3.53,5.28,5.38,4.93,4.58,3.96,4.05,4.14,3.56,2.77
201403,-0.33,0.41,0.23,1.28,1.77,2.88,3.1,1.51,1.85,2.82
201404,-0.47,-1.83,-0.8,-2.23,0.93,-0.11,3.19,1.47,2.38,1.62
201405,2.88,2.77,3.25,3.56,1.56,0.97,2.13,-0.31,2.4,1.29
201406,1.87,1.49,3.36,3.29,0.67,2.15,1.83,2.32,2.73,1.47
201407,-2.49,-3.24,-2.38,-2.22,-1.13,-1.45,-2.33,-1.3,-3.15,-0.78
201408,4.04,4.51,4.26,3.19,2.94,5.38,3.71,3.81,3.17,2.88
201409,-1.35,-3.39,-3.52,-1.16,-1.97,-2.25,-1.58,-0.64,-1.58,-0.44
201410,3.07,-0.12,2.89,3.56,4.15,4.36,2.23,1.2,2.64,3.95
201411,1.69,0.97,3.53,3.47,4.22,4.69,2.7,3.46,0.83,1.13
201412,0.51,0.92,2.18,0.94,1.2,-1.43,0.55,-1.17,0.68,-1.51
201501,-6.12,-5.16,-4.05,-3.99,-3.76,-1.28,-4.48,-4.72,-3.22,0.14
201502,7.6,6.42,7.19,6.79,7.35,7.75,6.45,4.29,3.99,3.63
201503,-0.42,-0.92,-0.5,-0.68,-0.31,-2.14,-1.23,-2.03,-1.5,-3.61
201504,1.28,1.77,0.09,0.56,-0.97,-0.71,-0.6,2.88,1.04,3.05
201505,1.59,0.63,0.58,3.55,2.09,2.43,1.31,0.33,-0.13,-0.4
201506,0.13,-2.56,-1.2,0.15,-1.22,-2.37,-1.35,-2.79,-2.45,-2.88
201507,0.68,2.72,2.1,-0.55,2.54,0.11,2.16,0.66,2.52,-1.92
201508,-6.03,-5.64,-7.6,-6.35,-6.49,-6.87,-6.68,-5.68,-3.17,-4.52
201509,-4.62,-1.78,-3.37,-2.63,-4.18,-2.99,-1.9,-0.81,0.01,-2.98
201510,6.51,9.47,7.34,6.92,6.61,7.29,7.14,9.05,7.61,8.25
201511,0.7,0.47,1.23,-0.63,1.96,0.54,1.49,-0.04,-1.31,-1.54
201512,-3.11,-2.11,-3.53,-6.43,-2.11,-2.52,-1.05,-0.32,-1.15,-2.12
201601,-9.58,-6.27,-6.95,-5.74,-8.13,-5.72,-3.87,-3.69,0.83,0.94
201602,-0.29,0.09,-1.22,-0.26,0.21,1.51,-1.67,2.18,0.88,1.22
201603,8.28,5.91,6.77,9.61,7.49,6.83,5.8,6.44,6.41,8.42
201604,3.25,0.41,1.44,-3.23,2.17,3.35,-0.02,0.98,-0.65,0.78
201605,0.9,0.95,-0.07,3.58,1.21,2.06,2.62,1.42,0.27,-0.08
201606,-2.39,-2.6,-2,-0.9,-2.11,-0.09,-0.79,3.77,3.58,5.55
201607,3.69,3.9,2.78,2.92,2.6,5.11,4.39,0.64,2.66,6.39
201608,1.55,0.89,-0.79,2.32,-0.1,1.26,-0.27,0.69,-1.69,3.3
201609,-0.25,0.65,-0.99,-0.74,-0.28,0.54,-0.11,-1.35,0.95,1.54
201610,-3.89,-1.43,-2.32,0.25,-2.45,-1.27,-0.33,-1.25,-2.33,-3.08
201611,7.01,5.07,6.44,8.85,7.16,3.95,4.57,3.77,4.51,8.64
201612,0.56,1.74,0.19,2.07,2.01,3.04,3.01,2.68,3.72,-0.35
201701,1.12,3.59,3.8,1.37,2.03,1.71,0.85,-0.02,-0.8,1.11
201702,3.3,2.81,2.33,3.63,3.6,6.76,4.29,3.4,2.95,-0.24
201703,-0.01,0.45,1.53,-1.67,-0.42,0.69,-0.05,-0.73,-0.34,-0.13
201704,1.04,1.04,2.35,1.75,1.46,0.29,1.78,-0.14,-1.64,0.34
201705,2.42,2.89,1.32,-0.73,-0.08,2.56,1.18,0.15,-0.15,-3.12
201706,2.87,1.73,-0.63,1.42,1.86,0.04,1.11,0.8,0.26,3.33
201707,3.3,1.8,2.54,0.81,2.17,1.3,3.15,1.78,-0.88,3.63
201708,0.6,0.18,-0.37,-0.76,2.45,-0.05,-0.69,0.37,-0.49,-2.09
201709,3.89,4.27,4.88,1.93,-0.1,3.55,2.06,2.93,3.48,5.03
201710,3.97,2.74,3.21,2.64,3.17,5.08,2.27,0.55,-0.07,-3.13
201711,2.13,3.27,3.35,4.8,3.59,3.69,4.16,2.65,3.31,6.77
201712,-0.46,1.85,0.44,0.79,1.01,1.89,1.8,0.92,0.53,3.13
201801,9.09,5.85,5.12,5.17,3.24,6.82,4.66,3.29,2.67,1.96
201802,-3.59,-2.97,-2.24,-2.56,-1.48,-3.38,-5.49,-5.74,-5.31,-5.18
201803,-1.72,-0.86,-2.16,-2.75,-3.4,-2.33,-2.15,-0.62,-3.08,-0.44
201804,-0.05,2.14,-1.19,1.57,-1.29,-0.5,0.51,-0.86,0.8,1.76
201805,2.34,1.95,0.86,1.02,5.11,2.89,-0.25,2.2,1.38,1.24
201806,-0.51,0.01,-0.09,0.41,-1.1,-0.16,0.55,-0.27,0.51,1.78
201807,3.28,2.15,2.07,4.06,5.77,5.38,4.96,4.88,2.55,3.09
201808,3.58,2.56,2.84,8.41,3.37,0.41,1.71,3.31,-0.33,-0.53
201809,2.06,-0.22,0.6,-0.66,0.86,0.86,-0.14,-0.31,1.42,1.41
201810,-12.32,-8.65,-7.06,-4.3,-7.19,-7.36,-5.32,-4.05,-4.89,0.6
201811,-1.83,2.92,2.73,-6.25,3.41,1.9,4.39,5.52,3.33,0.7
201812,-11.1,-8.9,-10.15,-10.88,-9.14,-10.27,-8.11,-9.64,-7.47,-9.86
201901,10.04,8.5,8.46,7.93,7.29,10.76,5.95,4.22,6.29,6.28
201902,4.84,6.07,3.83,2.73,5.46,4.87,4.26,3.01,2.54,4.51
201903,3.56,1.07,1.42,3.04,1.1,-1.56,0.22,0.83,1.33,2.88
201904,3.59,4.09,3.71,5.81,7.12,7.47,3.57,0.53,2.9,0.07
201905,-7.42,-5.59,-6.26,-7.66,-7.48,-8.08,-6.65,-5.22,-5.45,-5.43
201906,9.05,7.27,8.9,8.3,8.42,7.63,6.15,5.67,7.16,5.51
201907,0.74,3.28,1.08,4.25,1.44,2.06,1.25,0.17,-0.26,1.08
201908,-0.19,0.53,-1.52,-2.95,-1.36,-2.12,-1.23,-2.2,-3.33,-5.36
201909,-0.99,0.9,0.18,2.57,3.3,3.69,3.46,3.52,4.92,6.55
201910,2.83,0.56,2.59,5.21,-0.1,0.79,2.46,1.92,-0.25,3.41
201911,4.23,2.74,5.89,6,3.94,1.46,3.63,2.73,1.9,2.16
201912,3.22,3.26,2.07,4.71,1.56,3.3,3.59,2.61,2.67,3.18
202001,1.55,-1.42,3.3,0.99,-2.82,-0.05,-1.53,-3.62,-5.13,-3.95
202002,-6.4,-6.94,-7.7,-9.95,-9.58,-9.8,-9.99,-9.51,-10.91,-7.07
202003,-13.51,-12.73,-10.49,-11.03,-17.47,-11.72,-12.28,-13.01,-19.91,-16.63
202004,13.11,13.74,12.31,14.62,9.99,10.13,10.98,11.71,13.56,8.04
202005,8.96,7.34,3.65,6.19,4.87,4.79,1.67,2.2,1.48,2.89
202006,0.52,0.09,5.04,6.08,1.1,0.25,-0.35,-0.12,-1.95,1.82
202007,5.61,7.73,6.99,3.39,3.06,3.82,2.87,3.63,0.43,-2.5
202008,8.98,12.36,4.47,5.88,5.91,4.14,4.65,1.67,2.64,2.31
202009,-1.99,-6.07,-1.78,-0.43,-0.88,-2.35,-2.11,-2.33,-6.15,-8.83
202010,-3.75,-4.28,-1.19,-1.96,-2.65,-3.3,-0.65,1.39,-0.44,-2.28
202011,11.08,9.19,13.48,12.53,9.77,12.56,13.78,13.31,15.98,21.52
202012,3.56,6.24,6.63,2.38,2.58,3.8,4.56,3.05,3.37,7.13
202101,-3.83,-0.41,-0.53,-0.52,-1.1,-1.17,-2.27,-0.53,-0.26,4.88
202102,4.92,-2.09,4.76,3.57,2.86,2.09,7.77,5.11,10.86,15.83
202103,2.08,2.31,6.06,5.58,8.46,6.89,7.56,6.12,6.82,6.57
202104,7.12,6.59,3.79,3.77,2.56,2.17,2.68,2.83,4.13,3.67
202105,0.72,-1.89,0.49,2.82,2.17,3.19,4.16,2.28,2.37,5.3
202106,4.73,6.63,-1.63,0.48,-1.01,-0.58,-2.94,-2.5,-2.33,2.56
202107,2.07,5.2,3.28,2.22,3.17,-0.32,0.72,1.97,0.32,-2.02
202108,2.95,2.39,4.06,1.25,2.97,2.38,2.07,1.87,3.55,-0.05
202109,-3.65,-5.96,-5.95,-4.11,-5.45,-4.21,-1.91,-3.78,-2.93,-1.42
202110,8.12,6.22,12.16,8.5,5.89,9.15,3.33,5.13,3.9,3.16
202111,4.43,4.21,-0.88,-3.03,-3.01,0.19,-3.15,-1.68,-0.92,-4.09
202112,1.21,6.41,3.62,5.94,6.32,4.57,7.21,8.71,6.8,7.39
202201,-9.19,-4.6,-5.45,-4.95,-5.19,-4.75,-0.87,-0.84,-0.85,7.42
202202,-1.02,-4.22,-3.09,-3.18,-1.36,-3.13,-1.79,-1.3,0.42,1.79
202203,4.95,3.28,1.69,3.63,3.92,1.59,0.97,3.56,4.34,5.03
202204,-13.83,-8.37,-9.42,-4.84,-2.9,-7.66,-3.72,-3.97,-4.53,-1.23
202205,1.07,-2.98,0.23,-0.19,-0.15,2.82,1.61,3.39,2.17,8.53
202206,-12.01,-8.51,-7.87,-5.88,-6.49,-9.07,-6.62,-6.28,-6.83,-7.91
202207,15.94,9.8,8.21,7.28,8.99,4.87,4.21,4.33,4.74,3.54
202208,-5.3,-5.32,-3.51,-1.81,-2.71,-2.21,-3,-2.43,-3.01,0.74
202209,-11.49,-9.88,-5.89,-7.1,-9.75,-7.44,-8.07,-8.05,-9.75,-10.31
202210,10.22,5.26,11.71,10,11.88,10.9,10.18,12.95,14.14,15.94
202211,2.67,7.74,5.3,7.19,6.73,7.49,6.75,7.15,5.71,3.63
202212,-8.93,-6.22,-2.66,-4.32,-4.35,-3.76,-3.2,-3.44,-3.32,-4.7
202301,11.27,6.21,0.58,5.47,3.17,1.53,0.49,3.23,5.7,6.8
202302,1.8,-2.05,-3.68,-2.04,-2.45,-3.62,-3.86,-2.54,-4.38,-5.96
202303,8.59,7.47,0.67,-0.01,0.37,-1.79,0.15,-0.1,-3.84,0.02
202304,1.35,3.43,3.57,0.85,0.19,3.15,-0.7,-0.07,1.62,1.18