,Lo PRIOR,PRIOR 2,PRIOR 3,PRIOR 4,PRIOR 5,PRIOR 6,PRIOR 7,PRIOR 8,PRIOR 9,Hi PRIOR
192602,-7.81,-5,-3.97,-3.74,-4.72,-1.32,-1.79,-1.51,-2.6,-5.29
192603,-17.24,-12.02,-12.23,-5.21,-8.55,-4.47,-4.9,-4.91,-3.86,-8.32
192604,1.97,1.81,2.13,5.09,4.02,3.68,4.73,3.34,4.12,3.57
192605,-3.08,0.89,-1.56,1.13,1.95,2.59,1.51,0.42,1.37,1.17
192606,7.33,8.34,11.65,5.72,7.86,4.6,4.07,4.11,3.68,2.92
192607,-2.44,2.02,2.32,1.12,3.25,2.17,1.83,3.14,1.53,10.6
192608,1.55,3.66,4.24,2.47,4.54,3.62,2.58,1.63,0.84,4.16
192609,-4.48,1.37,-0.74,0.79,0.19,0.68,0.44,-1.68,5.47,-2.38
192610,-11.04,-4.4,-2.49,-3,-1.86,-2.33,-3.31,-1.45,-2.41,-5.7
192611,-1.25,6.4,3.46,3.89,4.74,2.98,2.14,1.92,1.67,0.89
192612,5.78,2.99,5.31,3.58,3.27,2.97,0.66,4.19,0.2,-0.02
192701,-1.37,-0.45,-1.37,0.68,0.46,1.12,0.19,0.52,-0.21,0.03
192702,3.32,5.43,5.63,4.24,4.55,2.7,3.14,8.05,4.43,9.23
192703,-7.05,-4.88,-0.32,1.34,0.82,1.28,0.13,3.17,4.32,-4.08
192704,-3.73,-3.73,-2.63,-1.96,0.34,2.55,0.87,2.45,1.1,4.38
192705,7.04,4.89,4.78,4.27,6.73,5.24,6.01,6.85,6.87,6.04
192706,-3.76,-2.36,-1.77,-2.8,-2.25,-1.6,-3.02,-1.19,-1.69,-3.29
192707,6.23,5.93,5.59,7.45,8.87,5.05,10.86,7.37,9.02,5.33
192708,-3.64,0.74,0.99,1.14,1.48,2.02,2.23,-0.6,4.74,5.57
192709,9.67,3.6,1.96,2.15,3.93,5.72,5.02,6.11,5.66,8.26
192710,-2.14,-5.65,-6.73,-4.26,-2.22,-2.41,-4.33,-2.87,-5.73,-6.76
192711,9.37,10.89,8.21,7.54,5.78,5.1,5.87,5.56,5.23,8.94
192712,1.15,1.02,1.88,2.23,2.31,2.91,1.96,3.81,4.02,-0.18
192801,0.95,0.21,-1.27,0.1,2.29,-1.22,-0.95,-1.64,0.8,-1.35
192802,-3.15,-3,-1.58,-0.04,-1.77,-0.68,-2.14,-3.55,-0.93,-5.02
192803,10.68,4.54,5.02,9.24,6.45,7.54,6.79,6.27,20.06,9.83
192804,4.99,6.16,7.55,2.66,5.84,5.06,5.25,6.11,2.1,2.3
192805,2.64,4.38,3.19,2.69,3.92,-0.86,0.54,-0.42,-1.13,-2.91
192806,-6.15,-3.87,-3.81,-5.39,-4.33,-4.17,-3.25,-4.51,-6.34,-10.94
192807,-0.41,3.52,-0.97,0.55,2.06,0.76,0.52,0.63,2.17,1.83
192808,12.47,8.4,6.46,5.52,6.1,5.82,5.77,9.22,8.42,11.74
192809,3.47,6.7,1.34,2.37,2.54,3.26,4.04,1.44,3.43,7.01
192810,0.9,1.98,2.39,0.48,1.9,3.2,0.73,1.55,4.58,0.2
192811,13.28,8.27,10.18,9.76,15.46,8.87,13,10.73,19.39,14.8
192812,1.98,-3.04,0.76,-0.41,0.26,0.75,0.81,3.26,1.69,-0.25
192901,-3.94,-5.4,1.01,4.02,3.39,7.41,13.27,4.38,5.19,6.67
192902,-1.95,0.48,-0.82,1.41,1.66,0.67,1.3,-2.31,-0.06,-0.53
192903,-4.7,-4.66,-3.18,-1.84,0.07,1.87,0.14,1.68,-0.87,1.05
192904,3.13,0.53,2.08,0.67,3.21,1.93,2.39,2.15,2.62,-0.19
192905,-12.77,-7.48,-6.4,-7.18,-9.11,-1.18,-2.17,-6.2,-7.97,-3.08
192906,13.25,8.56,7.94,11.53,12.32,7.93,8.7,6.99,10.68,14.35
192907,0.19,0.37,1.38,4.44,3.75,3.17,3.38,8.58,3.95,7.61
192908,10.46,2.36,5.33,6.67,9.84,7.36,8.86,8.01,14.06,7.5
192909,-6.1,-1.01,-3.49,-4.1,3.17,-5.05,-6.54,-6.49,-5.24,-6.56
192910,-32.33,-21.86,-21.03,-11.42,-20.76,-16.12,-18.03,-20.31,-15.71,-29.8
192911,-18.54,-20.18,-15.5,-13.84,-13.69,-13.58,-11.31,-10.91,-8.96,-7.18
192912,6.21,0.96,4.2,2.9,4.26,1.56,1.13,-1.19,1.02,-5.91
193001,12.17,5.45,5.64,7.34,4.63,5.25,4.56,5.15,5.47,8.24
193002,6.72,-2.45,3.38,2.89,3.26,3.43,3.94,4.19,3.81,8.09
193003,18.25,5.62,3.61,3.27,5.13,8.33,7.75,7.07,10.58,11.51
193004,-1.66,-0.15,-0.81,-1.99,-6.75,-0.07,-0.91,-3.8,3.66,1.16
193005,6.37,-2.99,-2.33,-1.54,0.59,-0.75,-0.88,-2.02,-1.62,-5.3
193006,-24.49,-23.71,-22.09,-14.78,-16.65,-16.08,-14.25,-12.43,-17.49,-16.15
193007,10.25,6.85,5.88,8.45,7.95,3.45,2.54,3.24,2.17,0.29
193008,0.16,-0.19,-0.63,0.69,0.54,2.06,1.7,-0.15,-0.65,-3.73
193009,-18.55,-18.06,-15.49,-11.39,-13.72,-14.05,-8.36,-12.94,-12.58,-16.87
193010,-20.93,-13.99,-8.88,-13.12,-10.69,-9.83,-7.48,-6.08,-4.96,-7.69
193011,0.14,-4.07,-2.85,-2.49,-2.91,-1.71,-4.73,-2.67,-1.96,-2.82
193012,-6.91,-12.13,-8.12,-8.98,-6.18,-6.07,-6.39,-5.23,-11.21,-15.5
193101,29.29,20.67,11.43,10.62,9.73,7.48,5.32,4.74,4.27,2.75
193102,16.33,10.78,10.97,9.54,8.09,13.99,9.84,13.75,22.24,18.26
193103,-0.48,-7.5,-6.68,-6.1,-4.43,-3.73,-5.92,-10.79,-10.84,-13.92
193104,-17.71,-15.18,-13.15,-13.71,-11,-10.68,-7.09,-4.86,-7.09,-20.24
193105,-12.64,-14.53,-16.95,-20.84,-15.8,-14.34,-13.27,-13.74,-11.25,-10.36
193106,32.86,23.14,22.09,16.13,14.1,12.03,11.69,12.32,7.03,5.07
193107,2.81,-2.07,-3.77,-4.62,-7.25,-6.86,-10.79,-10.69,-11.46,-15.14
193108,-1.82,-1.55,2.38,1.74,0.6,-0.77,2.25,-2.92,1.61,-0.99
193109,-28.01,-25.56,-31.04,-22.82,-30.38,-28.32,-28.16,-31.54,-29.72,-32.98
193110,23.02,13.74,18.28,14.36,11.26,11.1,8.59,4.58,0.58,-5.98
193111,-19.71,-14.47,-9.17,-7.37,-9.77,-5.24,-8.6,-9.33,-10.81,-9.01
193112,-22.81,-21.39,-24.76,-14.07,-14.71,-10.55,-9.91,-11.78,-10.73,-15.69
193201,48.47,9.32,3.62,7.3,-0.65,2.76,-1.53,-6.18,-1.95,-10.89
193202,3.11,8.31,8.86,4.69,7.46,4.06,4.01,-1.85,3.33,-9.61
193203,-17.48,-15.44,-15.87,-7.65,-14.86,-9.06,-12.96,-9.29,-9.85,-15.02
193204,-18.34,-23.56,-21.31,-23.46,-22.09,-15.81,-16.34,-14.92,-16.97,-9.67
193205,-23.47,-18.09,-18.69,-24.61,-15.33,-25.57,-18.59,-25.5,-18.13,-19.26
193206,27.39,11.35,3.48,5.71,-0.51,-3.59,-7.19,-8.12,-0.56,1.66
193207,58.24,47.53,20.41,29.67,28.27,29.17,42.05,42.52,41.1,63.65
193208,31.9,27.7,27.01,31.35,31.55,29.98,43.75,61.24,67.37,51.37
193209,-0.91,-5.48,-0.13,2.4,-4.81,-3.56,-4.3,-5.16,-15.11,-15.84
193210,-18.45,-21.6,-13.16,-10.08,-12.14,-12.78,-10.65,-10.34,-17.95,-20.12
193211,-9.85,-12.71,-5.54,-6.16,-4.53,-9.14,-5.49,-2.62,-3.75,-22.4
193212,-4.09,1.71,1.63,0.28,4.9,6.27,5.1,2.53,8.84,2.5
193301,11.86,6.58,3.85,2.37,2.22,-3.74,1.21,-0.12,4.35,-0.99
193302,-18.37,-15.65,-18.66,-16.46,-10.69,-18.81,-12.08,-13.65,-17.39,-16.6
193303,23.88,4.51,6.87,2.89,-0.17,4.74,6.56,-1.31,8.19,3.79
193304,54.45,26.73,25.67,29.14,40.02,35.85,55.07,54.82,60.95,47.53
193305,27.3,18.92,18.07,21.34,14.65,26.43,27.27,19.91,26.03,38.16
193306,11.53,10.34,15.64,17.99,11.79,23.77,15.08,9.06,21.92,16.01
193307,-9.99,-7.18,-9.67,-6.52,-8.12,-8.35,-11.81,-18.04,-13.08,-17.61
193308,28.83,21.77,12.19,12.33,15.42,9.06,10.3,12.62,11.59,8.76
193309,-8.45,-14.03,-19.61,-8.54,-8.91,-12.17,-7.6,-10.01,-14.39,-8.51
193310,-11.24,-13.11,-15.56,-11.79,-9.4,-8.64,-6.37,-8.88,-6.01,-7.83
193311,13.2,10.71,13.21,6.5,8.33,15.75,9.28,8.06,8.41,8.14
193312,4.86,1.33,3.07,0.48,1,-1.97,0.95,0.47,5.33,7.89
193401,28.9,22.47,16.37,6.95,14.79,9.56,11.91,14.2,17.25,12.68
193402,-2.6,-0.97,-4.61,-3.18,-1.71,-1.19,-1.22,-3.94,-0.65,-4.76
193403,4.54,0.73,0.62,-1.18,-0.64,-0.82,1.35,0.95,0.5,0.81
193404,4.91,0.96,-6.14,-2.67,-2.14,-2.1,-0.4,-0.66,-1.18,-3.05
193405,-12.79,-11.11,-10.87,-9.91,-7.05,-5.84,-6.29,-3.22,-3.75,-5.82
193406,0.31,0.42,1.71,1.94,0.16,5.91,2.71,2.55,2.79,3.96
193407,-21.29,-20.18,-19.67,-12.72,-12.22,-7.67,-11.09,-8.18,-12.14,-13.86
193408,16.2,12.05,13.73,14.03,9.04,4.77,6.25,5.66,4.19,1.14
193409,0.67,-1.1,1.55,0.45,-0.05,-3.86,-0.08,-2.52,-2.65,1.79
193410,-1.52,-0.56,-3.65,-0.93,-5.03,-1.73,0.07,-1.56,-2.33,2.68
193411,9.32,6.8,8.19,9.73,11.53,3.82,9.58,8.83,10.54,7.92
193412,-4.44,-0.24,-0.96,0.67,-0.88,-0.42,2.36,3.38,2.35,5.53
193501,-3.58,-6.29,-2.79,-2.71,-3.12,-4.58,-3.82,-1.57,-3.6,-5.73
193502,-8.24,-5.93,-4.07,-2.08,-5.47,-1.23,0.15,2.12,1.35,-7.14
193503,6.72,-10.44,-4.14,-2.86,-6.69,-4.27,-3.46,-2.49,-3.44,-3.43
193504,14.65,10.11,9.23,12.56,5.72,9.23,7.24,9.81,8.43,10.59
193505,5.4,4.47,4.51,3.02,2.07,4.48,4.57,3,3.94,-3.87
193506,8.25,7.98,6.13,3.12,6.3,5.85,6.66,6.16,6.37,6.49
193507,16.23,2.44,5.63,3.16,4.01,7.23,11.35,9.63,9.76,9.87
193508,1.13,1.13,-1.41,0.3,3.33,1.45,7.39,7.3,4.18,2.49
193509,-0.3,0.5,-0.21,2.49,2.69,3.75,2.23,8.28,0.3,-4.4
193510,18.96,11.41,10.46,5.8,5.73,5.4,3.03,8.57,11.36,9.77
193511,11.7,5,4.46,7.03,5.3,5.13,2.42,3.07,7.61,1.49
193512,6.38,3.69,3.76,3.46,3.96,3.42,6.24,11.08,6.26,2.88
193601,4.17,3.42,5.23,5.42,5.07,6.84,13.46,9.67,4.81,12.07
193602,3.05,0.97,2.85,3.14,3.83,2.53,2.39,0.35,1.23,-9.51
193603,0.44,0.34,-1.47,-0.11,6.4,5.19,-1.85,-0.72,-1.64,0.7
193604,-12.52,-8.77,-7,-7.48,-7.86,-7.9,-7.6,-7.09,-9.85,-10.09
193605,8.72,11.17,5.07,5.99,4.18,4.15,3.46,6.02,6.19,5.81
193606,3.1,3.41,2.17,1.79,3.89,2.18,2.53,2.73,2.01,-2.8
193607,12.23,7.54,7.2,8.02,6.21,9.67,4.12,7.69,5.91,6.27
193608,1.41,1.3,1.27,-0.43,0.31,1.55,0.24,0.95,3.52,0.95
193609,2.55,1.04,2.28,0.86,2.81,-0.13,0.71,1.04,0.19,2.81
193610,4.62,9.09,7.06,7.91,4.79,7.55,6.99,6.3,4.47,5.64
193611,6.06,3.88,2.85,3.64,2.43,2.22,4.17,5.41,2.47,3.4
193612,-0.21,-1.72,1.21,-2.31,0.6,3.53,0.7,0.07,0.79,6.82
193701,4.13,4.29,2.21,2.17,0.26,6.46,2.03,7.95,4.03,4.58
193702,1.61,1.33,1.13,2.49,-1.08,2.91,-0.65,1.69,1.28,-0.19
193703,-0.66,-1.91,-1.64,-3.24,-2.55,0.08,-0.22,3.11,5.46,4.55
193704,-8.75,-6.97,-4.94,-7.27,-6.28,-7.4,-6.39,-9.87,-8.45,-7.84
193705,1.73,0.46,-3.42,0.49,-2.3,-0.72,-1.74,0.55,-0.68,-1.45
193706,-4.83,-5.88,-7.61,-5.63,-2.47,-5.87,-3.39,-2.3,-3.85,-4.06
193707,10.7,11.36,13.81,8.53,9.95,12.47,7.91,6.72,10.53,6.18
193708,-3.54,-2.62,-2.76,-5.14,-4.64,-4.73,-6.84,-3.52,-6.73,-16.07
193709,-20.01,-20.72,-17.82,-12.63,-15.02,-18.34,-9.89,-10.54,-13.4,-13.3
193710,-13.03,-12.87,-14.66,-14.83,-12.2,-11.18,-10.94,-7.97,-9.42,-7.2
193711,-10.03,-12.54,-6.97,-10.7,-12.53,-9.82,-7.75,-7.15,-3.19,-7.91
193712,-12.14,-6.28,-6.79,-10.33,-3.11,-1.45,-2.59,-3.13,-2.06,-7.47
193801,4.25,6.29,2.86,8.05,1.08,1.88,1.66,-0.96,-0.62,-2.46
193802,11.78,5.86,3.13,7.44,6.21,10.13,6.38,4.07,4.07,0.66
193803,-23.22,-19.22,-18.28,-24.54,-22.82,-24.7,-26.11,-25.3,-26.2,-29.02
193804,26.01,27.31,18.88,19.79,18.45,16.05,14.38,10.23,14.26,9.9
193805,-1.89,-2.37,-1.45,-4.26,-6.59,-6.13,-4.55,-8.36,-10.76,-9.17
193806,42.5,44.99,39.05,34.89,26.81,32.47,25.17,19.68,12.82,15.2
193807,5.88,3.13,7.16,5.17,9.63,8.97,10.55,8.72,11.9,10.66
193808,-4.65,-0.9,-3.1,-1.98,-5.68,-3.35,-5.41,3.9,-1.77,-4.02
193809,0.99,0.46,0.04,1.11,0.42,1.74,1.04,0.68,0.46,0.98
193810,16.92,16.2,13.06,9.67,7.16,8.53,6.99,5.7,8.95,6.84
193811,-1.04,-0.74,-1.13,-1.75,-2.85,-1.93,-0.76,-4.64,-1.84,-4.4
193812,9.78,3.09,6.41,3.49,4.24,3.74,3.44,3.74,4.7,7.71
193901,-3.45,-5.89,-5.88,-6.42,-3.73,-5.28,-6,-7.93,-9.51,-12.01
193902,6.5,6.79,4.42,4.41,3.45,2.33,2.7,1.79,3.87,5.56
193903,-10.17,-9.65,-7.54,-11.25,-11.68,-8.64,-17.98,-15.49,-15.28,-18.55
193904,7.66,1.33,-1,0.53,-1.82,-0.57,0.32,-1.2,-1.21,1.39
193905,12.37,7.47,8.96,7.92,5.85,5.82,6.48,5.86,6.59,5.62
193906,-2.8,-5.76,-3.35,-3.16,-6.47,-7.69,-6.96,-7.66,-6.97,-8.1
193907,21.15,22.11,18.45,16.39,13.91,9.21,10.65,6.17,6.91,5.57
193908,-4.94,-4.88,-4.74,-4.41,-6.98,-8.88,-8.41,-9.34,-11.74,-15.9
193909,44.21,40.59,26.39,25.27,39.2,16.41,20.04,12.67,8.08,20.29
193910,7.12,4.12,3.04,-2.38,-3.15,-2.57,-5.76,-4.29,-4.5,-10.98
193911,-13.67,-11.62,-8.56,-5.77,-3.33,-3.34,0.23,-1.21,-1.9,-3.24
193912,3.63,3.09,2.28,2.9,4.24,2.73,2.91,2.88,2.66,4.13
194001,-1.06,-2,-0.09,-2.08,-0.93,-2.73,-2.46,-2.94,-4.3,-3.23
194002,4.08,3.81,1.82,0.57,1.23,1.9,0.74,0.62,0.41,1.87
194003,2.86,2.13,2.8,4.17,2.04,1.11,1.1,1.9,1.56,3.93
194004,13.44,-1.27,-0.86,0.62,0.79,0.23,-0.48,-1.67,0.73,-0.99
194005,-27.45,-24.52,-23.74,-21.98,-23.36,-18.09,-21.83,-22.08,-23.99,-31.27
194006,13.18,9.04,9.39,9.47,7.91,7.24,8.2,7.06,5.11,4.86
194007,5.64,4.3,3.88,3.22,3.42,4.6,2.26,3.78,1.82,-1.1
194008,1.32,1.48,1.63,2.03,0.47,4.56,2.57,1.46,2.96,1.05
194009,2.12,2.98,0.88,2.04,2.91,3.68,2.39,2.28,2.01,2.75
194010,9.52,4.33,4.22,3.93,2.2,-0.37,4.41,4.98,3.94,4.29
194011,-1.69,-3.48,-3.25,-1.02,0.98,-0.13,-0.62,-1.29,-2,-4.72
194012,-0.13,1.46,1.36,0.56,1.67,0.19,0.83,1.1,-1.24,-3.58
194101,0.57,-0.67,-3.27,-7.12,-1.92,-3.3,-3.05,-4.61,-5.06,-5.9
194102,1.45,0.38,-1.91,-1.81,-2.49,-0.82,-2.05,-1.68,-2.25,-2.23
194103,-1.05,1.73,3.13,-0.05,1.91,1.53,0.11,-0.71,-0.09,1.25
194104,-6.13,-7.32,-6.25,-8.8,-5.01,-5.77,-4.11,-1.66,-3.11,-5.44
194105,1.42,1.99,1.05,2.47,0.07,2.99,-2.7,2.03,2.39,3.92
194106,4.6,7.59,7.02,8.08,4.47,4.59,3.99,6.18,7.64,3.52
194107,11.83,8.82,9.27,4.36,3.85,7.06,5.11,7.71,3.18,10.35
194108,1.38,1.11,-0.16,0.79,-2.05,-1.2,-2.41,-0.58,-0.24,-2.68
194109,-3.9,0.65,-2.47,-2.83,-0.5,-0.97,-0.62,0.65,-1.31,-0.95
194110,-8.51,-5.46,-5.44,-4.94,-3.96,-7.52,-4.5,-4.45,-4.61,-6.36
194111,-8.39,-1.42,-1.33,-4.7,-2.41,-1.95,-0.74,-2.43,1.99,0.64
194112,-3.09,-8.66,-3.81,-7.48,-7,-2.1,-3.12,-2.32,-0.21,-7.7
194201,17.88,9.57,2.98,4.57,1.97,2.84,0.77,-3.66,-2.11,-1.12
194202,-4.61,-4.09,-1.12,-1.87,0.03,-0.86,-1.65,-3.12,-1.47,-2.09
194203,-3.69,-8.06,-7.73,-7.86,-8.97,-6.22,-6.56,-6.26,-1.58,-1.09
194204,-1.93,-2.86,-4.03,-5.28,-3.03,-4.78,-5.41,-3.89,-5.16,-5.78
194205,5.67,2.64,3.53,7.31,3.9,9.44,5.39,4.12,4.9,7.28
194206,1.08,3.84,3.58,1.8,3.36,4.36,4.4,1.9,2.6,0.89
194207,5.89,6.78,4.33,2.89,4.89,2.65,3.87,2.48,1.98,2.99
194208,2.43,1.62,2.6,1.3,1.45,2.88,-0.12,1.61,2.11,2.94
194209,0.96,2.35,3.45,0.36,3.38,2.3,2.34,2.28,2.52,3.1
194210,8.89,7.26,8.1,4.18,6.54,5.93,6.96,6.31,10,12.16
194211,2.68,4.11,1.74,-0.21,0.4,0.67,-2.37,-2.6,-4.02,-5.38
194212,5.16,6.07,5.86,4.07,7.15,7.07,5.48,4.12,3.95,2.25
194301,20.23,13.99,10.09,5.9,8.65,7.73,7.6,6.32,4.03,7.49
194302,5.06,7.58,4.56,5.77,5.03,4.67,7.68,7.52,13.35,31.27
194303,7.35,3.74,5.3,6.75,6.12,4.42,7.69,11.46,5.63,9.75
194304,2.71,1.76,0.35,-1.03,0.18,-0.65,1.35,1.38,1.92,4.71
194305,8.53,6.16,5.4,4.11,7.51,5.72,4.59,4.93,4.66,10.29
194306,-1.03,2.32,2.92,1.82,1.84,3.42,1.25,0.65,0.27,-1.1
194307,-10.74,-6.41,-4.78,-3.51,-2.4,-2.95,-3.64,-7.22,-6.85,-5.74
194308,2.41,1.37,3.05,2.61,1.53,1.71,1.51,-0.35,1.51,-0.33
194309,0.88,3.85,2.99,4.27,3.44,2.43,1.16,2.25,2.05,0.83
194310,0.99,-1.22,-0.91,-0.25,-1.93,-0.52,-1.33,-2.55,-1.79,-1.71
194311,-8.36,-6.13,-7.53,-5.2,-6.39,-5.29,-2.75,-6.97,-8.65,-7.94
194312,19.12,12.16,11.54,8.51,8.42,6.78,6.56,5.03,4.67,3.89
194401,1.96,1.91,2.64,1.71,0.93,2.6,0.83,1.28,1.52,3.56
194402,0.28,0.52,0.39,1.34,-1,-0.81,0.59,-0.05,1.37,2.41
194403,4.18,3.48,2.64,1.62,1.18,2.01,2.39,3.81,0.84,2.45
194404,-2.09,-1.66,-1.6,-1.16,-0.83,-2.06,-1.36,-3.26,-3.88,-1.76
194405,8.39,7.04,5.75,7.13,6.22,5.14,6.04,3.91,3.67,3.64
194406,7.91,3.21,4.36,4.97,6.72,6.35,7.07,4.07,5.4,11.24
194407,-0.27,-0.94,-0.42,-0.78,-2.88,-0.36,-2.87,-3.14,-3.9,-3.37
194408,7.31,2.46,3.09,1.33,1.06,1.34,1.37,1.48,1.28,0.45
194409,0.21,-0.59,0.36,0.16,-0.06,0.1,0.86,-0.61,0.17,-2.4
194410,-1.11,0.32,-0.96,1.53,1.36,0.56,-0.77,0.12,-0.94,-0.1
194411,2.66,2.94,2.16,1.81,2.25,0.45,0.62,2.26,1.73,1.46
194412,5.03,4.51,2.7,2.88,2.91,3.93,4.23,5.26,7.52,7.6
194501,3.98,0.08,2.69,2.41,5.33,2.17,1.7,1.94,-0.1,-2.28
194502,10.71,5.67,6.33,5.95,5.38,5.72,6.63,6.21,4.93,8.55
194503,-2.47,-2.77,-2.48,-3.94,-3.46,-4.3,-4.56,-5.38,-7.18,-7.67
194504,13.98,11.38,8.99,8.82,8.34,9.04,8.76,6.54,5.25,7.12
194505,4.16,3.74,3.86,0.67,1.44,0.86,0.64,1.51,1.25,2.18
194506,0.8,1.42,1.3,0.33,-0.66,0.62,0.08,-0.16,0.49,1.17
194507,-1.48,-1.32,-1.73,-3.34,-1.94,-1.51,-0.08,-2.35,-5.79,-9.02
194508,2.69,7.79,9.88,6.41,6.97,8,6.51,7.09,3.05,4.51
194509,8.53,4.09,4.25,3.66,4.69,4.34,6.06,4.79,3.66,3.9
194510,3.33,4.74,2.85,3.47,5.05,3.7,2.36,4.34,6.45,7.35
194511,6.52,2.86,4.11,3.81,6.55,6.74,5.74,7.4,6.56,7.3
194512,2.5,1.35,1.77,2.04,1.59,3.27,-0.32,0.02,-1.74,-1.67
194601,7.71,6.24,7.14,7.4,5.68,4.75,6.73,6.2,9.73,4.42
194602,-5,-5.2,-3.54,-5.8,-6.33,-4.9,-7.58,-7.26,-6.19,-10.07
194603,4.23,3.66,5.85,6.2,2.98,6.6,6.91,7.79,4.82,7.26
194604,-0.16,1.02,2.26,3.35,3.41,5.58,4.93,5.2,6.57,6.58
194605,6.65,5.29,5.9,3.9,3.48,3.48,3.91,2.4,3,2.72
194606,-4.98,-3.83,-3.04,-3.71,-2.55,-3.68,-5.02,-5.11,-4.34,-5.26
194607,-3.41,-4.65,-2.32,-2.29,-3.38,-3.14,-2.68,-2.95,-1.13,-2.97
194608,-8.17,-6.41,-6.28,-7.84,-8.12,-6.89,-6.43,-5.31,-6.09,-5.71
194609,-16.29,-12.82,-12.48,-12.6,-10.95,-7.81,-9.75,-9.62,-8.78,-9.5
194610,-0.19,-0.57,-1.49,0.63,-1.68,-1.19,-1.97,-0.63,-1.9,-2.19
194611,-0.98,-1.22,0.94,-0.8,0.09,0.19,0.35,-0.68,0.41,-1.32
194612,4.18,5.56,4.36,4.48,4.82,5.18,4.77,5.62,5.46,5.81
194701,3.91,2.86,4.8,2.28,0.73,2.09,-0.2,0.58,-0.71,-2.69
194702,-0.13,-0.8,-1.63,-1.38,-1.68,-1,-0.28,-1.37,-2,0.59
194703,-2.86,-1.9,-1.75,-0.41,-1.21,-2.21,-1.77,-2.18,-0.77,-3.33
194704,-10.44,-8.37,-6.68,-5.65,-5.8,-6.33,-3.26,-5.8,-2.52,-3.33
194705,-6.36,-4.6,-3.29,-0.32,-1.64,-0.48,-0.37,-1.87,-0.6,0.41
194706,2.69,7.49,4.74,6.53,5.65,4.88,2.94,5.49,5.95,7.3
194707,3.35,6.57,6.1,3.99,5.71,3.67,2.13,4.83,4.31,3.28
194708,-1.18,-0.08,-1.07,-1.6,-2.25,-2.56,-2.45,-2.02,-3.2,-3.08
194709,0.83,-0.43,-0.7,1.64,-1.83,-0.12,-0.96,-0.42,-1.85,0.91
194710,5.92,4.03,3.56,2.79,1.17,2.68,2.36,1.95,2.37,0.75
194711,-3.68,-4.61,-1.48,-1.79,-1.43,-0.69,-1.65,-2,-1.36,-4.07
194712,1.33,3.17,3.9,2.46,5.42,2.24,2.41,3.98,2.7,3
194801,2.67,-0.87,-2.37,-3.21,-2.49,-3.29,-3.84,-6.45,-6.03,-5.88
194802,-3.06,-3.06,-4.48,-5.83,-5.4,-4.06,-2.98,-5.28,-5.19,-4.34
194803,11.38,13.19,10.58,8.91,9.07,9.21,6.25,9.17,6.16,5.11
194804,2.32,2.72,3.81,2.69,6.26,4.12,2.52,4.24,4.8,3.7
194805,8.6,10.71,7.09,7.53,7.86,6.58,6.8,6.97,6.52,6.54
194806,-0.5,-0.23,1.4,-0.6,1.09,-0.3,-1.75,-0.85,-0.32,0.36
194807,-2.42,-5.11,-5.78,-3.88,-4.17,-4.02,-4.07,-5.34,-7.11,-7.82
194808,1.75,0.26,0.94,0.55,-1.65,1.74,0.66,0.85,-0.02,-0.86
194809,-3.37,-2.02,-4.04,-3.3,-3.37,-1.39,-2.91,-2.62,-2.46,-5.33
194810,7.04,8.14,6.8,6.62,8.06,5.47,6.52,5.75,3.61,5.26
194811,-10.02,-7.55,-4.82,-7.61,-8.34,-10.57,-9.69,-10.24,-11.44,-13.19
194812,2.01,4.51,2.43,3.97,3.36,4.33,4.12,3.99,1.88,2.11
194901,5.12,2.67,1.74,2.81,3.3,-0.73,0.2,1.02,-1.46,-2.53
194902,-4.66,-3.9,-2.02,-3.89,-2.7,-2.18,-2.38,-1.42,-1.34,-3.82
194903,9.2,4.41,6.3,5.17,4.05,4.12,3.56,2.53,4.63,3.58
194904,-2.13,-2.09,-1.63,-1.46,-1.43,-1.55,-1.42,-2.45,-2.56,-3.9
194905,-4.26,-4.36,-3.33,-4.44,-2.44,-2.44,-2.11,-2.62,-2.29,-3.87
194906,0.25,-0.61,0.42,0.26,-1.08,0.97,0.91,-0.56,0.13,0.91
194907,8.08,7.67,7.44,6.48,5.37,4.4,4.49,6.47,5.76,5.18
194908,3.29,3.65,3.06,2.29,2.68,2.92,2.22,2.72,1.58,2.19
194909,3.52,4.41,3.44,1.13,3.29,2.94,2.96,3.64,4.19,3.57
194910,1.5,3.7,2.12,4.76,3.36,2.45,3.61,4.19,2.99,1.68
194911,1.36,3.17,2.36,3.2,-0.78,1.67,-0.54,3.54,2.62,0.38
194912,5.09,2.8,6.41,6.12,6.95,3.4,4.73,5.79,6.81,4.2
195001,2.62,1.26,1.83,0.86,1.92,1.17,2.74,1.92,2.12,2.53
195002,1.67,1.67,1.38,1.07,1.69,1.57,2.39,1.31,0.37,0.85
195003,-0.8,1.29,2.66,1.34,1,1.32,2.41,1.57,-0.38,0.08
195004,7.7,4.81,4.64,2.65,3.81,2.64,5.21,2.98,2.54,7.32
195005,4.54,2.64,3.47,2.53,4.48,4.86,4.84,7,5.35,1.29
195006,-7.02,-7.3,-5.69,-5.96,-5.43,-5.44,-5.67,-4.91,-6.72,-7.7
195007,0.51,1.51,1.53,0.45,-0.63,1.9,3.94,0.06,3.61,3.56
195008,6.16,6.08,7.03,3.72,4.33,5.06,4.97,4.25,1.41,0.11
195009,4.47,5.97,4.48,3.35,5.12,5.89,4.87,4.66,5.78,3.55
195010,0.41,0.59,1.33,0.72,0.39,-0.24,-0.66,-0.29,-1.66,-3.64
195011,2.14,4.01,3.34,5.54,2.97,2.74,2.89,0.23,3,3.16
195012,3.32,1.47,3.73,3.43,5.92,7.24,6.92,7.56,9.16,7.43
195101,6.96,6.13,5.37,5.65,7.81,6.03,6.68,3.28,3.86,4.5
195102,2.9,3.55,2.59,1.69,0.44,0.71,1.9,-0.86,1.92,-1.4
195103,-1.81,-2.82,-1.92,-2.78,-3.28,-1.64,0.1,-2.04,-2.13,-3.71
195104,5.97,5.29,5.51,5.69,5.2,8.2,2.91,3.54,3.63,4.76
195105,-1.15,-0.75,-1.11,-0.42,-2.14,-3.82,-2.65,-1.89,-3.23,-3.09
195106,-7.09,-4.98,-4.66,-0.92,-2.63,-2.4,-0.71,-1.02,-2.52,-3.89
195107,12.97,10.51,7.27,4.28,6.13,4.77,7.69,6.49,5.68,10.58
195108,4.74,3.34,5.43,3.48,8.02,6.16,3.62,3.69,3.11,2.5
195109,1.13,-0.04,3,0.8,2.81,-0.94,-0.72,1.2,2.19,-0.77
195110,0.54,-3.42,-1.65,-1.59,-1.13,-3.01,-3.94,-3.91,-2.58,-5.53
195111,3.92,0.43,0.6,0.04,0.76,0.44,2.49,1.43,-0.44,-0.6
195112,3.99,2.89,6.03,2.63,3.2,4.79,2.88,2.05,1.35,2.82
195201,1.84,3.59,3.26,3.2,0.97,3.82,1,3.43,-1.56,0.9
195202,-2.57,-2.72,-1.47,-1.04,-1.98,-1.91,-3.66,-3.13,-3.63,-2.13
195203,3.5,5.51,6.04,6.44,2.39,2.97,2.91,5.29,4.74,4.14
195204,-6.88,-4.07,-3.96,-3.82,-3.4,-4.22,-4.34,-4.54,-4.63,-8.09
195205,3.86,4.6,4.78,3.42,3.3,2.44,3.24,2.79,1.79,3.05
195206,4.34,3.78,3.72,2.8,3.87,4.27,4.95,3.88,3.57,4.28
195207,1.18,1.27,1.29,1.84,1.98,1.84,0.36,1.33,-0.19,-0.15
195208,-0.41,-1.09,-1.06,-0.67,0.35,0.38,0.76,-1.39,-1.14,-2.06
195209,-2.23,-3.75,-2.49,-3.05,-1.59,-0.47,-0.42,-1.23,-0.5,-1.44
195210,-0.21,0.26,-0.19,0.37,-0.73,0.02,-0.91,-0.81,-1.94,-1.91
195211,6.29,7.65,7.27,5.25,7.49,8.39,4.21,5.48,5.04,4.83
195212,3.76,6.49,3.64,2.26,2.02,2.4,4.53,2.07,2.61,1.83
195301,0.53,1.03,1.02,0.49,1.46,-1.39,-0.07,-1.23,-1.15,-1.33
195302,0.64,-0.75,-0.65,0.3,-0.19,-0.62,-0.79,1.38,2,0.6
195303,-0.72,-1.41,-1.03,-2.01,-0.46,0.66,-2.26,-1.4,-2.61,-3.81
195304,-3.52,-1.75,-1.18,-2.72,-3.55,-1.93,-2.51,-3.88,-1.81,-4.93
195305,1.82,0.44,1.68,0.11,0.82,1.3,0.39,-0.03,1.32,-1.58
195306,-1.65,-2.46,-1.99,-2,-1.01,-2.02,-1.61,-1.92,-0.66,-3.24
195307,2.27,2.63,2.99,3.12,2.8,1.81,2.63,2.65,2.49,2.73
195308,-4.53,-5.79,-4.53,-3.53,-3.58,-3.94,-4.78,-3.83,-5.26,-5.06
195309,0.11,-1.19,0.14,0.07,0.03,0.63,-0.43,1.83,0.15,0.42
195310,4.9,4.85,3.61,4.32,5.48,5.78,3.97,4,4.87,4.75
195311,-0.11,1.26,4.01,3.37,2.51,4,1.68,4.05,1.94,5.55
195312,-2.31,-3.29,-0.66,0.13,0.46,0.18,1.88,0.78,0.07,-0.96
195401,9.29,7.67,8.78,7,6.46,5.76,3.76,5.83,3.59,4.04
195402,1.41,1.51,1.34,1.32,2.9,2.34,1.38,0.95,1.34,0.42
195403,3.92,2.21,5.54,2.22,3.98,2.65,3.39,6.06,4.37,4.83
195404,-0.76,2.13,3.66,2.51,2.82,5.82,5.29,2.38,7.99,1.49
195405,8.1,5.4,3.91,4.73,3.67,1.83,5.4,3.78,2.24,0.27
195406,8.33,2.61,0.91,-0.18,-1.36,0.49,-0.8,1.81,0.55,0.21
195407,5.31,5.02,5.31,6.25,5.18,7.82,5.81,3.94,3.7,1.57
195408,-2.92,-0.93,-2.24,-0.48,-1.29,-2.63,-4.47,-3.18,-4.46,-3.15
195409,6,7.53,5.6,9.03,4.78,6.61,3.32,9.1,3.59,4.91
195410,-1.35,-0.97,-2.93,-1.85,-1.12,-1.08,-2.5,-1.1,-2,-1.29
195411,10.01,10.34,7.95,10.51,9.17,5.85,12.34,11.18,11.1,11.29
195412,6.83,5.09,4.68,6.55,5.73,5.08,8.35,5.66,4.15,6.25
195501,0.48,0.68,0.22,2.14,0.11,1.42,-0.07,0.43,1.02,-0.39
195502,3.31,4.15,4.71,3.56,4.06,1.88,2.82,3.36,1.77,1.88
195503,1.64,-0.32,1.56,-0.99,-0.03,-0.28,-0.76,-0.46,1.39,1.62
195504,1.33,0.69,4.77,5.55,3.13,3.71,2.97,3.09,2.68,0.13
195505,-0.27,1.03,2.56,0.94,1.58,0.05,1.64,0.15,2.33,-0.35
195506,3.87,5.41,10.56,7.03,7.32,2.86,3.64,8.28,10.11,4.34
195507,-0.54,-0.54,1.54,1.6,0.31,0.14,0.31,-0.16,1.24,5.88
195508,2.28,1.24,3.62,0.79,-0.57,-0.03,0.65,-0.01,0.14,-3.13
195509,6.89,-1.75,0.67,0.17,-3.09,-1.16,-2.04,-2.15,-0.29,-0.35
195510,-3.82,-0.36,-2.93,-1.6,-2.1,-0.92,-2.11,-2.31,-2.29,-4.92
195511,10,10.09,9.27,7.41,6.21,6.08,6.42,5.25,3.62,6.57
195512,1.4,3.95,0.97,2.2,2.26,1.71,2.12,-1.25,2.68,3.34
195601,-5.11,-2.53,-3.37,-1.23,-1.27,-3.55,-1.56,-3.7,-3.69,-2.8
195602,5.29,5.39,5.57,4.58,4.4,3.9,3.39,2.62,0.69,4.04
195603,4.27,4.6,2.85,7.92,5.63,10.85,6.46,6.21,8.26,7.65
195604,1.66,-1.15,-0.38,-0.11,-2.09,-0.09,1.52,1.74,2.53,1.28
195605,-4.43,-3.26,-4.79,-4.18,-2.79,-5.59,-5.18,-6.91,-5.5,-7.52
195606,4.02,3.33,4.72,2.39,3.89,5.43,2.47,2.05,5.71,3.59
195607,2.6,3.8,3.85,4.71,4.17,4.36,7.42,5.75,5.2,6.35
195608,-1.63,-2.62,-1.79,-3.15,-3.42,-3.3,-1.89,-2.55,-4.22,-4.77
195609,-8,-5.9,-5.29,-5.05,-5.57,-4.11,-3.13,-2.46,-5.42,-4.03
195610,0.75,2.65,0.95,1.19,0.55,1.15,-0.63,-0.55,0.34,2.27
195611,3.66,1.39,1.62,-1.75,-0.47,-2,3.16,0.51,1,1.53
195612,1.56,6.4,2.09,3.73,4.01,2.49,3.57,3.45,4.46,0.82
195701,-1.83,-0.07,-1.42,-2.59,-3.51,-1.66,-2.22,-5.46,-4.75,-6.33
195702,-0.94,-2.5,-2.51,-2.07,-2.14,-1.67,-1.91,-0.22,-2.37,-3.77
195703,1.66,2.08,3.23,2.34,2.81,1,3.59,1.72,2.58,2.39
195704,3.72,2.39,5.48,4.65,1.46,6.45,5.26,3.49,6.34,3.91
195705,3.25,3.13,2.63,1.43,3.8,2.39,5.38,4.78,3.64,4.69
195706,-0.49,-0.5,-0.76,-2.33,-1.46,-0.69,-1.3,1.77,0.71,-3.29
195707,0.89,-0.15,1.79,0.45,1.02,-0.17,2.99,0.77,1.63,-1.08
195708,-4.75,-5.16,-4.54,-6.44,-2.75,-3.9,-5.58,-4.98,-4.57,-4.81
195709,-9.03,-7.27,-5.92,-6.17,-5.01,-7.89,-5.87,-3.51,-2.13,-3.1
195710,-7.77,-6.18,-5.36,-3.54,-2.91,-3.85,-2.99,-3.51,-2.99,-3.07
195711,2.57,4.44,2.61,4.04,1.08,1.33,-0.37,3.4,4.48,4.63
195712,-7.21,-6.76,-3.9,-3.51,-2.21,-1.34,-3.23,-3,-3.63,-5.33
195801,13.22,8.76,6.53,6.34,4.47,4.23,4.44,3.91,4.18,3.28
195802,-2.08,-3,-0.91,0.44,-1.19,0.47,-2.27,-2.66,-1.71,-3.65
195803,5.49,4.73,3.56,3.65,2.81,4.41,1.84,3.56,2.34,2.47
195804,3.06,2.93,2.42,2.38,2.74,4.48,3.09,4.69,3.45,1.92
195805,3.78,5.07,3.35,3.65,1.91,2.21,2.15,3.17,0.26,1.84
195806,3.14,4.5,5.02,2.82,2.33,2.71,2.5,1.93,1.16,3.41
195807,8.37,5.2,5.29,6.7,5.21,1.32,4.11,5.13,3.04,4.35
195808,2.81,2.47,1.51,2.41,1.12,1.77,2.06,2.57,1.14,2.63
195809,5.58,5.7,6.93,4.49,4.75,3.02,4.41,6.11,3.76,3.95
195810,3.6,2.67,2.85,0.76,2.99,2.53,3.97,3.62,1.28,2.95
195811,4.5,3.54,2.74,3.45,3.28,2.3,4.39,3.96,1.65,2.82
195812,4.25,4.7,6.87,4.43,8.35,3.55,4.53,4.1,3.25,2.47
195901,1.02,0.64,1.51,1.96,1.45,1.74,1.43,-0.1,1.14,-0.05
195902,3.3,-1.01,1.16,-1.84,3.89,2.43,1.67,1.51,3.19,1.13
195903,2.23,-0.1,-0.29,-0.24,0.7,1.43,0.8,-0.44,-0.92,-0.25
195904,3.32,3.78,1,5.78,4.7,5.08,3.41,4.02,1.64,3
195905,2.02,1.72,0.42,1.44,2.07,0.97,0.37,1.93,5.26,-0.36
195906,0.99,1.61,0.49,1.04,-0.81,0.89,-1.82,0.81,-0.7,-0.81
195907,3,1.64,5.65,0.67,3.44,6.01,4.27,3.85,1.26,2.1
195908,-5.05,-2.29,-1.28,-0.2,-0.15,-1.69,-1.18,-1.7,-0.46,-3.12
195909,-4.68,-4.31,-4.97,-5.25,-5.01,-4.36,-2.54,-4.12,-4.67,-6.06
195910,3.56,3.04,2.01,1.26,1.97,0.8,1.09,2.37,0.42,2.47
195911,6.15,0.13,0.84,1.2,-0.53,1.76,2.32,3.04,2.73,5.31
195912,3.54,3.53,2.82,3.62,3.41,2.56,2.74,2.61,2.3,1.07
196001,-5.87,-3.33,-3.59,-6.32,-6.41,-6.06,-5.4,-8.91,-9.92,-8.68
196002,0.16,2.33,0.69,0.86,0.57,1.54,0.05,0.72,7.09,-0.24
196003,-0.32,-2.55,-3.25,-2.3,-0.85,0.56,-2.07,-0.68,-1.43,0.19
196004,-0.91,-4.39,-2.74,0.8,-3.25,-2.78,-1.5,-1.28,-0.19,0.87
196005,5.12,4.1,-0.02,0.72,1.01,2.43,0.99,6.76,6.6,7.61
196006,5.34,4.25,2.37,2.42,2.78,1.01,1.86,3.31,2.41,-0.12
196007,-4.45,-2.59,-2.97,-2.71,-1.2,-0.02,-1.86,-2.74,-2.34,-5.09
196008,1.64,1.83,1.88,2.97,3.25,2.74,4.36,3.12,3.5,5.75
196009,-7.03,-7.21,-6.83,-3.22,-5.8,-6.76,-4.31,-6.23,-5.29,-6.25
196010,-4.15,-3.48,-0.83,-0.09,0.79,0.39,-0.71,-0.34,-0.14,0.11
196011,8.59,5.08,6.36,4.73,4.43,3.17,5.31,4.35,5.88,5.88
196012,5.75,4.4,6.34,3.31,4.43,8.32,4.35,3.35,2.97,5.1
196101,8.43,9,4.95,5.79,6.74,7.3,6.09,6.68,4.85,7.1
196102,3.59,5.14,5.27,3.92,3.16,3.98,3.64,1.76,3.74,2.71
196103,3.18,5.56,1.95,2.22,3.6,2.6,1.59,2.65,2.12,3.44
196104,0.69,2.26,-1.05,2.17,0.06,1.4,1.32,-1.51,-2.35,-0.54
196105,4.02,6.73,5.81,2.96,3.03,3.21,0.79,2.82,-0.2,1.88
196106,-3.08,-1.26,-2.94,-1.43,-3.25,-3.74,-3.51,-3.32,-3.42,-3.61
196107,2.11,2.88,2.53,5.38,3.53,3.91,1.53,3.07,2.65,1.89
196108,3.39,2.13,4.54,2.7,3.61,4.16,4.13,2.53,0.3,3.26
196109,-5.95,-5.48,-2.3,-0.91,-1.79,-2.61,-3.02,2,-2.66,-5.07
196110,-0.39,4.88,0.64,3.78,2.15,4.56,1.76,5.5,4.14,1.3
196111,2.85,3.82,3.05,5.05,8.22,4.84,4.37,4.59,1.6,4.95
196112,0.44,0.82,-0.22,-1.17,0.09,0.13,0,1.02,-0.36,-1.92
196201,-2.86,-2.96,-3.33,-4.25,-4.81,-4.36,-2.86,-4.84,-1.7,-5.55
196202,1.37,1.53,3.61,2.24,2.02,1.81,-1.03,2.75,0.48,-1.07
196203,0.45,0.61,-0.5,0.03,-1.13,-0.01,-0.48,-1.46,0.4,-1.9
196204,-7.57,-6.14,-7.22,-5.35,-7.66,-6.57,-5.72,-5.37,-6.29,-6.97
196205,-10.82,-8,-6.46,-9.69,-9.03,-6.2,-8,-9.93,-7.79,-12.78
196206,-10.45,-8.42,-10.56,-9.82,-9.55,-8.71,-7.79,-7.38,-6.35,-7.28
196207,8.74,9.87,5.76,6.72,5.89,7.14,7.6,5.19,4.6,3.06
196208,1.89,2.33,2.22,2.53,1.13,4.23,2.35,3.43,1.56,1.78
196209,-5.42,-3.74,-5.93,-3.07,-5.17,-4.32,-4.43,-6.67,-6.61,-8.65
196210,-4.26,-1.36,-1.85,0.13,1.39,0.66,0.33,0.38,1.11,0.43
196211,16.92,14.77,14.25,12.88,13.5,11.17,10.01,10.97,8.37,10.91
196212,3.61,3.08,3.16,2.34,0.87,0.29,-1.37,-1.01,-1.38,-5.04
196301,10.33,7.95,7.19,8.72,5.81,6.48,4.86,3.51,4.74,1.09
196302,-0.96,-1.4,-1.73,-1.83,-1.57,-3.02,-3.94,-2.89,-3.05,-3.01
196303,1.36,4.24,4.15,4.89,3.8,2.43,3.4,1.42,1.59,1.43
196304,3.02,3.72,4.63,5.66,4.49,3.85,4.61,6.26,5.19,4.45
196305,4.64,2.98,1.45,0.74,0.7,0.22,4.6,2.05,0.79,4.78
196306,-0.56,0.64,-1.43,-1.98,-1.39,-3.67,-2.16,-1.82,-3.67,-2.28
196307,0.8,-1.53,0.17,-1.69,-0.22,0.76,-0.76,0.91,-0.62,0.64
196308,6.51,7.32,7.44,5.95,5.65,4.67,5.61,4.49,4.58,5.87
196309,-1.38,-0.41,-2.03,-1.64,-0.96,-0.01,-0.87,-2.5,-2.28,-2.27
196310,3.03,3.76,-0.49,2.15,2.49,1.34,7.2,2.96,2.77,1.44
196311,0.44,-0.35,-0.4,-1.95,-1.39,0.26,0.86,1.88,-0.96,-5.07
196312,-0.04,2.86,2.92,2.11,3,1.28,2.71,3.85,0.71,2.06
196401,-0.07,1.79,1.44,3.93,2.94,2.23,2.52,3.45,3.04,0.03
196402,2.14,3.46,2.39,1.99,2.74,1.29,1.19,1.3,2.17,2
196403,2.76,1.27,2.34,0.57,1.59,1.78,1.94,3.78,0.79,1.43
196404,-0.83,0.68,2.49,1.75,0.81,0.04,-1.67,-0.6,-2.67,-2.7
196405,-0.68,0.87,1.88,0.7,1.69,0.45,1.53,1.38,2.48,4.15
196406,3.07,2.41,1.47,3.6,0.68,1.35,0.17,1.01,0.77,0.88
196407,2.27,3.59,2.16,1.37,2.76,4.41,1.69,1.97,0.09,1
196408,-2.36,-2.08,-1.44,-1.36,-1.22,-0.99,-1.35,-0.8,0.92,-0.9
196409,5.04,4.3,3.47,2.65,1.53,3.78,4.25,3.04,2.24,2.25
196410,1.64,-0.03,0.11,1.12,2.1,1.6,1.34,0.61,0.18,-0.26
196411,-1.2,0.01,1.17,-1.11,0.01,1.64,0.34,1.3,1.77,-0.1
196412,-0.12,-0.29,2.63,-0.82,1,-0.11,-0.01,-0.09,-0.41,-0.61
196501,6.14,5.58,6.14,3.25,4.8,6.87,2.17,3.25,2.58,2.7
196502,-2.12,1.04,2.77,-0.63,1.21,0.45,0.72,2.56,2.86,1.36
196503,-2.52,-0.82,0.63,-0.77,-0.61,-1.11,-0.38,-0.35,-2.38,-2.99
196504,4.62,1.61,4.72,2.68,3.14,2.3,4.8,3.77,3.67,2.69
196505,-1.38,-0.9,-0.94,-0.22,1.2,0.21,0.46,-2.43,-1.63,-0.39
196506,-7.67,-5.36,-5.99,-5.04,-4.57,-4.93,-2.99,-5.26,-4.82,-8.87
196507,5.22,4.52,3.21,2.47,3.25,2.06,1.52,0.58,1.37,1.34
196508,4.21,2.02,1.63,3.26,3.19,1.41,3.38,4.11,5.41,6.42
196509,4.19,3.45,1.12,3.04,3.53,4.62,1.79,2.71,4.93,2.62
196510,3.42,1.58,2.91,1.81,-0.12,2.99,3.56,4.43,3.55,5.25
196511,0.94,-1.21,2.71,-0.87,1.22,1.08,-2.26,0.42,2.7,8.89
196512,3.16,1.37,2.39,0.1,0.65,1.16,1.21,1.13,1.96,-0.34
196601,3.72,0.84,0.07,1.5,0.59,-0.12,1.43,1.36,2.61,3.12
196602,-0.76,-2.28,-1.63,-1.66,-2.76,-1.83,1.65,2.22,2.84,2.8
196603,1.49,-1.17,-2.48,-3.41,-3.07,-2.84,-3.55,-0.78,-1.19,-1.27
196604,3.87,2.19,1.55,-0.21,2.2,2.72,1.72,5.3,3.07,3.37
196605,-4.24,-4.95,-4.68,-3.44,-3.59,-5.21,-6.72,-4.78,-7.39,-9
196606,1.57,3.63,-0.99,0.24,-0.85,-2.16,-1.38,-0.8,-1.09,-3.11
196607,0.25,-1.32,0.04,-2.11,-0.69,-0.97,-1.66,-3.52,-1.32,-0.95
196608,-8.5,-7.34,-7.64,-7.12,-7.46,-5.94,-7.94,-8.38,-7.68,-8.81
196609,-1.47,0.02,1.67,-0.78,1.85,0.16,-1.32,-0.99,-1.83,-1.16
196610,-1.1,1.89,3.92,1.87,2.82,7.29,4.78,2.4,6.53,5.99
196611,15.34,9.65,7.96,0.21,0.43,1.47,4.52,1.46,-2.04,-0.13
196612,0.8,1.82,1.9,-1.02,-1.08,0.29,0.38,0.64,0.17,0.81
196701,10.25,12.07,8.74,8.37,10.44,9.25,6.5,6.38,7.51,10.12
196702,0.14,1.34,3.58,1.42,-0.28,-0.85,1.45,-0.32,2.03,3.5
196703,6.7,5.7,4.93,3.43,3.57,2.78,4.36,5.37,4.23,5.53
196704,6.07,6.61,4.12,2.06,2.71,5.52,3.19,4.63,4.68,5.04
196705,-2.33,-0.4,-3.62,-2.65,-4.04,-4.12,-3.13,-3.9,-5.48,-6.69
196706,5.6,1.14,2.48,2.17,2.93,0.41,3.87,3.71,4.96,7.7
196707,5.93,7.01,3.47,3.87,8.17,-0.15,5.27,6.71,5.28,5.44
196708,-0.88,0.06,0.04,-1.28,-0.46,-0.42,-0.85,-2.14,0.07,-0.12
196709,2.46,2.85,4.3,4.02,4.06,2.74,1.3,3.63,4.26,4.23
196710,-5.89,-2.72,-4.24,-3.71,-3.31,-5.11,-3.3,-0.86,0.85,-0.92
196711,1.98,0.02,2.19,0.2,-0.3,1.18,0.02,2.27,-1.05,1.72
196712,4.57,6,6.06,2.34,2.54,4.19,1.34,3.02,3.72,4.68
196801,-4.53,-2.8,1.13,-1.03,-5.65,-4.66,-4.6,-4.46,-6.77,-4.58
196802,-5.03,-3.37,-3.63,-2.65,-3.39,-1.95,-2.68,-2.73,-3.69,-6.86
196803,1.01,3.12,1.67,0.01,0.45,-0.53,1.7,-0.13,-0.04,-1.02
196804,14.2,11.51,6.86,8.71,6.26,9.56,9.18,9.52,10.59,12.73
196805,3.4,0.04,3.06,3.07,1.89,3.35,3.9,2.19,4.16,7.62
196806,0.58,3.66,2.79,1.63,3.22,-0.62,-0.31,-0.52,-2.08,0.26
196807,-3.88,-3.65,-3.44,-2.95,-0.89,-1.77,-1.41,-2.13,0.57,-4.22
196808,1.69,1.81,2.46,2.55,2.03,1.24,1.7,1.07,1.21,2.94
196809,7.25,4.62,6.19,4.19,3.42,2.8,4.16,4.76,5.77,6.88
196810,0.34,2.72,-1.6,2.68,1.54,3.46,0.12,0.19,-0.82,-2.03
196811,8.51,8.92,7.09,5.96,6.79,6.11,4.86,1.43,4.88,5.82
196812,-2.79,-2.21,-3.37,-2.71,-4.23,-3.45,-2.96,-5.1,-4.37,-4.39
196901,0.97,-0.05,0.9,-2.86,-0.93,-0.92,-0.26,-1.92,-2.81,-1.32
196902,-6.57,-5.7,-3.2,-6.06,-4.13,-4.07,-4.68,-5.74,-7.78,-9.36
196903,2,3.29,2.62,3.03,4.95,2.41,1.38,2.25,3.8,4.07
196904,1.82,1.93,0.98,4.74,0.96,0.98,1.02,0.99,2.66,2.67
196905,0.41,0.34,1.18,2.85,1.95,-0.04,0.43,-1.47,0.01,-0.97
196906,-13.18,-6.85,-7.92,-1.52,-6.67,-5.85,-6.54,-6.75,-8.07,-10.3
196907,-8.08,-7.08,-8.34,-8.2,-7.61,-7.3,-6.6,-5.3,-5.5,-5.34
196908,8.13,7.13,6.49,7.08,5.74,5.16,4.27,3.52,3.63,5.36
196909,0.25,-1.85,-1.56,-3.42,-0.74,-4.47,-1.25,-2.11,-1.91,-4.52
196910,3.76,3.67,6.77,4.97,7.21,7.93,4.16,6.4,8.12,6.02
196911,-3.89,-3.82,-2.31,-2.43,-3,-3.65,-2.19,-3.76,-5.13,-4.9
196912,-7.25,-3.54,-2.63,-2.8,-1.95,-0.46,-1.49,0.02,-3.51,-1.71
197001,-8.24,-6.45,-10.49,-4.3,-8.55,-6.4,-8.08,-7.96,-7.76,-7.68
197002,6.65,8.61,6.18,5.8,5.75,3.33,6.94,5.08,3.37,3.2
197003,-1.63,0.64,-1.07,-0.97,-1.58,0.28,-0.56,1.94,-0.96,-2.36
197004,-17.51,-13.2,-12.72,-9.23,-9.35,-11.33,-9.09,-9.01,-8.09,-10.87
197005,-11.12,-10.26,-8.88,-7.77,-7.31,-5.57,-8.74,-3.9,-5.92,-5.61
197006,-10.28,-6,-3.3,-4.25,-4.9,-6.48,-4.12,-7.26,-4.27,-3.5
197007,9.06,7.68,10.9,6.15,8.14,6.5,10.42,6.14,7.17,5.54
197008,8.81,5.02,4.84,4.93,3.86,5.86,3.62,5.48,7.24,3.87
197009,12.39,6.78,2.81,3.66,5.5,4.56,1.67,5.47,6.51,8.36
197010,-0.74,-2.23,1.36,-0.93,-1.85,-0.71,-3.06,-4.67,-7.01,-10.78
197011,2.12,1.55,6.98,4.95,5.69,6.22,5.58,4.25,4.94,4.66
197012,8.96,9.01,7.46,9.02,7.4,4.57,5.8,5.29,5.24,4.27
197101,9.75,4.56,4.4,4.45,5.2,3.9,4.28,6.42,6.79,7.39
197102,3.76,1.24,1.96,1.69,2.36,-1.18,1.69,1.87,1.56,2.88
197103,3.41,4.26,3.52,5.78,4.36,4.94,3.65,5.72,4.67,3.63
197104,4.82,4.19,2.97,4.59,5.3,2.75,2.16,2.89,2.47,2.95
197105,-3.78,-3.58,-3.14,-5.34,-2.12,-2.34,-2.16,-4.65,-3.2,-4.26
197106,-3.49,0.9,-0.85,1.36,-0.33,0,0.27,0.16,2.57,0.97
197107,-6.17,-4.99,-3.39,-5.02,-2.8,-2.59,-3.09,-4.13,-6.1,-4.43
197108,8.15,9.26,8.73,4.77,3.97,3.05,4.22,1.79,2.47,2.55
197109,0,-1.31,-0.32,0.1,-0.3,-0.59,0.82,-1.58,-1.59,-0.41
197110,-8.9,-4.77,-5.35,-4.75,-4.45,-3.39,-2.83,-3.59,-3.58,-5.03
197111,-2.98,-1.54,-0.64,-1.08,0.14,-0.65,1.23,0.02,0.12,-0.79
197112,14.61,13.11,11.76,8.22,9.26,9.88,8.68,8.11,8.76,7.47
197201,4.05,1.75,3,1.9,3.53,0.58,2.28,2.96,4.99,7.14
197202,4.3,5.47,1.03,2.74,4.32,3.6,1.59,3.13,5.28,2.93
197203,1.94,1.09,2.62,0.61,0.58,1.75,0.4,1.65,-0.01,-0.73
197204,0.16,0.17,0.24,0.13,0.85,1.58,0.42,0.44,0.89,0.41
197205,-1.66,0.32,0.59,2.29,1.82,2.64,2.36,1.72,1.19,0.83
197206,-2.04,-3.36,-4.48,-4.01,-3.65,-2.44,-2.8,-0.36,-2.08,-1.01
197207,-5.62,-2.32,-1.94,-0.78,-1.09,-1.25,0.34,0.98,1.02,0.54
197208,2.83,3.65,3.88,6.58,5.77,6,3.86,3.61,1.24,0.38
197209,-3.1,1.92,-0.49,-0.35,-1.41,-0.8,0.78,-1.55,-2.89,-0.12
197210,-2.13,1.26,1.27,1.92,1.49,1.34,-1.78,3.36,0.88,1.74
197211,10.05,9.95,5.08,6.96,6.07,3.89,4.11,3.49,4.96,3.33
197212,3.33,3.82,2.1,2.02,-0.49,1.86,-2,-0.57,-1.61,-2.92
197301,-5.59,-5.69,-6.28,-4.56,-5.49,-2.63,-0.79,0.27,-3.33,-4.12
197302,-8.1,-6.46,-5.82,-3.27,-5.99,-3.15,-3.67,-4.67,-3.64,-4.18
197303,-2.96,1.13,-1.57,0.61,-2.23,-0.24,-1,-0.75,-0.85,-1.09
197304,-9.92,-6.28,-4.26,-5.69,-5.89,-4.11,-5.23,-3.72,-5.64,-4.85
197305,-5.33,-5.03,-3.66,-3.93,0.21,-1.72,-2.03,-2.15,-2.75,-2.69
197306,-2.65,-3.23,-1.71,-2.47,-2.56,-2.03,0.32,-0.33,-1.6,-0.05
197307,21.38,11.61,12.08,7.74,8.06,5.37,2.02,2.03,3.58,7.99
197308,-3.1,-3.49,-2.57,-3.18,-4.89,-0.89,-2.06,-3.78,-2.57,-4.07
197309,9.94,7.26,7.42,6.97,2.18,4.78,3.64,6.44,6.71,7.37
197310,2.19,0.44,-1.23,0.4,-0.18,-1.8,-3.16,-0.53,-0.26,-0.42
197311,-19.41,-18.82,-12.5,-10.63,-12.92,-14.17,-11.32,-9.75,-8.79,-10.78
197312,1.23,0.8,1.54,-0.29,0.46,4.71,1.35,0.67,-1.96,4.08
197401,7.04,7.83,4.04,4.44,1.75,0.9,-0.23,-1.08,-3.45,-6.02
197402,-0.02,-1.68,0.39,1.59,1.51,1.39,0.87,0.17,0.71,-3.04
197403,0.97,0.07,-0.03,-2.05,-2.04,-2.1,-2.72,-4.54,-4.47,-5.36
197404,-5.95,-4.48,-7.12,-5.61,-5.14,-3.42,-3.36,-3.13,-2.5,-6.56
197405,-6.5,-4.89,-9.15,-6.59,-5.89,-1.95,-2.54,-4.17,-1.7,-3.89
197406,-3.67,-1.3,-6,-3.51,-2.01,-0.95,-2.47,-0.47,-2.26,-2.49
197407,-5.23,-5.76,-7.58,-7.2,-1.72,-10.53,-8.79,-8.77,-7.12,-4.78
197408,-9.38,-8.68,-5.89,-11.19,-7.88,-8.86,-8.12,-9.59,-9.92,-10.05
197409,-6.67,-9.05,-7.7,-12.33,-13.04,-12.67,-11.41,-13.11,-10.18,-8.48
197410,22.72,20.94,22.31,12.82,18.95,13.37,13.56,12.75,12.28,13.44
197411,-4.7,-5.29,-4.79,-4.04,-4.5,-4.94,-4.96,-4.27,-3.33,-1.38
197412,-6.8,-3.8,-2.85,-0.45,-1.8,-3.77,-2.26,-2.36,-2.8,-5.24
197501,34.6,27.42,21.87,20.64,15.36,12.69,13.48,14.55,10.1,8.34
197502,8.01,7.82,7.17,3.73,2.82,2.68,5.02,4.32,2.97,1.25
197503,9.5,5.23,3.89,3.68,-0.32,5.29,1.02,5.66,0.46,3.85
197504,5.64,1.93,6.45,2.94,6.04,6.11,4.07,7.69,6,3.96
197505,12.58,10.41,8.55,4.82,4.81,6.86,3.89,4.99,4.5,3.24
197506,8.66,6.51,6.72,4.07,4.05,6.36,5.39,5.56,3.64,2.94
197507,-7.88,-6.78,-6.65,-5.7,-5.9,-6.36,-4.88,-4.77,-6.3,-7.61
197508,-2.13,-2.74,-2.18,-2.22,-1.82,-1.89,-2.4,-2.05,-3.31,-4.78
197509,-4.77,-3.03,-5.97,-5.96,-3.88,-2.46,-2.79,-3.33,-4.43,-4.42
197510,5.66,7.42,8.03,5.01,4.86,6.11,6.16,7.25,3.52,3.22
197511,2.58,-1.2,1.35,0.15,2.85,2.26,3.18,4.59,5.2,3.77
197512,1.7,0.89,1.21,-0.89,-1.01,-0.05,-3.55,-1.96,-3.11,-2.55
197601,12.42,15.34,12.6,14.74,13.03,10.68,12.09,10.79,12.5,14.97
197602,-0.23,-1.66,0.81,-0.65,1.13,2.36,1.03,2.57,4.33,10.81
197603,6.21,4.94,2.45,0.3,2.15,-0.38,0.57,0.27,-0.85,0.66
197604,-1.08,0.86,-0.01,-1.8,-0.23,0.23,-1.35,-1.3,-2.94,-1.42
197605,-1.09,-2.19,-1.7,-1.5,-1.34,-1.64,1.28,-1.55,-0.93,1.47
197606,6.25,4.15,5.57,3.73,3.75,3.48,3.81,5.16,5.79,4.75
197607,0.46,-1.36,-0.36,1.98,0.61,-0.11,-1.29,-1.83,-1.47,-3.58
197608,-2.82,-1.85,-0.82,-0.07,-0.34,-1,1.21,1.81,0.74,-0.5
197609,2.94,2.65,1.18,1.5,3.4,2.34,3.54,2.73,2.69,0.72
197610,-2,-1.64,-0.47,-2.36,-1.15,-2.43,-2.38,-2.88,-2.08,-3.11
197611,4.58,1.92,0.13,-0.67,-0.22,-1.4,2.22,1.48,2.76,1.88
197612,9.4,7.89,5.96,5.63,4.35,4.7,6.3,5.3,4.63,5.6
197701,-7.01,-6.79,-1.69,-1.62,-3.37,-3.49,-4.43,-2.79,-3.01,-0.91
197702,-1.39,-0.67,-2.4,-1.58,-0.85,-0.95,-2.21,-2.25,-3.23,-2.45
197703,0.96,-0.5,-0.52,-2.07,-0.78,-0.68,-2.18,-0.7,-0.94,-0.77
197704,-0.08,0.43,-0.6,2.51,0.81,-1.08,-0.53,2.52,1.33,2
197705,-2.87,-2.16,-0.68,-2.15,0.52,-0.53,-0.23,-0.6,-0.47,-1.49
197706,4.71,6.32,5.08,5.41,5.36,5.09,3.93,5.86,3.88,6.86
197707,-2.6,-1.96,-1.29,0.42,-1.39,-1.14,-0.66,-1.24,-1.84,-2.85
197708,-1.08,-2.79,-1.11,-1.58,-1.16,-2.73,-0.19,-2.23,-1.24,0.86
197709,2.13,0.49,-0.1,0.29,2.2,-0.75,-0.57,-0.52,-0.34,-0.74
197710,-1.68,-3.56,-2.84,-3.49,-3.83,-3.98,-4.27,-5.09,-5,-4.04
197711,6.4,6.81,4.03,4.24,4.3,3.03,4.23,3.61,5.28,5.47
197712,1.54,1.47,-0.04,1.08,-0.1,-0.29,0.14,0.48,1.55,3.19
197801,-4.34,-5.39,-4.96,-6.11,-5.08,-5.58,-6.07,-4.63,-7.4,-6.08
197802,0,-1.85,-1.36,-0.8,-1.14,1.44,-2.24,-1.17,-1.84,-0.4
197803,5.43,0.8,2.64,2.89,3.56,4.42,3.77,4.04,3.38,6.31
197804,12.17,9.13,5.37,6.43,7.84,8.65,10.22,8.31,9,6.53
197805,3.91,2.46,1.53,2.91,1,4.38,3.17,0.45,1.64,4.56
197806,-0.59,-0.78,-0.87,-1.96,-1.59,-1.31,-1.39,-1.36,-0.4,-0.57
197807,5.35,6.78,5.88,5.81,4.02,6.47,6.02,5.42,5.76,5.97
197808,7.78,5.31,4.85,4.26,2.49,3.52,4.09,2.93,4.9,6.7
197809,0.56,0.03,-0.14,-0.2,0.45,-1.86,-0.58,-3.01,-2.96,-3.21
197810,-17.52,-14.38,-8.83,-11.66,-11.21,-9.84,-11.21,-8.05,-11.33,-15.7
197811,13.44,11.99,7.46,7.6,5.2,3.42,3.12,1.64,2.73,1.77
197812,2.71,0.56,0.04,1.12,2.72,1.72,1.04,1.93,1.9,2.31
197901,11.75,8.24,8.48,5.09,4.78,5.82,2.61,3.68,2.68,3.72
197902,-3.31,-2.63,-1.8,-2.84,-2.97,-3.34,-3.92,-2.79,-4.35,-2.77
197903,9.66,7.25,6.25,6.63,5.97,5.88,5.98,4.28,7.77,9.92
197904,0.17,-1.48,0.27,2.87,1.02,0.74,1.71,0.49,0.22,1.51
197905,-1.39,0.52,-0.75,-1.63,-1.69,-2.03,-1.44,-1.05,-1.99,-3.26
197906,7.03,6.38,5.91,4.96,2.16,5.22,3.05,5.03,4.62,6.52
197907,2.63,0.23,0.82,2.32,2.06,2.08,2.51,1.5,2.23,-0.3
197908,7.35,5.86,6.08,8.02,6.86,5.9,5.62,6.36,6.2,4.86
197909,-1.8,-1.11,-1.67,1.82,-0.11,-1.22,1.43,2.02,0.28,-0.08
197910,-10.25,-8.22,-8.18,-7.72,-7.32,-8.73,-7.85,-5.37,-5.86,-6.53
197911,9.85,8.74,5.4,5.09,5.79,5.94,6.49,5.56,4.93,8.39
197912,4.31,4.03,2.35,-0.96,1.44,1.74,3,3.61,5.78,7.39
198001,4.62,4.83,4.99,4.33,6.06,6.08,6.42,9.68,9.77,9.81
198002,-4.75,-2.69,-4.01,-4.04,-3.98,-3.12,1.03,7.68,2.51,0.2
198003,-6.9,-7.65,-6.5,-8.03,-8.01,-9.06,-12.3,-10.97,-16.97,-18.39
198004,7.71,6.16,5.74,7.02,6.4,2.54,2.94,3.95,4.14,7.34
198005,9.67,6.19,7.77,5,6.98,5.54,5.31,5.11,4.24,5.55
198006,7.37,4.77,4.09,3.1,2.58,2.72,2.64,4.3,3.06,0.98
198007,12.11,10.48,6.58,9.27,6.33,6.47,4.82,7.05,6.79,6.01
198008,3.97,2.67,2.2,2.3,1.85,0.73,1.06,2.65,3.41,4.26
198009,1.24,1.94,1.62,4.02,2.6,4.2,1.63,6.59,4.53,2.81
198010,-1.23,1.73,0.05,1.95,0.14,3.04,3.61,0.64,0.99,6.71
198011,5.4,2.62,6.09,7.24,7.92,5.22,12.6,13.41,19.5,17.13
198012,0.73,1.53,1.56,0.91,1.02,-0.99,-1.51,-2.21,-5.9,-9.53
198101,-9.4,-6.38,-4.37,-2.23,-5.21,-3.53,0.84,-2.95,-2.63,-3
198102,-0.09,-0.03,0.19,1.11,4.68,2.92,3.64,2.65,2.26,2.7
198103,8.01,4.77,7.59,3.66,4.06,2.09,6.98,4.47,4.04,4.37
198104,-3.22,0.36,-0.01,-1.96,0.44,-3.76,-0.55,1.43,0.28,0.76
198105,-2.55,0.52,0.18,0.19,0.37,2.09,2.23,4.44,3.23,5.86
198106,2.53,1.01,0.77,-0.5,-0.89,-0.8,-1.27,-2.19,-3.46,-6.72
198107,-0.72,-0.99,-1.42,-1.05,0.36,-1.45,-1.06,0.46,0.55,2.42
198108,-7.58,-6.32,-5.8,-6.16,-4.76,-5.83,-4.62,-5.32,-6.3,-6.16
198109,-8.57,-6.83,-5.48,-6.61,-7.1,-6.27,-6.23,-5.56,-2.62,-8.67
198110,12.09,13.66,4.49,6.33,4.77,5.71,2.35,3.59,6.46,6.48
198111,5.25,7.54,5.76,4.33,5.82,3.3,2.14,3.96,3.58,2.76
198112,-2.33,-0.57,-1.45,-3.08,-0.91,-4.47,-3.02,-2.79,-3.34,-5.25
198201,-5.35,-3.54,-3.21,-3.5,-1.19,-2.1,-1.8,-0.65,0.28,-4.91
198202,-9.51,-8.57,-7.1,-5.31,-6.27,-3.36,-2.19,-3.85,-2.37,-2.58
198203,-3.22,-2.19,-1.18,0.13,-2.05,-0.82,-0.12,-0.23,0.55,0.28
198204,4.43,7.21,5.71,5.03,6.04,3.63,1.99,3.59,4.78,3.53
198205,-5.39,-0.75,-1.01,-2.49,-2.95,-3.64,-3.14,-3.85,-2.49,-4.99
198206,-3.66,-2.57,-2.68,-1.79,0.04,-1.62,-1.6,-2,-1.17,-5.5
198207,-5.54,-3.97,-4.87,-2.92,-2.21,0.17,-0.89,-1.34,-1.42,-1.5
198208,11.95,12.53,11.87,12.59,13.13,12.96,11.03,11.59,11.14,10.41
198209,3.37,5.55,4.61,3.47,2.35,1.09,1.8,0.94,-0.53,-1.78
198210,17,14.92,13.83,10.45,11.3,10.74,9.66,11.48,11.94,11.71
198211,3.81,1.25,2.34,5.4,4.1,6.85,5.28,7.92,6.99,12.4
198212,6.42,2.44,1.75,1.2,0.86,1.6,2.03,-0.87,-1.16,-3.29
198301,8.6,4.35,5.08,8.21,5.81,3.73,2.66,1.3,2.38,2.37
198302,6.63,3.55,4.56,1.53,3.77,4.7,2.65,3.58,0.98,0.91
198303,4.73,1.75,4.6,4.47,2.49,2.38,3.61,5.37,1.38,3.16
198304,8.02,6.08,6.32,7.32,8.41,8.25,6.32,6.66,8.71,7.47
198305,4.79,4.15,3.21,1.31,-0.28,0.77,0.4,2.13,-0.57,1.41
198306,5.31,4.52,2.17,1.81,2.53,3.61,3.58,3.99,4.04,4.55
198307,-3.32,-1.1,-2.97,-0.74,-2.78,-5,-4.52,-2.52,-4.71,-5.56
198308,-2.24,0.26,0.86,-0.03,1.8,0.43,0.68,-1.31,1.4,-1.64
198309,2.3,2.91,3.76,3.8,3.41,3.4,2.15,1.87,-0.68,-2.27
198310,-6.16,-5.42,-1.94,-4.63,-0.72,-1.26,-0.32,-0.54,-2.58,-4.8
198311,7.94,7.85,5.44,3.14,3.39,3.59,-0.05,3.22,0.29,1.07
198312,0.94,-0.75,-0.89,-0.09,-1.99,-2.73,-0.73,-0.78,-1.81,-3.9
198401,-3.15,0.68,-2,-3.03,1.58,-0.52,-1.62,-0.65,-3.5,1.4
198402,-4.83,-6.07,-4.28,-6.46,-4.94,-5.44,-4.08,-3.7,-2.55,0.82
198403,1.22,4.24,4.13,0.95,1.21,2.47,0.48,0.59,1.05,-0.49
198404,-0.92,1.32,1.89,0.71,2.01,0.25,-0.74,0.57,-1.9,-1.38
198405,-4.64,-5.16,-3.69,-5.98,-5.13,-3.85,-6.21,-3.57,-6.08,-7.6
198406,3.41,1.61,4.97,0.84,2.15,2.18,2.44,2.62,2.61,4.11
198407,-7.67,-5.5,-0.47,-1.35,-1.83,-0.17,0.54,-2.52,-1.34,-2.25
198408,17.57,15.79,16.02,12.47,11.13,11.67,8.94,9.64,9.33,7.41
198409,1.46,2.33,1.85,0.84,-0.37,0.28,-0.27,-1.82,-2.05,-3.12
198410,-2.49,0.76,0.29,0.43,0.43,0.76,0.08,-0.36,1.81,-0.87
198411,-2.09,-1.22,-0.98,-1.26,-0.93,-1.08,-0.41,-0.55,-0.81,-2.24
198412,3.88,3.21,2.65,1.73,2.23,2.7,3.1,2.08,2.49,1.72
198501,14.23,12.06,8.7,7.85,8.55,8.35,6.68,8.29,8.81,7.64
198502,4.51,2.29,3.67,1.34,0.74,1.37,0.83,1.5,0.64,0.46
198503,-2.35,-0.79,-1.82,-2.28,0.47,0.53,1.7,0.3,1.06,0.04
198504,-4.51,-2.43,-0.97,-0.49,0.34,0.97,0.89,0.92,0.64,-1.63
198505,3.5,5.99,6,7.2,7.2,5.01,5.98,6.07,5.34,4.67
198506,0.73,2.17,2.14,0.06,2.91,2.06,1.94,2.39,2.74,0.92
198507,3.35,2.49,2.35,0.53,-0.59,-0.07,-1.35,-2.46,-1.95,-1.03
198508,0.69,0.86,0.18,0.35,0.07,-1.23,-1.24,-2.52,-1.27,-1.39
198509,-7,-4.82,-5.21,-3.34,-3.27,-4.89,-3.03,-4.35,-1.91,-4.4
198510,4.16,3.83,4.32,6.68,4.83,5.15,4.54,3.87,5.62,3.61
198511,7.71,9.59,9.23,8.02,8.41,7.45,5.78,5.61,5.54,5.63
198512,2.02,1.8,4.93,4.6,4.45,6.06,7.14,3.96,4.73,2.02
198601,-1.19,0.57,2.98,1.91,1.34,2.79,0.4,2.05,0.12,0.59
198602,3.87,6.09,8.8,6.11,8.89,8.61,8.47,8.51,8.27,7.25
198603,3.5,4.62,4.49,6.69,6.31,5.58,5.13,6.67,5.85,4.55
198604,2.81,0.05,1.62,-1.22,-3.72,-1.55,-0.58,-2,-0.55,-2.38
198605,5.22,4.98,4.84,5.49,4.67,6.62,6.9,3.9,4.85,3.8
198606,-1.44,0,-0.61,0.19,1.18,2.95,2.66,2.59,2.02,2.95
198607,-11.36,-8.26,-6.56,-8.19,-7.69,-5.27,-3.78,-4.77,-3.95,-5.75
198608,8.71,6.5,5.97,6.54,6.34,4.81,6.44,8.23,6.16,6.69
198609,-7.62,-9.03,-7.83,-8.76,-9.5,-8.13,-8.6,-9.71,-7.59,-3.37
198610,8.18,6.64,6.85,6.07,4.98,5.87,0.28,3.34,4.57,2.02
198611,1.94,0.81,-0.18,2.94,2.29,3.08,2.16,0.54,1.66,-1.45
198612,-2.49,-2.74,-2.44,-2.53,-2.22,-2.36,-2.84,-4.03,-3.22,-1.89
198701,11.29,14.06,11.3,12.15,14.97,12.82,13.85,13.3,12.5,9.74
198702,3.95,5.35,6.02,5.13,2.74,4.9,5.34,3.89,5.36,5.9
198703,3.38,1.37,4.3,3.92,2.91,1.92,2.02,0.5,-0.18,0.22
198704,-2.8,-2.48,-3.88,-2.43,-2.67,-2.92,0.63,0.48,-0.69,-1.15
198705,-0.23,1.09,-0.35,-0.58,0.36,1.2,0.34,1.49,0.73,-0.7
198706,2.39,5.43,4.36,4.22,5.07,4.48,5.01,5.78,5.21,0.68
198707,2.83,6.91,3.94,3.57,3.89,3.51,4.77,4.44,4.15,6
198708,5.43,4.62,5.49,4.83,5.12,3.05,3.53,4.62,1.22,-0.43
198709,-0.03,-2.05,-3.35,-1.9,-1.85,-3.04,-3.85,-1.62,-1.49,0.5
198710,-29.34,-23.17,-24.06,-21.04,-21.64,-18.05,-21.84,-19.75,-26.85,-27.12
198711,-5.01,-6.06,-8.24,-5.2,-5.5,-5.2,-9.39,-9.12,-8.63,-5.25
198712,11.07,10.67,8.96,6.1,5.38,7.21,6.02,5.71,7.17,4.54
198801,8.15,6.97,8.89,9.08,5.06,4.61,2.87,1.82,1.44,-3.52
198802,8.73,7.23,7.81,5.53,6.79,5.6,2.42,1.77,2.69,5.86
198803,-1.79,-2.86,-3.48,-0.86,-2.74,-2.5,-2.04,-0.07,0.2,2.09
198804,1.17,1.04,1,-0.2,2.42,1.15,0.25,1.06,1.09,0.79
198805,-0.69,0.11,0.79,1.41,0.78,-1.01,1.78,-1.1,0.28,-0.49
198806,8.5,6.35,6.42,4.98,5.28,6.67,5.57,3.63,4.26,5.14
198807,2.44,1.12,1.42,-0.72,-0.96,-0.87,-1.63,-3.19,-2.85,-3.42
198808,-5.3,-4.75,-2.95,-3.26,-3.62,-2.4,-1.69,-1.41,-1.42,-2.51
198809,2.69,4.11,3.74,4.65,5.77,3.73,3.09,2.77,4.59,3.25
198810,-0.59,0.65,0.44,1.54,0.47,2.99,3.56,3.21,0.64,0.15
198811,-4.18,-1.23,-3.04,-1.13,-2.31,-0.85,-1.33,-1.94,-2.5,-0.76
198812,6,4.05,2.92,1.65,2.66,2.31,1.75,1.39,2.02,1.24
198901,8.32,7.64,6.71,6.45,5.98,6.98,6.77,6.01,6.26,5.39
198902,0.98,-0.54,-0.5,-0.9,-1.39,-1.84,-2.54,-2.43,-1.74,-0.86
198903,1.94,-0.63,2.75,3.28,4.11,2.22,3.12,3.03,2.43,0.97
198904,3.91,3.81,5.04,3.66,4.92,6.33,6.25,5.03,5.2,4.7
198905,0.8,2.46,2.47,4.23,3.78,3.19,4.59,4.95,5.43,5.2
198906,0.75,-0.26,0.37,0.47,-1.18,0.26,0.34,-1.01,-2.46,-3.3
198907,4.18,7.98,10.29,7.15,10.65,8.74,6.71,7.68,6.06,5.2
198908,2.89,3.67,4.24,2.91,2.44,2.23,4.02,0.96,1.2,0.71
198909,0.7,0.95,0.82,0.5,0.79,-0.42,0.11,-1.42,-1.62,-1.74
198910,-8.75,-6.84,-4.76,-4.97,-2.41,-2.05,-1,-0.56,-2.19,-2.4
198911,-1.15,-1.62,2.04,-0.17,1.25,0.71,2.92,3.3,2.5,1.87
198912,1.37,-0.7,-1.66,1.11,1.44,2.58,3.57,2.86,1.31,3.17
199001,-10.16,-9.47,-4.77,-6.4,-7.73,-7.07,-6.87,-7.34,-7.21,-8.99
199002,5.36,2.35,0.06,1.12,1.56,1.78,0.9,1.17,2.38,3.9
199003,2.9,3.17,2.91,3.38,1.49,2.85,0.63,1.58,3.69,3.22
199004,-5.53,-4.3,-3.7,-3.09,-2.63,-2.26,-2.12,-0.48,-3.42,-2.77
199005,9.25,9.02,8.88,7.92,9.1,9.2,7.96,8.5,12.03,8.21
199006,-0.73,0.14,0.59,-2.46,-0.88,-1.24,-0.63,1.01,0.23,-0.32
199007,-8.98,-2.23,-1.69,1.37,-1.47,0.4,-2.04,-0.82,-1.91,-1.12
199008,-13.32,-11.97,-12.5,-10.49,-11.16,-10.4,-9.51,-8.98,-7.57,-4.15
199009,-13.44,-9.15,-9.6,-8.07,-7.76,-5.85,-3.52,-4.14,-3.26,-1.49
199010,-7.82,-5.54,-3.55,-3.53,-3.21,0.31,-0.82,-1,1.73,0.51
199011,14.87,14.31,10.09,5.79,6.93,7.95,7.76,6.38,5.28,3.52
199012,0.11,0.66,1.11,3.07,3.75,2.79,3.03,4,6.96,3.61
199101,6.2,3.67,4.45,5.03,3.05,3.17,7.55,7.42,7.7,8.41
199102,7.68,7.49,6.53,8.7,7.98,9.25,7.13,5.31,9.11,8.88
199103,4.75,1.54,1.35,2.82,4.44,2.34,3.97,3.61,4.03,2.79
199104,-3.27,2.11,1.87,1.13,0.92,-0.35,0.37,0.55,-1.03,-2.49
199105,2.97,4.92,5.08,3.43,2.9,3.89,3.66,3.61,5.44,6.95
199106,-4.99,-4.13,-1.9,-3.7,-5.77,-5.32,-4.2,-5.37,-5.89,-6.57
199107,6.26,6.88,4.62,5.28,4.63,4.99,3.78,4.56,2.88,4.81
199108,2.57,0.4,1.82,2.62,1.26,1.66,3.23,3.57,4.11,5.41
199109,-1.95,-1.73,-1.52,0.82,-1.28,-0.89,-2.14,-0.82,-1.84,-1.03
199110,1.75,1.57,0.67,1.56,0.3,2.28,2.59,2.41,0.78,6.6
199111,-5.5,-3.68,-4.95,-3.65,-3.46,-2.86,-4.76,-1.8,-4.33,-6.08
199112,11.79,10.89,10.15,12.91,9.28,11.77,10.25,10.08,12.21,12.03
199201,7.28,5.39,5.21,-1.38,0.41,0.81,-1.78,0.13,-2.4,-2.97
199202,0.55,-0.57,0.3,0.81,2.09,2.73,3.32,2.91,5.06,5.03
199203,-4.69,-2.32,-2.39,-1.5,-1.82,-2.45,-3.11,-1.85,-2.57,-1.88
199204,-5.02,-1.18,-0.71,3.23,2.19,1.12,2.68,2.5,3.27,-0.03
199205,-0.11,1.22,1.29,1.6,0.23,-0.03,0.81,0.78,0.28,0.12
199206,-5.6,-1.64,-0.89,-1.27,-2.51,-0.55,-2.15,-1.61,-4.51,-3.12
199207,4.76,4.31,5.43,5.25,5.88,3.97,4.59,3.21,3.73,0.37
199208,-2.34,-5.62,-3.12,-2.8,-1.64,-0.19,-3.01,-0.5,-1.92,-3.03
199209,-2.29,2.36,1.48,0.21,2.55,1.7,0.97,1.59,2.56,1.39
199210,5.04,-0.72,2.44,0.17,-0.62,1.74,0.32,2.05,1.68,5.16
199211,4.65,5.01,3.45,3.3,2.1,4.99,4.1,4.42,6.58,7.8
199212,1.8,3.46,2.73,2.02,-0.75,0.47,3.1,2.06,2.83,1.96
199301,0.75,1.73,-2.1,1.21,1.81,1.51,2.3,0.49,1.81,3.92
199302,-4.23,0.03,-0.45,2.51,1.87,2.03,1.07,-0.75,-0.66,0.35
199303,2.66,1.22,1.66,3.91,2.64,3.01,2.54,1.96,2.38,3.95
199304,-1.76,-7.61,-5.05,-2.22,-2.21,-1.26,-1.02,-2.58,-2.29,-2.42
199305,5.77,2.93,5.55,2.39,2.86,3.49,0.7,1.86,2.71,3.35
199306,1.39,2.64,2.54,1.84,0.46,-0.46,-0.35,-1.87,0.04,0.84
199307,-1.68,-3.55,-2.5,-1.63,0.8,1.41,0.76,0.48,0.79,2.31
199308,4.9,4.14,5.15,3.53,3.26,3.44,3.12,3.63,3.82,5.77
199309,2.06,0.97,0.27,0.11,-0.53,-0.27,0.02,0.03,-0.78,1.55
199310,6.59,0.6,4.15,1.8,1.46,-0.56,1.51,0.59,-0.04,1.64
199311,-1.76,-2.43,-3.4,-3.83,-3.09,-0.77,-1.7,0.53,0.87,-0.82
199312,3.7,2.67,2.84,1.17,1.79,2.56,2.73,1.29,-0.09,2.03
199401,3.89,3.54,3.79,2.65,4.84,2.53,1.48,2.99,2.37,2.67
199402,-0.59,-3.03,-2.38,-1.95,-2.12,-3.91,-2.3,-2.63,-2.28,-2.33
199403,-6.54,-4.43,-3.15,-4.33,-4.55,-3.99,-5.29,-3.39,-5.46,-5.83
199404,-1.1,-0.07,1.23,2,0.87,1.86,0.66,-0.18,1.81,-0.29
199405,-0.05,1.45,1.28,0.79,1.5,0.82,-0.74,0.64,1.85,0.41
199406,-5,-0.29,-3.09,-1.74,-2.77,-1.87,-2.19,-3.11,-3.79,-3.18
199407,4.2,3.57,3.34,4.97,3.71,1.78,2.39,3.26,1.83,1.56
199408,8.18,4.71,5.2,5.24,3.11,3.97,4.14,3.95,4.12,3.74
199409,-1.92,-2.29,-2.57,-2.72,-3.7,-1.64,-1.32,-0.9,-1.73,-0.03
199410,1.74,1.46,1.5,3.36,2.17,1.54,2.54,1.37,-0.16,1.4
199411,-4.71,-6.18,-4.72,-4.32,-2.93,-3.26,-3.84,-2.88,-3.13,-3.66
199412,1.3,1.86,1.18,2.05,2.31,1.49,1.95,-0.09,1.4,-0.16
199501,2.49,3.96,3.41,5.06,3.02,2,1.47,1.27,-1.37,-2.05
199502,4.82,5.54,5.34,5.52,6.6,4.45,3.61,2.36,2.79,1.37
199503,2.55,0.9,1.61,2.69,2.8,4.64,2.97,1.88,1.52,4.16
199504,0.91,3.97,2.24,3.52,1.47,1.74,1.96,3.78,1.61,4.15
199505,3.26,3.82,2.91,2.7,4.26,4.27,3.35,3.28,3.27,2.71
199506,7.15,5.06,5.24,4.29,2.96,1.83,2.73,1.71,3.31,3.02
199507,5.04,2.92,3.33,3.4,1.8,4,3.94,3.98,6.18,8.98
199508,1.43,1.88,2.02,0.89,0.31,0.96,0.44,1.21,0.89,0.54
199509,1,1.51,5.74,4.04,4.34,3.25,4.81,3.84,5.88,2.41
199510,-4.19,-2.58,1.21,-2.17,-3.34,-2.44,1.06,-0.59,-0.01,-0.61
199511,5.11,3.97,5.53,5.71,6.18,3.35,5.07,4.16,4.37,2.4
199512,-3.38,1.02,2.42,4.03,2.6,2.9,1.61,0.24,1.58,0.46
199601,2.26,4.34,2.91,3.53,3.24,2.21,1.78,3.08,0.74,0.23
199602,5.03,3.5,2.59,2.43,0.99,2.53,0.01,0.71,1.02,2.42
199603,1,-0.73,1.88,2.13,0.82,1.31,2.63,1.39,0.27,0.02
199604,6.54,2.64,3.32,1.11,0.35,1.3,1.67,1.22,2.89,7.09
199605,3.64,2.25,1.74,3.17,2.61,2.79,1.41,1.69,3.04,6.25
199606,-6.33,-1.22,0.12,-0.48,-0.1,0.46,0.61,0.45,-0.33,-6.71
199607,-12.33,-7.78,-5.89,-6.13,-3.73,-4.61,-3.25,-4.71,-5.63,-7.49
199608,8.63,4.86,2.61,3.56,2.23,3.3,2.94,2.15,1.8,3.57
199609,4.24,5.59,5.92,6.89,5.4,5.25,6.39,4.28,3.68,5.34
199610,-3.83,-0.31,1.54,-0.36,2.84,1.87,2.54,2.19,2.22,-0.85
199611,5.88,9.3,6.21,6.68,4.18,5.97,8.6,6.39,6.64,6.63
199612,-0.17,0.17,-0.25,-0.47,-0.44,-1.73,-1.76,-3.39,-0.26,-1.52
199701,5.82,6.74,6.72,3.46,5.36,3.64,6.59,7.32,2.85,-0.7
199702,-4.31,0.14,1.52,1.76,0.61,1.74,2.16,0.37,-1.17,-3.92
199703,-4.52,-4.57,-2.83,-2.08,-3.88,-5.11,-4.86,-5.8,-5.05,-7
199704,2.15,4.72,8.23,7.1,5.36,5.62,1.07,1.27,1.92,1.14
199705,14.91,12.57,7.64,5.88,6.84,6.62,6.71,5.98,7.62,5.68
199706,2.81,4.77,5.11,4.82,6.25,4.53,4.54,4.34,4.3,2.03
199707,14.75,8.7,7.23,8.55,8.44,8.28,5.67,7.14,6.38,3.23
199708,0.82,-2.24,-3.67,-6.37,-3.3,-3.06,-5.64,-4.52,-4.27,-0.92
199709,6.51,5.97,5.7,4.63,4.88,5.88,5.68,5.31,5.33,6.67
199710,-5.75,-4.19,-5.99,-4.07,-2.7,-3.05,-0.9,-2.53,-1.52,-6.72
199711,-1.26,2.17,3.97,5.5,3.16,3.71,4.49,4.54,3.86,2.76
199712,-4.06,-2.42,2.58,1.4,0.08,2.5,4.38,2.97,3.12,1.61
199801,4.25,6.17,1.12,1.41,1.52,0.92,-2.15,-1.38,0.31,-4.3
199802,9.57,8.26,7.7,7.76,7.04,9.6,7.39,4.91,5.74,8.96
199803,8.91,6.24,6.85,5.4,3.84,5.54,3.17,5.01,5.31,4.18
199804,3.99,2.36,2.33,0.13,2.41,0.46,1.01,-0.52,0.74,1.14
199805,-3.9,-2.23,-2.89,0.02,-0.14,-3.26,-2.1,-3.6,-2.23,-7.01
199806,-0.2,2.89,0.85,8.41,0.24,4.35,2.23,1.76,6.39,4.39
199807,-9.75,-7.58,-2.8,-6.64,-1.89,-2.12,-0.35,0.52,-1.92,-1.26
199808,-25.38,-18.33,-16.16,-14.48,-12.64,-16.6,-13.57,-12.43,-16.13,-18.15
199809,6.65,1.52,6.93,5.09,5.64,10.75,9.81,6.62,4.34,6.61
199810,20.43,14.56,15.16,10.14,5.61,7.18,4.73,4.86,4.66,4.06
199811,8.85,5.53,7.15,4.6,7.8,6.12,5.85,7.25,5.56,5.51
199812,3.83,7.13,4.82,6.97,7.1,2.37,7.34,6.35,6.5,13.19
199901,2.5,3.07,-2.45,0.97,-1.26,0.71,-0.32,3.66,6.41,12.49
199902,-3.67,-3.59,0.12,-1.42,-3.22,-2.47,-1.02,-1.63,-2.7,-9.14
199903,-0.29,6.59,5.59,3.37,4.12,2.65,2.23,6.05,3.08,3.95
199904,6.3,6.1,7.74,10.84,2.64,5.74,5.67,3.7,3,2.48
199905,-0.9,-0.87,-3.72,-3.32,-2.11,-1.44,-0.95,-0.41,-3.49,-8.42
199906,6.26,7.31,8.45,4.04,2.67,4.62,-0.05,2.21,6.43,5.41
199907,-5.68,-3.42,0.99,-4.11,-4.42,-2.82,-3.92,-1.25,-5.69,-2.62
199908,-4.33,-2.28,-1.02,0.04,-0.63,-4.84,-0.52,-2.18,-1.34,8.34
199909,-3.32,0.61,-2.89,-4.22,-2.03,-0.65,-3.21,-5.01,0.49,-3.55
199910,9.27,3.22,5.5,6.65,8.12,2.61,8.06,5.57,7.97,9.43
199911,7.49,9.85,5.91,5.27,4.88,4.9,2.54,6.45,-0.29,3.38
199912,2.61,-0.42,-2.28,5.62,7.44,4.11,2.34,9.76,8.2,24.45
200001,2.3,-0.59,-3.86,-4.99,-3.32,-4.02,-3.41,-0.31,-7.91,-7.12
200002,3.31,-1.78,-0.54,2.89,-3.93,-1.97,-2.96,1.06,13.07,14.62
200003,11.69,12.25,8.8,12.15,9.68,6.94,10.47,9.81,8.02,-6.02
200004,-17.31,-6,-3.46,-1.71,-1.36,-0.15,-3.37,-9.58,-3.52,-8.06
200005,-15.26,-8.69,-1.51,-0.98,0.54,-2.91,2.03,1.28,-2.16,-1.32
200006,15.74,11.5,12.25,1.35,4.17,1.9,-1.27,1.63,-2.43,-1.1
200007,0.84,2.76,0.57,1.27,3.49,-2.69,-3.04,-3.47,-2.57,-5.87
200008,11.9,8.69,2.47,11.79,7.83,2.61,5.82,8.54,7.87,11.8
200009,-1.15,-3.51,2.81,-5.81,1.05,-3.01,-2.47,-10.92,-6.74,-6.16
200010,-6.11,-4.14,-5.74,-1.25,-3.87,-3.34,-1.34,4.95,-0.69,-0.27
200011,-29.75,-17.67,-14.96,-11.42,-7.68,-5.3,-6.29,-4.23,-5.02,-4.36
200012,-2.57,-1.63,-3.47,9.07,0.17,5,5.76,5,5.37,4.47
200101,20.81,17.79,-0.76,-0.13,-4.25,-2.27,-0.19,-0.07,1.12,-0.6
200102,-2.91,-2,-2.85,-9.75,-8.32,-9.95,-12.22,-17.19,-18.82,-17.58
200103,-17.16,-5.08,-4.59,-3.99,-5.61,-5.3,-4.72,-5.24,-1.89,-3.6
200104,21.12,9.33,10.97,8.49,5.83,4.5,6.15,4.43,3.63,5.06
200105,5.35,3.14,2.36,2.32,0.52,1.57,1.68,1.37,-1.11,-2.18
200106,-1.98,0.47,-3.93,-2.12,-0.06,-1.6,-0.71,-4.35,-1.04,3.36
200107,-6.51,-0.16,1.09,3.39,-4.89,-3.71,-0.83,-2.23,-2.34,-8.48
200108,-13.44,-6.98,-6.48,-7.51,-3.61,-3.64,-6.71,-3.86,-4.05,-7.3
200109,-19.79,-12.5,-3.59,-12.26,-5.26,-6.26,-5.93,-6.43,-7.28,-8.96
200110,19.12,16.31,3.65,5.17,6.16,4.6,0.07,-0.56,-2.93,-2.07
200111,4.14,6.63,8.31,5.92,3.77,5.6,10.2,8.8,11.31,15.45
200112,4.82,3.83,2.3,-0.14,1.4,3.17,2.01,1,-0.74,2.06
200201,-2.08,1.32,-0.56,-0.47,-2.19,-1.46,-1.9,-1.36,-2.85,-5.34
200202,-10.65,0.09,-1.75,-2.16,1.25,0.13,-0.04,-0.05,-8.3,-7.76
200203,11.54,6.23,3.63,2.45,3.39,4.54,0.97,4.48,2.84,4.75
200204,-10.31,-6.17,-2.16,-4.86,-2.97,-2.18,-3.92,-4.82,-7.56,-8.67
200205,-2.01,-2.2,-1.08,-0.38,-1.51,0.29,0.41,-1.13,-1.19,-2.41
200206,-12.82,-11.88,-9.06,-5.81,-6.15,-4.01,-5.68,-6.03,-8.93,-9.3
200207,-8.3,-6.09,-7.8,-11.01,-3.72,-7.17,-7.08,-9.15,-11.5,-10.52
200208,4.84,1.61,1.38,-0.67,3.04,-0.28,0.02,3.65,0.38,-1.08
200209,-13.94,-12.54,-11.88,-8.66,-9.31,-7.87,-9.22,-11.78,-11.05,-9.4
200210,14.36,10.38,6.89,11.88,8.4,6.86,4,7,1.96,-0.45
200211,11.74,8.66,8.94,1.54,4.61,2.53,6.27,1.9,6.17,11.36
200212,1.12,-0.62,-1.85,-2.07,-5.2,-6.74,-7.6,-9.46,-12.3,-15.01
200301,-0.16,-2.23,-3.3,-4.51,-2.54,-2.51,-1.16,-0.72,-4.06,-3.22
200302,-3.58,-1.16,-2.75,-1.06,-2.41,-2.11,-1.56,-1.93,-1.75,-1.04
200303,0.62,0.03,1.25,1.12,2.66,2.23,1.01,-1.31,1.66,0.55
200304,13.26,12.61,9.86,9.4,8.56,6.23,6.6,8.81,6.11,8.45
200305,10.33,5.58,10.16,3.78,4.07,4.57,5.84,5.51,6.63,14.5
200306,2.44,1.34,1.83,-0.29,1.28,1.57,0.62,1.44,1.73,4.37
200307,3.91,4.29,1.64,5.06,0.04,3.23,2.36,2.87,-1.79,3.86
200308,3.03,2.77,0.39,2.58,2.02,1.44,1.7,4.16,4.54,4.05
200309,0.26,0.67,0.99,0.9,-0.27,-2,-3.21,-3.84,-4.79,-4.27
200310,9.78,8.35,7.4,8.13,6.11,6.07,3.34,6.05,2.77,8.59
200311,-0.79,1.3,1.97,2.59,0.32,1.4,1.01,2.07,1.44,3.64
200312,3.03,5.83,6.18,4.85,3.72,4.63,2.21,3.7,2.98,0.87
200401,5.29,0.8,4.11,1.06,3.38,2.97,2.37,1.18,0.81,0.6
200402,1.2,0.32,2.11,3.04,2.5,1.44,0.43,0.48,1.05,0.78
200403,-1.3,-2.21,-3.13,-1.26,-0.37,-1.48,-0.49,-0.81,-0.49,0.76
200404,-2.11,-2.12,-0.1,-0.91,-0.19,-3,-3,-1.11,-2.34,-3.37
200405,4.92,2.94,1.23,2.46,1.9,0.16,-0.43,0.7,0.06,1.78
200406,4.13,2.26,1.23,1.59,2.66,1.91,1.79,1.28,2.32,1.54
200407,-5.88,-4.72,-3.3,-3.37,-3.66,-1.52,-5.69,-2.63,-4.37,-7.47
200408,-3.22,-4.27,-0.15,0.8,1.36,2.14,0.79,1.81,-0.01,-0.19
200409,2.5,5.89,4.38,3.36,0.74,0.94,-0.01,0.92,-0.17,3.52
200410,1.49,0.5,1.76,2.04,1.03,1.86,2.17,0.81,1.35,3.83
200411,7.34,4,5.37,4.89,5.29,3.19,5.55,4.46,4.38,4.52
200412,4.2,4.82,3.71,2.55,3.22,3.17,2.26,1.55,4.84,4.49
200501,-0.33,-3.56,-1.19,-2.19,-3.71,-2.89,-1.9,-1.45,-4.01,-4.69
200502,0.5,0.93,1.67,1.41,0.81,-0.39,6.14,1.35,5.24,5.53
200503,-3.39,-1.44,-1.55,-0.78,-3.05,-0.21,-1.06,-0.7,-1.7,-3.9
200504,-7.93,-3.3,-1.92,-1.96,-2.55,-1.99,-1.34,-2.34,-2.12,-1.7
200505,5.12,7.93,6.87,5.87,3.42,3.09,4.79,3.71,2.46,2.28
200506,2.53,0.4,-0.96,0.48,0.49,1.81,1.51,2.76,0.45,1.83
200507,7.08,3.72,1.97,5.33,3.25,3.54,4.43,4.39,7.32,4.95
200508,-1.4,-1.48,-2.13,-1.68,1.24,-1.14,-2.95,-0.1,-0.43,0.34
200509,-3.16,-1.56,-0.37,-0.32,0.88,0.08,2.01,3.33,0.78,6.07
200510,-1.14,-0.42,-0.56,-1.41,-0.94,-0.92,-2.09,-1.85,-4.11,-3.57
200511,5.69,3.36,3.18,2.72,5.77,3.47,4.63,3.54,3.42,4.53
200512,2.28,2.95,-0.22,-0.1,0.68,0.05,-0.08,-2.26,-0.06,-0.85
200601,1.99,5.48,2.93,0.59,1.56,2.98,4.36,3.79,5.5,7.58
200602,1.09,1.38,1.55,1.28,-0.47,0.82,0.54,-1.81,-2.57,-5.5
200603,5.51,1.72,1.45,2.5,0.89,1.29,1.13,0.86,2.32,4.74
200604,1.75,0.36,1.58,1.76,0.25,2.02,0.29,0.84,2.1,1.58
200605,-5.82,-3.5,-2.43,-1.52,-1.25,-4.26,-3.31,-3.14,-3.43,-4.24
200606,-1.89,-0.86,0.61,0.12,-0.16,0.73,0.02,-0.3,0.21,0.45
200607,-6.67,-1.97,0.72,-0.54,0.39,1.93,0.41,-0.05,-1.16,-2.89
200608,5.9,2.86,3.21,1.92,2.03,2.19,3.01,3.43,0.83,1.49
200609,0.56,1.36,3.88,2.27,3.69,1.13,2.1,1.81,2.5,2.04
200610,5.08,3.34,3.05,4.41,3.53,3.03,2.07,5.2,3.92,3.51
200611,2.06,1.21,0.9,1.96,1.74,2.74,3.58,1.69,3.03,4.19
200612,1.77,1.64,3.46,2.78,1.67,-0.32,-0.59,0,-0.13,-2.13
200701,2.76,2.89,3.62,1.31,2.31,1.13,0.73,2.74,1.06,0.76
200702,-0.67,-1.03,-0.48,-1.78,-1.44,-3.17,-2.25,-1.11,-1.59,-0.92
200703,-0.84,0.47,1.05,1.61,1.81,1,0.3,1.76,2.05,2.37
200704,4.27,5.06,3.7,4.06,3.11,4.2,3.07,4.13,4.07,4.02
200705,2.94,3.26,3.38,2.7,3.15,3.35,4.37,3.93,4.46,3.38
200706,-2.94,-1.86,-2.2,-1.35,-2.52,-1.38,-0.12,-1.97,-0.39,-1.16
200707,-8.1,-6,-5.47,-2.42,-3.62,-3.19,-1.43,-2.72,-1.27,-2.86
200708,-4.34,-2.04,-0.32,2.18,1.65,1.48,2,0.98,2.64,0.72
200709,2.2,5.63,3.87,3.34,2.68,4.98,3.12,4.18,1.41,4.15
200710,-2.14,-1.12,-0.65,-0.89,2.26,2.97,2.2,1.13,3.58,7.58
200711,-9.74,-7.85,-4.94,-4.73,-1.79,-2.22,-2.83,-4.32,-3.08,-6.35
200712,-3.05,-5.01,-2.18,1.59,-0.12,-2.07,0.13,0.02,-0.71,0.04
200801,-0.95,-0.44,-2.98,-2.31,-6.19,-7.13,-7.7,-8.03,-11.17,-9.92
200802,-4.18,-0.28,2.03,-3.08,-5.03,-2.28,0.74,-3.29,-6.22,-10.52
200803,-4.12,-0.56,-0.89,2.07,-1.01,0.97,-0.25,-1.69,-2.03,-1.25
200804,8.49,7.11,7.44,5.71,6.12,3.11,4.11,3.22,2.47,1.31
200805,-1.49,3.7,0.2,2.6,2.95,3.8,-0.86,0.35,3.33,5.2
200806,-23.48,-13.34,-8.56,-6.32,-8.34,-5.66,-5.42,-7.35,-5.08,-2.25
200807,8.3,4.5,0.14,2.1,1.05,3.49,2.2,-2.56,-8.2,-9.2
200808,-0.84,-0.53,1.77,3.96,1.53,2.93,2.25,1.84,0.55,-0.21
200809,-23.99,-11.24,-12.46,-7.93,-2.4,-8.51,-8.63,-9.35,-9.7,-10.41
200810,-27.7,-25.74,-19.08,-16.75,-18.91,-17.37,-13.95,-13.22,-13.54,-17.76
200811,-19.5,-15.08,-17.49,-14.52,-10.31,-7.27,-7.11,-8.84,-1.59,-6.13
200812,0.62,1.7,5.77,2.78,3.73,1.01,1.72,1.38,-0.72,0.56
200901,-11.31,-9.72,-10.57,-7.11,-7.73,-6.07,-7.68,-7.5,-5.9,-11.78
200902,-25.02,-18.14,-12.47,-5.89,-10.99,-9.73,-9.02,-9.06,-8.42,-7.16
200903,31.34,13.05,8.44,9.21,8.67,4.74,8.56,9.56,10.07,10.6
200904,22.29,10.58,3.34,6.83,5.25,6.19,15.21,16.82,20.21,21.2
200905,6.06,5.85,3.33,3.47,3.24,5.21,8.25,8.93,6.88,6.46
200906,3.33,4.13,2.07,1.89,3.61,-0.41,0.83,-2.91,-3.75,-4.19
200907,10.54,11.69,10.86,7.09,7.63,7.17,7.36,6.48,5.82,7.97
200908,3.24,3.44,1.39,3.6,2.1,2.08,5.48,3.1,6.26,7.31
200909,8.75,4.23,3.78,4.12,5.51,3.2,2.31,3.88,2.21,5.03
200910,-4.79,-3.84,0.2,-2.55,-0.93,-2.7,-1.74,-2.74,-4.79,-9.53
200911,4.8,6.58,5.48,4.71,6.17,5.35,5.35,6.04,5.03,5.84
200912,7.4,6.78,4.47,3.24,1.63,1.74,3.01,1.65,3,2.94
201001,-0.19,-1.79,-2.67,-4.31,-5.4,-5.13,-4,-4.9,-5.84,-7.38
201002,4.16,5.13,3.85,3.74,3.4,3.33,3.41,3.2,0.51,3.75
201003,6.35,6.67,7.27,5.2,6.05,5.64,7.67,6,6.57,8.88
201004,1.58,1.01,0.33,1.85,2.24,1.52,2.36,4,4.31,4.41
201005,-7.24,-7.2,-6.85,-8.23,-10.33,-8.44,-7.34,-6.67,-7.9,-9.35
201006,-7.73,-10.17,-7.99,-5.81,-4.07,-6.37,-4.71,-3.08,-3.5,-5.6
201007,12.5,8.74,9.1,9.44,8.39,5.42,7.1,5.96,6.21,4.18
201008,-4.16,-3.67,-5.45,-2.41,-4.78,-5.21,-5.25,-6.41,-5.64,-4.16
201009,15.69,10.52,10.35,9.19,11.53,12.47,9.8,7.34,7.72,7.89
201010,4.81,4,2.45,3.8,3.26,5.32,2.01,5.73,6.65,3.9
201011,-1.63,2.25,-0.47,1.12,0.57,0.06,0.94,0.86,0.27,1.1
201012,8.41,7.52,7.57,5.96,6.09,5.96,7.28,6,7.16,4.83
201101,0.46,1.81,2.59,1.18,1.5,1.76,3.04,3.04,2.76,0.22
201102,2.05,2.25,4.38,2.94,1.86,3.58,3.84,2.91,4.77,4.82
201103,-1.09,0.18,0.59,1.09,1.3,-0.47,0.5,1.73,-0.06,1.02
201104,2.7,1.5,2.21,3.22,3.23,4.36,3.4,3.53,2.74,4.1
201105,-2.8,-2.1,-1.36,-3.07,-1.98,0.6,-2.21,0.47,-0.93,-0.19
201106,-2.58,-1.61,-1.97,-3.14,-1.32,-1.03,-1.39,-1.64,-1.22,-2.16
201107,-4.92,-4.82,-2.28,-0.34,-2.61,-2.18,-4.59,-2.5,-1.38,-1.82
201108,-9.56,-8.52,-7.93,-7.03,-4.72,-5.29,-4.26,-4.99,-5.14,-6.07
201109,-17.8,-17.22,-15.39,-13.19,-7.57,-7.62,-6.99,-4.39,-4.68,-3.4
201110,23.15,21.31,20.36,19.97,15.52,13.97,11.97,10.06,6.99,5.94
201111,-0.58,1.39,0.95,-1.04,-0.54,-1.85,0.01,-1.14,-1.04,-2
201112,-2.35,-0.96,-0.01,-0.14,1.3,1.34,1.26,2.34,0.16,-0.23
201201,9.02,11.83,9.11,6.39,5.09,5.5,0.82,1.41,3.65,4.33
201202,6.43,2.96,3.09,2.76,3.61,4.43,4.56,7.49,4.47,4.22
201203,1.6,1.86,2.75,2.41,3.53,3.09,2.78,3.32,3.52,5.2
201204,-2.3,-2.12,-0.67,-0.46,-0.56,1.41,-1.6,-0.47,-1.35,-2.04
201205,-9.83,-10.59,-9.26,-3.68,-6.19,-5.42,-5.74,-5.24,-3.87,-6.92
201206,3.28,2.4,4.81,3.67,4.35,3.24,4.27,3.61,3.98,4.47
201207,-0.51,1.27,2.43,1.53,-0.71,0.97,1.2,1.14,-0.54,-0.99
201208,6.04,5.76,5.34,3.22,2.78,1.36,0.35,2.89,2.05,3.46
201209,2.43,2.55,1.95,3.7,2.33,3.28,1.54,2.9,3.53,2.59
201210,-1.65,-1.01,-3.75,-1.05,-2.17,-1.98,-0.72,-1.16,-1.53,-3.08
201211,0.38,2.89,1.08,0.18,1.1,0.25,0.76,0.39,0.84,-1.1
201212,5.31,1.05,1.08,-0.6,1.6,0.52,1.89,2.43,0.97,1.86
201301,0.98,5.8,6.27,5.87,6.04,5.61,7.29,8.42,7.1,5.36
201302,-1.42,1.12,1.96,1.19,2.23,1.82,1.51,0.84,0.6,1.04
201303,1.67,3.72,2.29,4.78,4.63,3.03,4.04,4.15,5.03,6.7
201304,2.09,0.4,-0.07,2.66,1.97,2.56,1.45,1.58,0.98,2.26
201305,5.28,5.09,4.81,4.88,3.58,3.26,1.35,2.11,-0.03,2.45
201306,0.43,-0.56,-0.45,-1.32,-3.56,-0.19,-0.68,-1.52,-2.68,0.46
201307,9.5,7.16,8.5,6.65,3.8,4.19,3.88,6.07,5.38,5.34
201308,-0.48,-3.09,-3.43,-4.02,-3.79,-2.54,-3.59,-2.47,1,-1.29
201309,3.71,3.73,3.09,2.82,3.46,3.75,5.26,4.25,4.19,4.11
201310,3.81,4.75,2.74,3.24,6.44,5.12,3.55,3.56,5.81,1.26
201311,2.69,3.29,3.98,4.36,2.04,2.83,2.81,2,3.52,3.72
201312,5.07,3.3,3.06,1.76,3.97,1.53,3.89,2.51,1.1,2.87
201401,-2.03,-2.49,-3.16,-3.18,-4.24,-3.82,-3.99,-2.84,-5.01,1.55
201402,4.17,4.53,4.65,4.99,4.09,5.04,4.89,3.64,4.2,6.71
201403,1.15,1.6,1.31,1.36,1.22,1.61,-0.1,-1.53,-1.87,-4.66
201404,-4.83,-2.9,-0.5,-0.4,-0.34,3.22,2.14,-0.7,-0.81,0.29
201405,0.94,2.85,2.08,4.09,2.25,2.79,2.36,0.94,0.79,3.14
201406,7.76,2.07,1.62,1.67,3.1,2.78,2.53,2.72,2.73,3.84
201407,-0.79,-0.83,-2.32,-0.44,-2.11,-3.35,-2.75,-2.75,-4.63,-3.88
201408,6.38,4.09,5.92,4.39,4.09,4.5,3.23,4.4,3.92,4.23
201409,-4.43,-1.87,-2.97,-1.53,-1.02,-0.93,-0.87,-2.69,-2.36,-3.64
201410,-2.64,-0.78,1.97,1.65,1.87,3.17,4.45,2.92,2.57,2.39
201411,-7.67,-0.47,5.3,2.22,2.42,1.86,5.19,3.78,4.08,2.52
201412,-2.43,-0.29,0.27,-0.09,0.46,-0.09,0.49,0.36,0.45,-1.6
201501,-1.92,-0.22,-4.07,-1.75,-4.21,-4.56,-4.4,-4.03,-0.71,-3.32
201502,10.97,9.06,6.45,6.28,6.39,6.57,5.04,5.21,3.21,5.74
201503,-1.09,-0.08,-1.52,-1.45,-1.43,-0.37,-1.82,-1.03,-0.2,-0.3
201504,4.03,5.22,0.65,1.26,-0.04,-1.81,-1.71,-2.04,-1.6,-4.53
201505,3.85,2.49,1.44,2.51,1.21,1.88,2.32,1.75,-0.1,-2.39
201506,-4.54,-3.61,-3.1,-2.58,-1.23,-1.31,-1.56,-0.64,-1,1.13
201507,-4.73,-1.23,0.56,0.52,4.15,1.79,2.95,2.59,2.34,1.99
201508,-3.13,-4.58,-6.6,-4.73,-5.92,-6.79,-6.26,-6.44,-6.25,-5.41
201509,-9.11,-6.13,-3.75,-3.84,-2.4,-1.33,-0.6,-1.28,-3.59,-5.16
201510,7.81,9.19,7.25,8.82,7.88,5.44,8.64,7.44,8.52,5.8
201511,3.56,-0.46,0.13,0.3,1.4,1.24,-1.9,0.12,1.5,1.45
201512,-3.84,-2.02,-1.06,-3.12,-1.95,-1.65,-0.81,-2.62,-4.1,-4.31
201601,-12.03,-9.16,-8.33,-7.06,-6.95,-7.99,-7.35,-3.88,-2.93,-4.92
201602,0.1,0.01,-0.56,-0.52,0.19,-0.54,-0.72,0.91,0.27,-0.32
201603,14.53,7.64,6.66,6.46,7.05,7.19,6.07,9.12,5.83,5.43
201604,2.37,1.83,2.68,0.07,2,-2.07,1.97,-2.99,3.43,11.72
201605,4.19,1.77,1.3,2.22,0.89,0.78,1.24,1.89,3.17,-1.14
201606,0.42,0.86,-0.5,1.06,2.26,0.18,0.36,-2.78,-1.77,-1.15
201607,11.21,6.7,7.25,7.31,4.14,4.03,1.86,1.01,0.04,4.97
201608,-0.06,-0.03,-0.37,-0.7,1.34,0.53,1.3,2.12,0.56,0.35
201609,-0.04,0.37,-1.03,0.25,-0.98,2.57,-0.21,-1.77,0.96,3.87
201610,-2,-0.93,-1.16,-2.25,-1.8,-1.24,-1.48,-3.27,-2.94,-5.54
201611,7.99,8.9,4.53,4.41,6.3,3.02,3.3,1.56,6.07,9.87
201612,2.22,2.07,0.86,2.6,1.06,1.36,1.49,2.4,2.6,2.08
201701,4.57,1.34,4.98,3.71,2.49,1.35,1.01,0.7,0.06,1.06
201702,3.52,1.08,4.43,5.05,2.47,3.47,3.69,5.6,2.51,2.31
201703,-0.73,-0.31,1.18,0.95,0.59,0.55,-0.47,0,-0.77,1.02
201704,-2.26,-0.41,0.05,-0.14,0.7,1.81,1.87,2.33,1.75,2.23
201705,-4.51,0.15,-0.8,-0.7,2.85,0.24,2.55,3.19,1.4,4.13
201706,5.86,3.19,3.24,5.34,2.67,1.56,1.4,-0.45,-2.5,-0.4
201707,3.46,2.69,3.41,1.6,0.45,1.44,3.14,0.63,0.25,0.89
201708,-1.46,-1.08,0.18,-0.87,-0.42,-0.07,3.29,-1.09,1.73,-0.17
201709,9.92,4.19,3.46,5.47,3.54,3.1,1.25,1.77,2.7,-0.9
201710,1.74,4,2.04,2.95,0.26,2.65,2.88,2.01,1.78,0.75
201711,2.43,2.32,2.56,5.66,5.06,3.81,2.64,2.05,2.35,3.26
201712,0.25,-0.21,1.58,0.71,1.46,1.08,1.24,1.74,1.75,2.12
201801,4.46,2.43,6.91,4.38,6.7,7.82,6.8,3.63,5.36,4.81
201802,-4.17,-5.85,-5.26,-2.07,-4.22,-5.11,-3.96,-4.52,-2.45,-0.35
201803,-0.3,-1.87,-1.63,-1.44,-2.53,-3.8,-1.48,-2.76,-1.91,-2.28
201804,1.46,-0.5,0.08,-0.24,0.17,0.82,1.42,1.79,0.69,3.52
201805,3.51,1.69,1.7,5.65,1.54,2.9,2.06,1.92,3.26,3.27
201806,2.81,1.58,-0.2,0.79,0.03,2.02,0.46,-0.14,0,0.56
201807,3.67,3.1,5.26,3.83,6.01,1.67,4.76,3.84,1.63,-3.97
201808,3.15,2.63,3.67,3.21,4.18,6.84,5.58,1.94,1.16,3.71
201809,-1.85,0.78,1.39,1.13,-1.02,-0.63,0.19,0.79,0.36,0.26
201810,-8.56,-7.71,-7.11,-7.58,-4.17,-8.88,-6.58,-8.18,-6.61,-11.64
201811,-1.49,3.28,3.69,2.33,1.51,2.36,3.25,-1.62,2.69,2.68
201812,-11.55,-9.04,-10.83,-10.36,-9.42,-9.84,-9.35,-6.93,-9.73,-9.92
201901,17.14,16.36,12.18,10.77,9.43,11.33,7.34,7.66,4.22,6
201902,5.04,3.5,4.27,2.45,5.18,3.23,2.04,4.84,4.87,2.57
201903,-0.15,3.34,-0.28,0.18,2.31,1.3,2.53,2.08,-1.01,0.93
201904,1.36,4.04,4.01,3.52,7.56,5.4,1.11,3.37,4.98,5.02
201905,-7.04,-4.47,-6.77,-6.03,-6.54,-5.57,-8.25,-6.04,-7.42,-9.65
201906,12.28,10.72,10.53,9.44,7.4,6,6.7,6.51,4.85,5.34
201907,-0.93,5.29,1.77,0.56,0.38,0.83,2.41,2.78,-0.01,0.26
201908,-8.49,-4.09,-3.18,-1.77,-1.5,-1.89,-0.17,-5.19,-2.63,-2.07
201909,2.05,5.2,4.84,4.1,2.89,-0.17,3.22,-0.06,0.61,-1.7
201910,4.58,1.57,1.21,1.1,1.53,-0.64,5.5,3.28,1.76,4.28
201911,7.89,3.71,3.15,2.18,4.22,2.47,3.81,3.97,6.19,6.38
201912,6.19,3.52,2.98,2.44,2.03,2.87,3.01,4.67,1.74,1.08
202001,1.14,-1.35,-0.04,0.28,0.64,1.31,0.38,-3.3,0.34,-1.61
202002,-12.95,-8.02,-9.25,-9.29,-9.32,-7.51,-7.6,-7.77,-7.47,-6.65
202003,-34.49,-29.1,-21.55,-19.53,-11.86,-12.57,-13.04,-7.19,-11.78,-10.34
202004,51.17,18.6,23.62,20.21,15.45,16.22,11.47,13.12,11.7,13.25
202005,4.98,2.47,4.82,6.85,3.74,6.43,8.75,5.04,7.91,9.71
202006,9.5,0.79,2.98,-1.81,3.65,0.96,4.16,1.56,3.28,8.89
202007,5.98,5.24,3.51,4.09,5.25,5.33,3.67,5.48,9.87,10.76
202008,5.54,2.74,4.62,6.42,6.44,8.3,4.22,5.54,10.96,14.64
202009,-2.63,-4.08,-2.43,-3.45,-1.93,-1.47,-4.07,-4.04,-5.01,-6.26
202010,-1.85,-1.88,-1.5,-2.57,-3.64,-4.2,-1.01,-2.4,0.25,0.62
202011,16.48,17.2,12.4,8.57,12.64,12.31,13.72,12.25,11.61,17.17
202012,2.55,2.32,4.75,4.15,4.34,6.12,6.9,5.96,7.39,11.16
202101,4.82,-2.19,0.19,-1.33,-0.74,-2.48,-1.08,-0.36,3.72,4.11
202102,8.93,3.35,2.7,3.48,0.61,4.97,3.77,4.59,-1.66,-3.27
202103,0.99,4.96,3.97,4.21,4.09,2.74,1.33,4.46,3.02,-2.44
202104,3.77,1.99,7.26,7.69,2.66,3.69,5.49,2.66,5.06,1.31
202105,0.4,2.07,2.76,-0.02,2.25,1.56,-1.28,-0.56,-1.6,0.82
202106,8.3,5.59,1.88,4.47,1.99,1.35,-0.06,0.01,1.2,2.14
202107,-3.33,-2.12,-0.26,-0.06,0.53,1.79,1.87,4.01,2.07,0.88
202108,2.25,0.26,2.53,2.16,3.5,2.3,3.42,2.01,2.72,6
202109,-2.11,-3.93,-2.82,-3.45,-3.78,-4.31,-5.99,-4.94,-3.53,-5.09
202110,6.04,3.01,8.42,8.11,4.61,3.86,5.42,4.65,14.69,6.43
202111,-6.38,-3.74,-5.26,-2.33,0.68,2.01,-3.8,-3.1,-2.33,1.28
202112,-2.57,3.47,5.85,3.72,4.02,6.55,4.62,0.34,1.69,2.4
202201,-16.37,-9.85,-4.38,-5.73,-3.09,-6.62,-3.61,-6.11,-2.73,-6.54
202202,-0.77,-1.96,-3.94,-3.04,-4.55,-2.14,-3.39,-0.52,-0.48,1.71
202203,0.76,6.08,3.32,1.82,2.7,3.09,4.28,1.55,3.08,2.94
202204,-14.87,-11.36,-11.2,-6.88,-7.05,-7.73,-12.28,-5.08,-8.37,-13.88
202205,-2.88,-3.07,2.1,-2.8,0.65,2.33,3.64,1.67,0.83,-1.48
202206,-9.31,-6.99,-8.44,-7.72,-6.12,-8.32,-9.18,-6.86,-9.54,-16.51
202207,16.42,13.84,9.08,11.42,16.82,13.2,8.79,6.54,2.96,4.47
202208,-4.43,-1.2,-2.36,-2.5,-3.03,-4.72,-3.57,-3.01,-5.07,-4.35
202209,-12.81,-11.75,-7.87,-9.41,-9.52,-8.87,-7.58,-8.14,-8.71,-8.14
202210,9.09,11.16,3.7,10.37,3.7,13.44,10.6,9.35,4.59,9.9
202211,-0.26,7.63,9.32,6.87,3.38,4.34,5.34,5.32,3.88,3.71
202212,-20.89,-9.25,-9.18,-3.6,-3.68,-7.13,-3.29,-3.57,-6.24,-5.53
202301,24.66,14.56,9.56,7.44,5.13,6.48,2.16,1.29,1.35,6.8
202302,-3.59,-3.4,-2.6,-2.47,-3.56,-2.66,-1.27,-1.93,-2.5,6.06
202303,-0.96,6.67,0.71,0.86,0.55,-0.04,-2.6,6.87,2.4,7.53
202304,-0.78,-0.95,0.82,-0.03,-1.01,0.84,0.31,1.21,-0.18,2.42