,x_tbl,x_dfy,x_tms,x_svar,x_ill,x_infl,x_dy,x_lev,x_ep,x_ni,x_rf
1972/1/31,0.475,0.904166667,0.966666667,0.616666667,0.233333333,0.591666667,0.816666667,0.966666667,0.591666667,0.641666667,0.29
1972/2/29,0.433333333,0.908333333,0.966666667,0.633333333,0.308333333,0.558333333,0.45,0.875,0.216666667,0.7,0.25
1972/3/31,0.175,0.858333333,1,0.625,0.233333333,0.55,0.341666667,0.858333333,0.15,0.691666667,0.27
1972/4/30,0.15,0.845833333,1,0.616666667,0.25,0.625,0.216666667,0.841666667,0.058333333,0.683333333,0.29
1972/5/31,0.325,0.85,0.966666667,0.616666667,0.225,0.575,0.15,0.825,0.041666667,0.675,0.3
1972/6/30,0.316666667,0.816666667,0.966666667,0.616666667,0.233333333,0.566666667,0.241666667,0.891666667,0.433333333,0.708333333,0.29
1972/7/31,0.3,0.804166667,0.941666667,0.658333333,0.216666667,0.516666667,0.166666667,0.866666667,0.4,0.716666667,0.31
1972/8/31,0.391666667,0.841666667,0.933333333,0.591666667,0.266666667,0.491666667,0.283333333,0.9,0.508333333,0.7,0.29
1972/9/30,0.425,0.85,0.908333333,0.608333333,0.275,0.483333333,0.316666667,0.883333333,0.533333333,0.666666667,0.34
1972/10/31,0.433333333,0.8375,0.9,0.45,0.341666667,0.475,0.141666667,0.841666667,0.4,0.658333333,0.4
1972/11/30,0.591666667,0.725,0.841666667,0.45,0.3,0.5,0.208333333,0.841666667,0.441666667,0.625,0.37
1972/12/31,0.616666667,0.704166667,0.816666667,0.491666667,0.333333333,0.491666667,0.158333333,0.875,0.475,0.658333333,0.37
1973/1/31,0.625,0.720833333,0.716666667,0.316666667,0.408333333,0.55,0.033333333,0.808333333,0.291666667,0.683333333,0.44
1973/2/28,0.691666667,0.691666667,0.691666667,0.275,0.308333333,0.541666667,0.016666667,0.775,0.158333333,0.716666667,0.41
1973/3/31,0.783333333,0.55,0.85,0.283333333,0.383333333,0.608333333,0.041666667,0.816666667,0.316666667,0.691666667,0.46
1973/4/30,0.8,0.545833333,0.816666667,0.4,0.358333333,0.641666667,0.158333333,0.908333333,0.55,0.633333333,0.52
1973/5/31,0.841666667,0.5125,0.666666667,0.525,0.308333333,0.808333333,0.158333333,1,0.616666667,0.475,0.51
1973/6/30,0.875,0.675,0.525,0.625,0.275,0.825,0.583333333,0.991666667,0.891666667,0.466666667,0.51
1973/7/31,0.875,0.583333333,0.558333333,0.8,0.225,0.866666667,0.691666667,0.991666667,0.916666667,0.45,0.64
1973/8/31,0.975,0.554166667,0.158333333,0.85,0.141666667,0.95,0.708333333,0.991666667,0.925,0.441666667,0.7
1973/9/30,1,0.625,0.095833333,0.9,0.116666667,0.925,0.508333333,0.975,0.866666667,0.45,0.68
1973/10/31,1,0.6875,0.008333333,0.9,0.091666667,1,0.641666667,0.983333333,0.908333333,0.45,0.65
1973/11/30,0.991666667,0.833333333,0.016666667,0.9,0.066666667,0.991666667,0.45,0.95,0.833333333,0.466666667,0.56
1973/12/31,0.95,0.633333333,0.125,0.9,0.066666667,1,0.466666667,0.966666667,0.858333333,0.416666667,0.64
1974/1/31,0.966666667,0.483333333,0.05,0.916666667,0.008333333,1,0.883333333,1,0.975,0.391666667,0.63
1974/2/28,0.95,0.620833333,0.170833333,1,0.008333333,1,0.825,0.991666667,0.958333333,0.366666667,0.58
1974/3/31,0.95,0.291666667,0.133333333,1,0.008333333,1,0.825,1,0.966666667,0.416666667,0.56
1974/4/30,0.9,0.320833333,0.4625,1,0.008333333,1,0.85,1,0.975,0.433333333,0.75
1974/5/31,0.975,0.258333333,0.216666667,1,0.016666667,1,0.891666667,1,0.975,0.408333333,0.75
1974/6/30,0.991666667,0.258333333,0.208333333,1,0.016666667,0.991666667,0.958333333,1,1,0.166666667,0.6
1974/7/31,0.975,0.316666667,0.229166667,0.966666667,0.033333333,1,0.975,1,1,0.125,0.7
1974/8/31,0.95,0.616666667,0.408333333,0.975,0.05,1,0.983333333,1,1,0.116666667,0.6
1974/9/30,0.908333333,0.5,0.666666667,1,0.033333333,1,1,1,1,0.075,0.81
1974/10/31,1,0.529166667,0.125,1,0.033333333,0.991666667,1,1,1,0.066666667,0.51
1974/11/30,0.958333333,0.779166667,0.475,1,0.058333333,1,1,1,1,0.058333333,0.54
1974/12/31,0.883333333,0.933333333,0.616666667,1,0.016666667,0.991666667,0.983333333,0.983333333,0.983333333,0.066666667,0.7
1975/1/31,0.883333333,1,0.425,0.991666667,0.1,1,0.991666667,0.991666667,0.991666667,0.108333333,0.58
1975/2/28,0.833333333,1,0.608333333,0.983333333,0.116666667,0.991666667,0.991666667,0.991666667,0.991666667,0.1,0.43
1975/3/31,0.704166667,1,0.883333333,0.983333333,0.125,0.966666667,0.958333333,0.958333333,0.958333333,0.083333333,0.41
1975/4/30,0.591666667,1,0.95,0.983333333,0.133333333,0.95,0.933333333,0.941666667,0.941666667,0.116666667,0.44
1975/5/31,0.583333333,0.983333333,0.991666667,0.991666667,0.1,0.916666667,0.916666667,0.933333333,0.925,0.125,0.44
1975/6/30,0.608333333,0.958333333,1,0.991666667,0.133333333,0.908333333,0.925,0.95,0.9,0.108333333,0.41
1975/7/31,0.483333333,0.975,1,0.983333333,0.141666667,0.866666667,0.883333333,0.916666667,0.891666667,0.175,0.48
1975/8/31,0.508333333,0.983333333,0.975,0.958333333,0.175,0.858333333,0.85,0.908333333,0.883333333,0.183333333,0.48
1975/9/30,0.683333333,0.945833333,0.8875,0.925,0.25,0.866666667,0.891666667,0.925,0.891666667,0.758333333,0.53
1975/10/31,0.729166667,0.933333333,0.866666667,0.916666667,0.25,0.833333333,0.916666667,0.925,0.9,0.8,0.56
1975/11/30,0.716666667,0.933333333,0.891666667,0.9,0.258333333,0.808333333,0.941666667,0.95,0.908333333,0.8,0.41
1975/12/31,0.604166667,0.958333333,0.891666667,0.875,0.291666667,0.8,0.9,0.916666667,0.891666667,0.775,0.48
1976/1/31,0.533333333,0.958333333,0.983333333,0.816666667,0.325,0.783333333,0.85,0.9,0.875,0.733333333,0.47
1976/2/29,0.516666667,0.95,0.941666667,0.8,0.358333333,0.766666667,0.883333333,0.9,0.883333333,0.8,0.34
1976/3/31,0.329166667,0.970833333,1,0.741666667,0.4,0.758333333,0.766666667,0.833333333,0.833333333,0.758333333,0.4
1976/4/30,0.333333333,0.9,0.991666667,0.7,0.458333333,0.741666667,0.758333333,0.825,0.825,0.7,0.42
1976/5/31,0.379166667,0.866666667,0.975,0.666666667,0.508333333,0.7125,0.741666667,0.816666667,0.8,0.583333333,0.37
1976/6/30,0.3,0.858333333,0.975,0.658333333,0.475,0.658333333,0.775,0.833333333,0.841666667,0.833333333,0.43
1976/7/31,0.416666667,0.791666667,0.966666667,0.65,0.475,0.733333333,0.8,0.841666667,0.841666667,0.8,0.47
1976/8/31,0.504166667,0.783333333,0.9,0.641666667,0.441666667,0.666666667,0.75,0.8,0.816666667,0.841666667,0.42
1976/9/30,0.4125,0.775,0.929166667,0.633333333,0.4,0.558333333,0.75,0.8,0.866666667,0.766666667,0.44
1976/10/31,0.375,0.741666667,0.908333333,0.6,0.491666667,0.625,0.75,0.816666667,0.883333333,0.766666667,0.41
1976/11/30,0.366666667,0.654166667,0.891666667,0.533333333,0.55,0.516666667,0.7,0.775,0.85,0.775,0.4
1976/12/31,0.308333333,0.6125,0.933333333,0.491666667,0.525,0.5,0.741666667,0.833333333,0.908333333,0.775,0.4
1977/1/31,0.2625,0.616666667,0.883333333,0.5,0.475,0.45,0.741666667,0.833333333,0.908333333,0.775,0.36
1977/2/28,0.175,0.716666667,0.925,0.483333333,0.466666667,0.441666667,0.666666667,0.733333333,0.833333333,0.816666667,0.35
1977/3/31,0.225,0.691666667,0.966666667,0.458333333,0.458333333,0.45,0.7,0.825,0.916666667,0.858333333,0.38
1977/4/30,0.233333333,0.65,0.966666667,0.383333333,0.483333333,0.708333333,0.758333333,0.85,0.925,0.858333333,0.38
1977/5/31,0.208333333,0.625,0.975,0.333333333,0.416666667,0.75,0.758333333,0.858333333,0.933333333,0.841666667,0.37
1977/6/30,0.191666667,0.633333333,1,0.333333333,0.441666667,0.758333333,0.908333333,0.866666667,0.933333333,0.9,0.4
1977/7/31,0.333333333,0.541666667,0.825,0.325,0.483333333,0.75,0.925,0.891666667,0.941666667,0.9,0.42
1977/8/31,0.366666667,0.5375,0.775,0.291666667,0.55,0.741666667,0.841666667,0.841666667,0.908333333,0.916666667,0.44
1977/9/30,0.4125,0.483333333,0.766666667,0.3,0.6,0.725,0.875,0.866666667,0.933333333,0.716666667,0.43
1977/10/31,0.5375,0.366666667,0.675,0.283333333,0.558333333,0.716666667,0.9,0.9,0.941666667,0.7,0.49
1977/11/30,0.583333333,0.433333333,0.633333333,0.266666667,0.55,0.691666667,0.891666667,0.883333333,0.941666667,0.658333333,0.5
1977/12/31,0.675,0.375,0.591666667,0.166666667,0.641666667,0.683333333,0.941666667,0.95,0.958333333,0.633333333,0.49
1978/1/31,0.625,0.408333333,0.6,0.2,0.766666667,0.741666667,0.908333333,0.925,0.95,0.608333333,0.49
1978/2/28,0.608333333,0.2875,0.654166667,0.2,0.825,0.716666667,0.883333333,0.916666667,0.941666667,0.625,0.46
1978/3/31,0.725,0.1875,0.608333333,0.258333333,0.833333333,0.75,0.958333333,0.958333333,0.966666667,0.566666667,0.53
1978/4/30,0.7375,0.091666667,0.616666667,0.266666667,0.833333333,0.641666667,0.958333333,0.975,0.983333333,0.583333333,0.54
1978/5/31,0.675,0.141666667,0.666666667,0.258333333,0.858333333,0.65,0.933333333,0.941666667,0.95,0.633333333,0.51
1978/6/30,0.670833333,0.1875,0.675,0.358333333,0.866666667,0.683333333,0.966666667,0.925,0.925,0.308333333,0.54
1978/7/31,0.6875,0.283333333,0.683333333,0.391666667,0.908333333,0.766666667,0.95,0.908333333,0.9,0.333333333,0.56
1978/8/31,0.766666667,0.3375,0.6,0.458333333,0.95,0.791666667,0.966666667,0.916666667,0.925,0.358333333,0.56
1978/9/30,0.8,0.079166667,0.508333333,0.483333333,0.958333333,0.8,0.925,0.883333333,0.875,0.258333333,0.62
1978/10/31,0.8,0.25,0.475,0.5,0.983333333,0.8,0.866666667,0.808333333,0.833333333,0.241666667,0.68
1978/11/30,0.916666667,0.104166667,0.383333333,0.516666667,1,0.825,0.875,0.816666667,0.841666667,0.241666667,0.7
1978/12/31,0.941666667,0.075,0.391666667,0.558333333,0.958333333,0.833333333,0.983333333,0.983333333,0.991666667,0.191666667,0.78
1979/1/31,0.983333333,0.291666667,0.225,0.583333333,0.891666667,0.825,0.958333333,0.966666667,0.975,0.233333333,0.77
1979/2/28,1,0.241666667,0.183333333,0.608333333,0.858333333,0.841666667,0.95,0.95,0.95,0.241666667,0.73
1979/3/31,1,0.429166667,0.075,0.616666667,0.891666667,0.85,0.9,0.916666667,0.941666667,0.325,0.81
1979/4/30,0.991666667,0.308333333,0.141666667,0.616666667,0.883333333,0.875,0.941666667,0.966666667,0.983333333,0.341666667,0.8
1979/5/31,1,0.441666667,0.1,0.616666667,0.841666667,0.908333333,0.866666667,0.891666667,0.9,0.283333333,0.82
1979/6/30,0.991666667,0.5125,0.154166667,0.558333333,0.866666667,0.916666667,0.966666667,0.95,0.991666667,0.408333333,0.81
1979/7/31,1,0.558333333,0.075,0.55,0.733333333,0.916666667,0.983333333,0.966666667,0.991666667,0.5,0.77
1979/8/31,0.95,0.658333333,0.158333333,0.525,0.675,0.941666667,0.933333333,0.9,0.95,0.525,0.77
1979/9/30,0.958333333,0.654166667,0.154166667,0.516666667,0.808333333,0.95,0.925,0.9,0.983333333,0.391666667,0.83
1979/10/31,0.991666667,0.6875,0.1,0.508333333,0.791666667,0.966666667,0.85,0.825,0.916666667,0.466666667,0.87
1979/11/30,1,0.658333333,0.025,0.508333333,0.658333333,0.975,0.85,0.825,0.925,0.466666667,0.99
1979/12/31,1,0.779166667,0.016666667,0.525,0.575,0.983333333,0.958333333,0.983333333,1,0.391666667,0.95
1980/1/31,1,0.75,0.008333333,0.458333333,0.658333333,1,0.858333333,0.925,0.983333333,0.4,0.8
1980/2/29,1,0.825,0.008333333,0.408333333,0.725,1,0.833333333,0.866666667,0.958333333,0.5,0.89
1980/3/31,0.991666667,0.829166667,0.058333333,0.433333333,0.616666667,1,0.716666667,0.833333333,0.9,0.666666667,1.21
1980/4/30,1,0.704166667,0.05,0.483333333,0.491666667,1,0.716666667,0.841666667,0.908333333,0.633333333,1.26
1980/5/31,1,0.85,0.008333333,0.641666667,0.408333333,1,0.958333333,0.991666667,1,0.683333333,0.81
1980/6/30,0.991666667,1,0.016666667,0.658333333,0.358333333,0.991666667,0.991666667,0.983333333,0.991666667,0.575,0.61
1980/7/31,0.833333333,1,0.583333333,0.691666667,0.458333333,0.983333333,0.958333333,0.958333333,0.966666667,0.525,0.53
1980/8/31,0.658333333,0.983333333,0.925,0.7,0.45,0.975,0.891666667,0.908333333,0.933333333,0.633333333,0.64
1980/9/30,0.795833333,0.833333333,0.804166667,0.725,0.383333333,0.941666667,0.75,0.783333333,0.766666667,0.708333333,0.75
1980/10/31,0.875,0.816666667,0.7,0.758333333,0.366666667,0.933333333,0.708333333,0.766666667,0.75,0.741666667,0.95
1980/11/30,0.941666667,0.866666667,0.475,0.8,0.433333333,0.925,0.65,0.691666667,0.733333333,0.791666667,0.96
1980/12/31,0.941666667,0.958333333,0.333333333,0.783333333,0.583333333,0.916666667,0.591666667,0.7,0.683333333,0.741666667,1.31
1981/1/31,0.991666667,0.85,0.041666667,0.8,0.633333333,0.908333333,0.483333333,0.508333333,0.566666667,0.791666667,1.04
1981/2/28,1,0.958333333,0.008333333,0.816666667,0.533333333,0.891666667,0.483333333,0.55,0.583333333,0.816666667,1.07
1981/3/31,0.983333333,1,0.016666667,0.808333333,0.608333333,0.825,0.55,0.683333333,0.641666667,0.866666667,1.21
1981/4/30,0.975,0.958333333,0.041666667,0.791666667,0.791666667,0.791666667,0.5,0.666666667,0.616666667,0.883333333,1.08
1981/5/31,0.958333333,0.95,0.116666667,0.75,0.933333333,0.733333333,0.458333333,0.55,0.558333333,0.941666667,1.15
1981/6/30,0.958333333,0.820833333,0.195833333,0.716666667,0.958333333,0.683333333,0.7,0.666666667,0.566666667,1,1.35
1981/7/31,1,0.779166667,0.008333333,0.7,0.916666667,0.65,0.683333333,0.641666667,0.558333333,1,1.24
1981/8/31,0.958333333,0.966666667,0.075,0.683333333,0.941666667,0.641666667,0.725,0.675,0.583333333,0.983333333,1.28
1981/9/30,0.966666667,0.879166667,0.116666667,0.666666667,0.958333333,0.75,0.725,0.725,0.65,0.975,1.24
1981/10/31,0.991666667,0.708333333,0.125,0.666666667,0.841666667,0.75,0.858333333,0.9,0.741666667,0.975,1.21
1981/11/30,0.933333333,0.7,0.333333333,0.675,0.716666667,0.766666667,0.975,0.975,0.866666667,0.983333333,1.07
1981/12/31,0.908333333,0.825,0.366666667,0.65,0.641666667,0.683333333,0.883333333,0.941666667,0.791666667,1,0.87
1982/1/31,0.833333333,0.983333333,0.5,0.616666667,0.633333333,0.591666667,0.791666667,0.858333333,0.716666667,0.991666667,0.8
1982/2/28,0.825,1,0.7625,0.583333333,0.716666667,0.525,0.833333333,0.908333333,0.75,0.991666667,0.92
1982/3/31,0.875,0.895833333,0.608333333,0.591666667,0.566666667,0.491666667,0.908333333,0.975,0.866666667,0.975,0.98
1982/4/30,0.9,0.883333333,0.408333333,0.591666667,0.391666667,0.433333333,0.991666667,1,0.966666667,1,1.13
1982/5/31,0.866666667,0.991666667,0.5,0.583333333,0.391666667,0.366666667,0.991666667,1,0.966666667,0.983333333,1.06
1982/6/30,0.866666667,0.995833333,0.466666667,0.591666667,0.441666667,0.291666667,1,0.983333333,0.858333333,0.95,0.96
1982/7/31,0.841666667,1,0.558333333,0.583333333,0.425,0.366666667,1,1,0.916666667,0.941666667,1.05
1982/8/31,0.85,0.925,0.5875,0.6,0.4,0.391666667,1,1,0.941666667,0.941666667,0.76
1982/9/30,0.783333333,0.958333333,0.733333333,0.591666667,0.475,0.266666667,1,1,0.916666667,0.916666667,0.51
1982/10/31,0.65,1,1,0.766666667,0.483333333,0.158333333,0.958333333,0.95,0.666666667,0.925,0.59
1982/11/30,0.55,1,1,0.725,0.741666667,0.058333333,0.95,0.941666667,0.625,0.9,0.63
1982/12/31,0.508333333,0.9875,0.983333333,0.816666667,0.758333333,0.058333333,0.816666667,0.841666667,0.35,0.833333333,0.67
1983/1/31,0.591666667,0.991666667,0.975,0.883333333,0.791666667,0.033333333,0.691666667,0.708333333,0.3,0.85,0.69
1983/2/28,0.541666667,0.941666667,0.895833333,0.883333333,0.808333333,0.016666667,0.658333333,0.65,0.266666667,0.85,0.62
1983/3/31,0.516666667,0.8875,0.975,0.883333333,0.841666667,0.008333333,0.508333333,0.625,0.158333333,0.858333333,0.63
1983/4/30,0.591666667,0.816666667,0.725,0.875,0.983333333,0.008333333,0.45,0.533333333,0.141666667,0.833333333,0.71
1983/5/31,0.616666667,0.775,0.708333333,0.866666667,0.966666667,0.016666667,0.35,0.425,0.108333333,0.866666667,0.69
1983/6/30,0.583333333,0.720833333,0.691666667,0.866666667,0.958333333,0.041666667,0.283333333,0.308333333,0.066666667,0.866666667,0.67
1983/7/31,0.575,0.6,0.866666667,0.883333333,0.866666667,0.008333333,0.266666667,0.266666667,0.05,0.866666667,0.74
1983/8/31,0.65,0.595833333,0.691666667,0.875,0.866666667,0.008333333,0.233333333,0.233333333,0.041666667,0.858333333,0.76
1983/9/30,0.670833333,0.466666667,0.8375,0.891666667,0.775,0.008333333,0.25,0.258333333,0.066666667,0.941666667,0.76
1983/10/31,0.7,0.416666667,0.7875,0.8,0.775,0.016666667,0.241666667,0.258333333,0.083333333,0.941666667,0.76
1983/11/30,0.641666667,0.425,0.716666667,0.791666667,0.791666667,0.033333333,0.216666667,0.233333333,0.033333333,1,0.7
1983/12/31,0.604166667,0.445833333,0.966666667,0.666666667,0.908333333,0.033333333,0.25,0.333333333,0.1,1,0.73
1984/1/31,0.616666667,0.433333333,0.866666667,0.466666667,0.933333333,0.05,0.208333333,0.25,0.083333333,1,0.76
1984/2/29,0.6375,0.404166667,0.85,0.391666667,0.866666667,0.091666667,0.216666667,0.25,0.091666667,1,0.71
1984/3/31,0.616666667,0.529166667,0.808333333,0.333333333,0.875,0.116666667,0.241666667,0.383333333,0.108333333,0.975,0.73
1984/4/30,0.666666667,0.545833333,0.895833333,0.341666667,0.783333333,0.133333333,0.475,0.633333333,0.183333333,0.958333333,0.81
1984/5/31,0.729166667,0.5,0.866666667,0.333333333,0.841666667,0.141666667,0.425,0.6,0.166666667,0.95,0.78
1984/6/30,0.741666667,0.533333333,0.9375,0.308333333,0.683333333,0.133333333,0.666666667,0.666666667,0.216666667,0.958333333,0.75
1984/7/31,0.741666667,0.516666667,1,0.3,0.841666667,0.125,0.825,0.858333333,0.325,0.958333333,0.82
1984/8/31,0.741666667,0.529166667,0.983333333,0.333333333,0.816666667,0.125,0.758333333,0.8,0.308333333,0.966666667,0.83
1984/9/30,0.741666667,0.670833333,0.725,0.241666667,0.875,0.125,0.833333333,0.875,0.408333333,0.7,0.86
1984/10/31,0.758333333,0.695833333,0.545833333,0.375,0.958333333,0.125,0.541666667,0.566666667,0.291666667,0.691666667,1
1984/11/30,0.75,0.6375,0.466666667,0.366666667,0.958333333,0.116666667,0.566666667,0.6,0.308333333,0.666666667,0.73
1984/12/31,0.7,0.425,0.466666667,0.4,0.8,0.116666667,0.591666667,0.733333333,0.333333333,0.466666667,0.64
1985/1/31,0.5,0.35,0.866666667,0.416666667,0.766666667,0.116666667,0.666666667,0.816666667,0.375,0.383333333,0.65
1985/2/28,0.4375,0.416666667,0.966666667,0.458333333,0.741666667,0.116666667,0.575,0.733333333,0.333333333,0.4,0.58
1985/3/31,0.383333333,0.333333333,0.958333333,0.475,0.791666667,0.075,0.325,0.5,0.2,0.05,0.62
1985/4/30,0.475,0.2875,0.966666667,0.433333333,0.891666667,0.091666667,0.283333333,0.458333333,0.191666667,0.033333333,0.72
1985/5/31,0.483333333,0.320833333,0.933333333,0.375,0.916666667,0.116666667,0.308333333,0.466666667,0.2,0.05,0.66
1985/6/30,0.4,0.4625,0.958333333,0.308333333,0.991666667,0.083333333,0.408333333,0.558333333,0.208333333,0.008333333,0.55
1985/7/31,0.341666667,0.5125,0.8625,0.3,0.983333333,0.083333333,0.258333333,0.383333333,0.141666667,0.016666667,0.62
1985/8/31,0.308333333,0.545833333,0.941666667,0.25,0.991666667,0.116666667,0.225,0.325,0.133333333,0.016666667,0.55
1985/9/30,0.329166667,0.55,0.966666667,0.241666667,0.991666667,0.066666667,0.241666667,0.383333333,0.108333333,0.033333333,0.6
1985/10/31,0.333333333,0.533333333,0.925,0.158333333,1,0.058333333,0.275,0.45,0.116666667,0.041666667,0.65
1985/11/30,0.325,0.5,0.95,0.158333333,0.991666667,0.058333333,0.408333333,0.641666667,0.158333333,0.033333333,0.61
1985/12/31,0.333333333,0.5,0.891666667,0.15,1,0.058333333,0.291666667,0.591666667,0.083333333,0.058333333,0.65
1986/1/31,0.333333333,0.541666667,0.670833333,0.15,1,0.108333333,0.133333333,0.333333333,0.058333333,0.058333333,0.56
1986/2/28,0.304166667,0.520833333,0.525,0.158333333,1,0.191666667,0.058333333,0.208333333,0.016666667,0.1,0.53
1986/3/31,0.270833333,0.508333333,0.566666667,0.183333333,0.941666667,0.208333333,0.033333333,0.258333333,0.008333333,0.175,0.6
1986/4/30,0.258333333,0.5625,0.320833333,0.216666667,0.941666667,0.058333333,0.008333333,0.108333333,0.008333333,0.191666667,0.52
1986/5/31,0.225,0.641666667,0.3,0.241666667,0.95,0.008333333,0.008333333,0.041666667,0.008333333,0.2,0.49
1986/6/30,0.15,0.516666667,0.4,0.333333333,0.958333333,0.008333333,0.016666667,0.141666667,0.008333333,0.308333333,0.52
1986/7/31,0.166666667,0.395833333,0.541666667,0.375,0.975,0.016666667,0.016666667,0.083333333,0.008333333,0.208333333,0.52
1986/8/31,0.175,0.4125,0.391666667,0.466666667,0.866666667,0.025,0.008333333,0.041666667,0.008333333,0.266666667,0.46
1986/9/30,0.125,0.4625,0.533333333,0.608333333,0.875,0.016666667,0.041666667,0.15,0.025,0.458333333,0.45
1986/10/31,0.108333333,0.6125,0.508333333,0.616666667,0.833333333,0.008333333,0.008333333,0.075,0.008333333,0.516666667,0.46
1986/11/30,0.091666667,0.4625,0.791666667,0.733333333,0.85,0.041666667,0.066666667,0.258333333,0.05,0.583333333,0.39
1986/12/31,0.075,0.491666667,0.691666667,0.733333333,0.908333333,0.008333333,0.041666667,0.191666667,0.033333333,0.591666667,0.49
1987/1/31,0.091666667,0.495833333,0.583333333,0.791666667,0.941666667,0.008333333,0.041666667,0.133333333,0.033333333,0.575,0.42
1987/2/28,0.104166667,0.625,0.575,0.791666667,0.991666667,0.008333333,0.058333333,0.233333333,0.058333333,0.608333333,0.43
1987/3/31,0.083333333,0.466666667,0.575,0.808333333,1,0.025,0.008333333,0.025,0.008333333,0.558333333,0.47
1987/4/30,0.108333333,0.391666667,0.491666667,0.808333333,1,0.091666667,0.008333333,0.008333333,0.008333333,0.6,0.44
1987/5/31,0.104166667,0.375,0.595833333,0.816666667,0.983333333,0.15,0.008333333,0.008333333,0.008333333,0.591666667,0.38
1987/6/30,0.108333333,0.308333333,0.766666667,0.875,0.733333333,0.283333333,0.033333333,0.033333333,0.025,1,0.48
1987/7/31,0.108333333,0.279166667,0.8375,0.875,0.741666667,0.283333333,0.041666667,0.041666667,0.041666667,0.366666667,0.46
1987/8/31,0.108333333,0.325,0.825,0.866666667,0.833333333,0.308333333,0.025,0.016666667,0.025,0.391666667,0.47
1987/9/30,0.108333333,0.295833333,0.891666667,0.8,0.891666667,0.35,0.016666667,0.008333333,0.008333333,0.358333333,0.45
1987/10/31,0.125,0.233333333,0.875,0.825,0.941666667,0.408333333,0.008333333,0.008333333,0.008333333,0.208333333,0.6
1987/11/30,0.191666667,0.229166667,0.908333333,0.758333333,0.833333333,0.4,0.025,0.016666667,0.016666667,0.225,0.35
1987/12/31,0.15,0.191666667,0.8,1,0.041666667,0.466666667,0.183333333,0.608333333,0.175,0.633333333,0.39
1988/1/31,0.104166667,0.35,0.925,1,0.016666667,0.483333333,0.275,0.875,0.2,0.641666667,0.29
1988/2/29,0.116666667,0.25,0.883333333,1,0.008333333,0.458333333,0.2,0.641666667,0.183333333,0.575,0.46
1988/3/31,0.125,0.283333333,0.633333333,1,0.008333333,0.383333333,0.175,0.55,0.191666667,0.116666667,0.44
1988/4/30,0.0875,0.345833333,0.666666667,1,0.008333333,0.358333333,0.166666667,0.366666667,0.191666667,0.108333333,0.46
1988/5/31,0.125,0.229166667,0.841666667,0.991666667,0.008333333,0.35,0.183333333,0.483333333,0.2,0.15,0.51
1988/6/30,0.158333333,0.354166667,0.8625,0.975,0.041666667,0.383333333,0.225,0.608333333,0.241666667,0.058333333,0.49
1988/7/31,0.208333333,0.191666667,0.808333333,0.975,0.033333333,0.383333333,0.241666667,0.616666667,0.25,0.058333333,0.51
1988/8/31,0.225,0.1875,0.595833333,1,0.033333333,0.375,0.2,0.425,0.208333333,0.075,0.59
1988/9/30,0.241666667,0.191666667,0.6,1,0.033333333,0.433333333,0.208333333,0.683333333,0.35,0.008333333,0.62
1988/10/31,0.2625,0.1125,0.5125,0.991666667,0.025,0.425,0.266666667,0.783333333,0.391666667,0.008333333,0.61
1988/11/30,0.3375,0.075,0.383333333,0.958333333,0.041666667,0.458333333,0.216666667,0.675,0.358333333,0.016666667,0.57
1988/12/31,0.35,0.05,0.325,0.9,0.325,0.466666667,0.208333333,0.683333333,0.366666667,0.008333333,0.63
1989/1/31,0.379166667,0.066666667,0.308333333,0.883333333,0.25,0.466666667,0.258333333,0.75,0.425,0.008333333,0.55
1989/2/28,0.445833333,0.070833333,0.275,0.791666667,0.4,0.575,0.241666667,0.7,0.416666667,0.016666667,0.61
1989/3/31,0.4875,0.054166667,0.25,0.525,0.6,0.591666667,0.175,0.483333333,0.341666667,0.016666667,0.67
1989/4/30,0.516666667,0.0375,0.258333333,0.483333333,0.675,0.616666667,0.208333333,0.641666667,0.375,0.041666667,0.67
1989/5/31,0.575,0.008333333,0.216666667,0.458333333,0.741666667,0.633333333,0.2,0.525,0.358333333,0.041666667,0.79
1989/6/30,0.55,0.008333333,0.216666667,0.35,0.666666667,0.666666667,0.333333333,0.65,0.333333333,0.058333333,0.71
1989/7/31,0.508333333,0.025,0.2,0.316666667,0.833333333,0.675,0.258333333,0.466666667,0.308333333,0.083333333,0.7
1989/8/31,0.466666667,0.041666667,0.175,0.216666667,0.808333333,0.675,0.3,0.558333333,0.325,0.066666667,0.74
1989/9/30,0.4,0.05,0.183333333,0.15,0.808333333,0.675,0.175,0.333333333,0.233333333,0.133333333,0.65
1989/10/31,0.408333333,0.041666667,0.208333333,0.141666667,0.741666667,0.616666667,0.141666667,0.308333333,0.208333333,0.141666667,0.68
1989/11/30,0.375,0.0375,0.233333333,0.1,0.766666667,0.583333333,0.175,0.333333333,0.225,0.15,0.69
1989/12/31,0.366666667,0.029166667,0.183333333,0.358333333,0.575,0.625,0.233333333,0.533333333,0.2,0.158333333,0.61
1990/1/31,0.375,0.0625,0.175,0.325,0.716666667,0.65,0.2,0.491666667,0.2,0.166666667,0.57
1990/2/28,0.366666667,0.091666667,0.204166667,0.333333333,0.716666667,0.641666667,0.166666667,0.4,0.183333333,0.158333333,0.57
1990/3/31,0.379166667,0.091666667,0.258333333,0.4,0.591666667,0.733333333,0.35,0.816666667,0.275,0.641666667,0.64
1990/4/30,0.408333333,0.066666667,0.258333333,0.375,0.575,0.741666667,0.291666667,0.783333333,0.25,0.65,0.69
1990/5/31,0.4625,0.016666667,0.241666667,0.366666667,0.491666667,0.741666667,0.258333333,0.733333333,0.225,0.65,0.68
1990/6/30,0.441666667,0.020833333,0.304166667,0.375,0.616666667,0.675,0.316666667,0.858333333,0.183333333,0.283333333,0.63
1990/7/31,0.4125,0.1125,0.258333333,0.391666667,0.475,0.575,0.133333333,0.516666667,0.133333333,0.291666667,0.68
1990/8/31,0.4,0.1375,0.233333333,0.383333333,0.5,0.675,0.133333333,0.566666667,0.158333333,0.3,0.66
1990/9/30,0.358333333,0.141666667,0.241666667,0.433333333,0.383333333,0.7,0.15,0.658333333,0.175,0.541666667,0.6
1990/10/31,0.35,0.166666667,0.383333333,0.65,0.716666667,0.8,0.45,0.916666667,0.266666667,0.541666667,0.68
1990/11/30,0.35,0.2,0.391666667,0.733333333,0.566666667,0.816666667,0.541666667,0.933333333,0.375,0.591666667,0.57
1990/12/31,0.325,0.416666667,0.391666667,0.675,0.991666667,0.825,0.608333333,0.95,0.441666667,0.425,0.6
1991/1/31,0.266666667,0.525,0.333333333,0.741666667,1,0.825,0.475,0.916666667,0.333333333,0.458333333,0.52
1991/2/28,0.25,0.554166667,0.358333333,0.733333333,0.975,0.833333333,0.391666667,0.883333333,0.275,0.483333333,0.48
1991/3/31,0.208333333,0.595833333,0.441666667,0.758333333,1,0.8,0.275,0.825,0.191666667,0.308333333,0.44
1991/4/30,0.166666667,0.4625,0.541666667,0.775,0.991666667,0.8,0.116666667,0.591666667,0.108333333,0.316666667,0.53
1991/5/31,0.1625,0.3,0.575,0.775,0.983333333,0.708333333,0.083333333,0.425,0.1,0.333333333,0.47
1991/6/30,0.083333333,0.204166667,0.6,0.783333333,0.975,0.7,0.125,0.466666667,0.083333333,0.283333333,0.42
1991/7/31,0.041666667,0.170833333,0.691666667,0.783333333,0.958333333,0.766666667,0.083333333,0.316666667,0.058333333,0.258333333,0.49
1991/8/31,0.066666667,0.129166667,0.716666667,0.775,0.991666667,0.691666667,0.158333333,0.483333333,0.1,0.283333333,0.46
1991/9/30,0.075,0.05,0.65,0.758333333,1,0.583333333,0.083333333,0.358333333,0.033333333,0.341666667,0.46
1991/10/31,0.025,0.075,0.604166667,0.666666667,0.966666667,0.341666667,0.066666667,0.3,0.033333333,0.391666667,0.42
1991/11/30,0.025,0.079166667,0.541666667,0.6,0.966666667,0.2,0.075,0.325,0.041666667,0.433333333,0.39
1991/12/31,0.008333333,0.141666667,0.645833333,0.466666667,0.875,0.158333333,0.066666667,0.283333333,0.008333333,0.508333333,0.38
1992/1/31,0.008333333,0.204166667,0.841666667,0.441666667,0.875,0.166666667,0.133333333,0.433333333,0.016666667,0.55,0.34
1992/2/29,0.008333333,0.166666667,0.783333333,0.516666667,0.883333333,0.166666667,0.033333333,0.133333333,0.008333333,0.575,0.28
1992/3/31,0.008333333,0.129166667,0.991666667,0.358333333,0.633333333,0.133333333,0.041666667,0.158333333,0.008333333,0.808333333,0.34
1992/4/30,0.016666667,0.154166667,0.983333333,0.3,0.616666667,0.158333333,0.025,0.141666667,0.008333333,0.791666667,0.32
1992/5/31,0.025,0.083333333,0.979166667,0.283333333,0.6,0.208333333,0.058333333,0.166666667,0.025,0.858333333,0.28
1992/6/30,0.008333333,0.041666667,1,0.258333333,0.633333333,0.208333333,0.025,0.141666667,0.025,0.858333333,0.32
1992/7/31,0.008333333,0.033333333,0.991666667,0.15,0.633333333,0.191666667,0.025,0.141666667,0.016666667,0.85,0.31
1992/8/31,0.016666667,0.016666667,0.983333333,0.133333333,0.725,0.191666667,0.075,0.175,0.05,0.883333333,0.26
1992/9/30,0.008333333,0.008333333,0.983333333,0.116666667,0.591666667,0.216666667,0.008333333,0.141666667,0.058333333,0.908333333,0.26
1992/10/31,0.008333333,0.008333333,0.983333333,0.075,0.6,0.216666667,0.058333333,0.216666667,0.066666667,0.891666667,0.23
1992/11/30,0.008333333,0.0125,0.991666667,0.083333333,0.675,0.191666667,0.025,0.166666667,0.066666667,0.9,0.23
1992/12/31,0.008333333,0.070833333,1,0.083333333,0.575,0.291666667,0.025,0.216666667,0.091666667,0.916666667,0.28
1993/1/31,0.029166667,0.083333333,0.991666667,0.05,0.508333333,0.233333333,0.008333333,0.116666667,0.075,0.925,0.23
1993/2/28,0.05,0.045833333,0.941666667,0.008333333,0.675,0.183333333,0.008333333,0.091666667,0.066666667,0.958333333,0.22
1993/3/31,0.025,0.025,0.975,0.008333333,0.875,0.308333333,0.008333333,0.116666667,0.116666667,0.825,0.25
1993/4/30,0.025,0.008333333,0.9375,0.016666667,0.883333333,0.3,0.008333333,0.108333333,0.125,0.8,0.24
1993/5/31,0.033333333,0.008333333,0.941666667,0.033333333,0.875,0.216666667,0.008333333,0.058333333,0.116666667,0.833333333,0.22
1993/6/30,0.016666667,0.020833333,0.95,0.016666667,0.816666667,0.258333333,0.041666667,0.158333333,0.15,0.941666667,0.25
1993/7/31,0.05,0.066666667,0.916666667,0.033333333,0.775,0.308333333,0.016666667,0.091666667,0.15,0.941666667,0.24
1993/8/31,0.066666667,0.05,0.791666667,0.016666667,0.5,0.2,0.016666667,0.058333333,0.141666667,0.991666667,0.25
1993/9/30,0.066666667,0.0625,0.7625,0.008333333,0.566666667,0.158333333,0.025,0.183333333,0.166666667,0.825,0.26
1993/10/31,0.066666667,0.058333333,0.65,0.008333333,0.741666667,0.141666667,0.008333333,0.116666667,0.133333333,0.833333333,0.22
1993/11/30,0.045833333,0.025,0.695833333,0.008333333,0.775,0.125,0.008333333,0.091666667,0.141666667,0.85,0.25
1993/12/31,0.079166667,0.016666667,0.645833333,0.008333333,0.908333333,0.116666667,0.008333333,0.116666667,0.191666667,0.766666667,0.23
1994/1/31,0.108333333,0.066666667,0.733333333,0.016666667,0.916666667,0.116666667,0.016666667,0.158333333,0.208333333,0.758333333,0.25
1994/2/28,0.1,0.1,0.741666667,0.008333333,0.975,0.141666667,0.008333333,0.075,0.2,0.783333333,0.21
1994/3/31,0.066666667,0.070833333,0.716666667,0.016666667,0.991666667,0.108333333,0.008333333,0.066666667,0.191666667,0.858333333,0.27
1994/4/30,0.166666667,0.0375,0.775,0.008333333,0.966666667,0.116666667,0.016666667,0.175,0.225,0.9,0.27
1994/5/31,0.175,0.025,0.825,0.008333333,0.983333333,0.125,0.066666667,0.308333333,0.275,0.916666667,0.31
1994/6/30,0.2,0.020833333,0.825,0.058333333,0.833333333,0.108333333,0.1,0.391666667,0.3,0.983333333,0.31
1994/7/31,0.25,0.016666667,0.716666667,0.05,0.758333333,0.108333333,0.091666667,0.383333333,0.291666667,0.958333333,0.28
1994/8/31,0.254166667,0.066666667,0.779166667,0.075,0.558333333,0.133333333,0.15,0.416666667,0.333333333,0.95,0.37
1994/9/30,0.266666667,0.091666667,0.5625,0.041666667,0.658333333,0.166666667,0.083333333,0.441666667,0.366666667,0.991666667,0.37
1994/10/31,0.275,0.05,0.558333333,0.083333333,0.441666667,0.25,0.041666667,0.366666667,0.341666667,0.991666667,0.38
1994/11/30,0.291666667,0.033333333,0.675,0.1,0.408333333,0.258333333,0.075,0.425,0.366666667,0.991666667,0.37
1994/12/31,0.3,0.020833333,0.566666667,0.141666667,0.516666667,0.15,0.058333333,0.4,0.433333333,0.958333333,0.44
1995/1/31,0.341666667,0.045833333,0.433333333,0.183333333,0.441666667,0.15,0.15,0.491666667,0.475,0.916666667,0.42
1995/2/28,0.433333333,0.05,0.341666667,0.2,0.241666667,0.15,0.108333333,0.475,0.466666667,0.891666667,0.4
1995/3/31,0.508333333,0.016666667,0.283333333,0.2,0.183333333,0.275,0.083333333,0.441666667,0.583333333,0.883333333,0.46
1995/4/30,0.520833333,0.016666667,0.2625,0.158333333,0.35,0.275,0.025,0.375,0.55,0.866666667,0.44
1995/5/31,0.516666667,0.016666667,0.275,0.116666667,0.441666667,0.225,0.016666667,0.308333333,0.516666667,0.866666667,0.54
1995/6/30,0.454166667,0.0125,0.258333333,0.033333333,0.825,0.4,0.025,0.241666667,0.541666667,0.5,0.47
1995/7/31,0.4875,0.008333333,0.1625,0.091666667,0.9,0.391666667,0.008333333,0.116666667,0.5,0.5,0.45
1995/8/31,0.383333333,0.05,0.183333333,0.075,1,0.375,0.008333333,0.058333333,0.466666667,0.533333333,0.47
1995/9/30,0.366666667,0.075,0.216666667,0.125,0.966666667,0.25,0.008333333,0.05,0.491666667,0.641666667,0.43
1995/10/31,0.366666667,0.0625,0.191666667,0.1,0.983333333,0.175,0.008333333,0.041666667,0.475,0.608333333,0.47
1995/11/30,0.341666667,0.058333333,0.204166667,0.016666667,0.866666667,0.15,0.008333333,0.016666667,0.441666667,0.65,0.42
1995/12/31,0.345833333,0.095833333,0.183333333,0.008333333,0.8,0.216666667,0.016666667,0.075,0.5,0.666666667,0.49
1996/1/31,0.383333333,0.166666667,0.108333333,0.008333333,0.891666667,0.175,0.008333333,0.025,0.45,0.666666667,0.43
1996/2/29,0.316666667,0.179166667,0.116666667,0.016666667,0.833333333,0.15,0.008333333,0.008333333,0.425,0.691666667,0.39
1996/3/31,0.316666667,0.170833333,0.170833333,0.091666667,0.691666667,0.275,0.008333333,0.008333333,0.408333333,0.616666667,0.39
1996/4/30,0.3,0.1375,0.3125,0.2,0.691666667,0.233333333,0.008333333,0.008333333,0.375,0.625,0.46
1996/5/31,0.316666667,0.229166667,0.358333333,0.316666667,0.541666667,0.325,0.008333333,0.008333333,0.358333333,0.633333333,0.42
1996/6/30,0.3125,0.2625,0.391666667,0.341666667,0.325,0.3,0.058333333,0.008333333,0.325,0.866666667,0.4
1996/7/31,0.35,0.233333333,0.404166667,0.35,0.35,0.283333333,0.05,0.008333333,0.283333333,0.866666667,0.45
1996/8/31,0.358333333,0.275,0.358333333,0.341666667,0.4,0.275,0.058333333,0.016666667,0.291666667,0.85,0.41
1996/9/30,0.375,0.3,0.35,0.375,0.291666667,0.358333333,0.091666667,0.058333333,0.458333333,0.816666667,0.44
1996/10/31,0.358333333,0.316666667,0.416666667,0.4,0.541666667,0.25,0.083333333,0.041666667,0.4,0.816666667,0.42
1996/11/30,0.370833333,0.279166667,0.375,0.416666667,0.608333333,0.408333333,0.033333333,0.008333333,0.316666667,0.833333333,0.41
1996/12/31,0.3375,0.2375,0.283333333,0.425,0.591666667,0.441666667,0.033333333,0.033333333,0.358333333,0.95,0.46
1997/1/31,0.366666667,0.291666667,0.233333333,0.433333333,0.475,0.533333333,0.008333333,0.008333333,0.258333333,0.941666667,0.45
1997/2/28,0.308333333,0.295833333,0.354166667,0.458333333,0.691666667,0.55,0.016666667,0.016666667,0.275,0.933333333,0.39
1997/3/31,0.379166667,0.2,0.366666667,0.458333333,0.708333333,0.408333333,0.008333333,0.008333333,0.266666667,1,0.43
1997/4/30,0.366666667,0.1,0.395833333,0.5,0.658333333,0.4,0.016666667,0.016666667,0.275,0.991666667,0.43
1997/5/31,0.429166667,0.104166667,0.429166667,0.508333333,0.783333333,0.175,0.033333333,0.041666667,0.391666667,1,0.49
1997/6/30,0.45,0.0625,0.383333333,0.558333333,0.866666667,0.025,0.025,0.033333333,0.341666667,0.983333333,0.37
1997/7/31,0.404166667,0.083333333,0.433333333,0.6,0.925,0.008333333,0.008333333,0.008333333,0.225,1,0.43
1997/8/31,0.316666667,0.066666667,0.429166667,0.658333333,0.925,0.008333333,0.008333333,0.008333333,0.15,1,0.41
1997/9/30,0.416666667,0.070833333,0.216666667,0.625,0.975,0.008333333,0.008333333,0.008333333,0.075,0.65,0.44
1997/10/31,0.458333333,0.054166667,0.291666667,0.725,0.633333333,0.041666667,0.016666667,0.016666667,0.116666667,0.658333333,0.42
1997/11/30,0.333333333,0.0125,0.2875,0.758333333,0.591666667,0.016666667,0.008333333,0.008333333,0.058333333,0.75,0.39
1997/12/31,0.358333333,0.033333333,0.216666667,0.891666667,0.183333333,0.008333333,0.025,0.033333333,0.125,0.816666667,0.48
1998/1/31,0.479166667,0.016666667,0.15,0.9,0.241666667,0.008333333,0.016666667,0.025,0.083333333,0.725,0.43
1998/2/28,0.5125,0.033333333,0.108333333,0.908333333,0.133333333,0.008333333,0.008333333,0.016666667,0.075,0.825,0.39
1998/3/31,0.425,0.070833333,0.108333333,0.916666667,0.108333333,0.008333333,0.008333333,0.041666667,0.091666667,0.95,0.39
1998/4/30,0.466666667,0.075,0.141666667,0.916666667,0.083333333,0.008333333,0.008333333,0.008333333,0.008333333,0.95,0.43
1998/5/31,0.416666667,0.108333333,0.170833333,0.908333333,0.066666667,0.008333333,0.008333333,0.008333333,0.008333333,0.95,0.4
1998/6/30,0.3375,0.258333333,0.216666667,0.9,0.066666667,0.016666667,0.016666667,0.016666667,0.016666667,0.925,0.41
1998/7/31,0.395833333,0.141666667,0.158333333,0.891666667,0.058333333,0.041666667,0.033333333,0.033333333,0.025,0.916666667,0.4
1998/8/31,0.375,0.1125,0.1,0.908333333,0.033333333,0.033333333,0.016666667,0.016666667,0.016666667,0.908333333,0.43
1998/9/30,0.3625,0.116666667,0.141666667,0.916666667,0.025,0.066666667,0.033333333,0.05,0.033333333,0.933333333,0.46
1998/10/31,0.308333333,0.195833333,0.083333333,0.983333333,0.025,0.033333333,0.108333333,0.15,0.283333333,0.908333333,0.32
1998/11/30,0.291666667,0.466666667,0.083333333,1,0.008333333,0.016666667,0.066666667,0.1,0.15,0.883333333,0.31
1998/12/31,0.233333333,0.608333333,0.35,0.991666667,0.016666667,0.041666667,0.041666667,0.058333333,0.041666667,0.941666667,0.38
1999/1/31,0.283333333,0.791666667,0.2,0.983333333,0.025,0.041666667,0.008333333,0.025,0.008333333,0.941666667,0.35
1999/2/28,0.283333333,0.925,0.258333333,0.991666667,0.016666667,0.058333333,0.008333333,0.008333333,0.008333333,0.908333333,0.35
1999/3/31,0.283333333,0.933333333,0.245833333,0.991666667,0.033333333,0.091666667,0.008333333,0.008333333,0.008333333,0.95,0.43
1999/4/30,0.308333333,0.9,0.35,0.991666667,0.05,0.095833333,0.025,0.033333333,0.016666667,0.95,0.37
1999/5/31,0.3125,0.75,0.366666667,1,0.05,0.125,0.016666667,0.008333333,0.016666667,0.95,0.34
1999/6/30,0.275,0.641666667,0.4,1,0.108333333,0.191666667,0.041666667,0.033333333,0.008333333,0.95,0.4
1999/7/31,0.341666667,0.608333333,0.395833333,1,0.066666667,0.158333333,0.05,0.05,0.016666667,0.941666667,0.38
1999/8/31,0.358333333,0.6125,0.404166667,1,0.1,0.15,0.025,0.008333333,0.008333333,0.933333333,0.39
1999/9/30,0.35,0.579166667,0.483333333,0.983333333,0.15,0.175,0.058333333,0.058333333,0.041666667,0.925,0.39
1999/10/31,0.391666667,0.5625,0.425,0.941666667,0.175,0.216666667,0.066666667,0.083333333,0.058333333,0.916666667,0.39
1999/11/30,0.391666667,0.645833333,0.429166667,0.891666667,0.741666667,0.35,0.083333333,0.116666667,0.066666667,0.908333333,0.36
1999/12/31,0.416666667,0.666666667,0.358333333,0.883333333,1,0.308333333,0.025,0.05,0.066666667,0.916666667,0.44
2000/1/31,0.625,0.633333333,0.333333333,0.875,0.966666667,0.358333333,0.008333333,0.016666667,0.033333333,0.925,0.41
2000/2/29,0.716666667,0.295833333,0.341666667,0.833333333,1,0.391666667,0.008333333,0.008333333,0.025,0.908333333,0.43
2000/3/31,0.758333333,0.020833333,0.2375,0.866666667,0.783333333,0.475,0.016666667,0.016666667,0.091666667,0.858333333,0.47
2000/4/30,0.816666667,0.170833333,0.0875,0.85,0.916666667,0.791666667,0.016666667,0.016666667,0.083333333,0.875,0.46
2000/5/31,0.875,0.495833333,0.008333333,0.891666667,0.983333333,0.858333333,0.008333333,0.008333333,0.033333333,0.875,0.5
2000/6/30,0.866666667,0.625,0.033333333,0.933333333,0.158333333,0.658333333,0.033333333,0.033333333,0.05,0.891666667,0.4
2000/7/31,0.916666667,0.8125,0.033333333,0.95,0.466666667,0.766666667,0.05,0.091666667,0.116666667,0.858333333,0.48
2000/8/31,0.8875,0.7,0.016666667,0.941666667,0.158333333,0.875,0.016666667,0.033333333,0.058333333,0.875,0.5
2000/9/30,0.95,0.545833333,0.008333333,0.958333333,0.15,0.875,0.033333333,0.091666667,0.091666667,0.858333333,0.51
2000/10/31,0.958333333,0.566666667,0.008333333,0.916666667,0.091666667,0.858333333,0.016666667,0.025,0.033333333,0.9,0.56
2000/11/30,0.958333333,0.591666667,0.016666667,0.891666667,0.041666667,0.883333333,0.025,0.05,0.075,0.908333333,0.51
2000/12/31,0.975,0.704166667,0.016666667,0.908333333,0.008333333,0.883333333,0.033333333,0.125,0.108333333,0.95,0.5
2001/1/31,0.983333333,0.7625,0.008333333,0.941666667,0.008333333,0.883333333,0.108333333,0.25,0.2,0.941666667,0.54
2001/2/28,0.920833333,0.7375,0.016666667,0.975,0.025,0.883333333,0.1,0.2,0.2,0.933333333,0.38
2001/3/31,0.695833333,0.6875,0.058333333,0.966666667,0.016666667,0.925,0.083333333,0.158333333,0.058333333,0.941666667,0.42
2001/4/30,0.425,0.679166667,0.104166667,0.958333333,0.016666667,0.916666667,0.166666667,0.283333333,0.208333333,0.925,0.39
2001/5/31,0.316666667,0.8375,0.275,0.958333333,0.016666667,0.633333333,0.233333333,0.366666667,0.241666667,0.908333333,0.32
2001/6/30,0.233333333,0.85,0.591666667,0.941666667,0.058333333,0.825,0.225,0.341666667,0.008333333,0.775,0.28
2001/7/31,0.183333333,0.7,0.641666667,0.916666667,0.066666667,0.941666667,0.216666667,0.333333333,0.008333333,0.741666667,0.3
2001/8/31,0.175,0.733333333,0.658333333,0.883333333,0.15,0.816666667,0.25,0.358333333,0.016666667,0.725,0.31
2001/9/30,0.191666667,0.829166667,0.616666667,0.908333333,0.091666667,0.416666667,0.275,0.408333333,0.008333333,0.9,0.28
2001/10/31,0.175,0.808333333,0.620833333,0.925,0.1,0.420833333,0.316666667,0.425,0.016666667,0.866666667,0.22
2001/11/30,0.008333333,0.875,0.683333333,1,0.175,0.316666667,0.366666667,0.508333333,0.025,0.858333333,0.17
2001/12/31,0.008333333,0.904166667,0.7,0.991666667,0.291666667,0.175,0.35,0.491666667,0.008333333,0.475,0.15
2002/1/31,0.008333333,0.841666667,0.841666667,0.95,0.433333333,0.15,0.3,0.433333333,0.008333333,0.5,0.14
2002/2/28,0.008333333,1,0.925,0.866666667,0.341666667,0.058333333,0.283333333,0.416666667,0.008333333,0.5,0.13
2002/3/31,0.008333333,1,0.8875,0.775,0.433333333,0.008333333,0.308333333,0.475,0.008333333,0.333333333,0.13
2002/4/30,0.025,1,0.858333333,0.775,0.6,0.008333333,0.325,0.5,0.016666667,0.3,0.15
2002/5/31,0.033333333,0.983333333,0.970833333,0.7,0.833333333,0.025,0.283333333,0.45,0.016666667,0.35,0.14
2002/6/30,0.025,0.966666667,0.883333333,0.591666667,0.733333333,0.125,0.375,0.541666667,0.041666667,0.266666667,0.13
2002/7/31,0.041666667,0.991666667,0.9125,0.641666667,0.391666667,0.025,0.383333333,0.575,0.058333333,0.258333333,0.15
2002/8/31,0.025,0.979166667,0.866666667,0.683333333,0.308333333,0.008333333,0.433333333,0.65,0.075,0.241666667,0.14
2002/9/30,0.016666667,0.991666667,0.85,0.925,0.291666667,0.083333333,0.508333333,0.716666667,0.108333333,0.058333333,0.14
2002/10/31,0.008333333,0.933333333,0.795833333,1,0.325,0.208333333,0.5,0.716666667,0.116666667,0.066666667,0.14
2002/11/30,0.016666667,0.933333333,0.733333333,1,0.25,0.108333333,0.541666667,0.933333333,0.125,0.091666667,0.12
2002/12/31,0.008333333,1,0.816666667,1,0.058333333,0.25,0.525,0.85,0.158333333,0.008333333,0.11
2003/1/31,0.008333333,0.95,0.908333333,1,0.041666667,0.325,0.483333333,0.708333333,0.166666667,0.016666667,0.1
2003/2/28,0.008333333,0.908333333,0.858333333,1,0.008333333,0.391666667,0.541666667,0.858333333,0.208333333,0.025,0.09
2003/3/31,0.008333333,0.891666667,0.9,1,0.008333333,0.583333333,0.558333333,0.9,0.241666667,0.008333333,0.1
2003/4/30,0.0125,0.883333333,0.833333333,0.991666667,0.008333333,0.85,0.566666667,0.925,0.333333333,0.008333333,0.1
2003/5/31,0.008333333,0.875,0.883333333,1,0.008333333,0.783333333,0.566666667,0.908333333,0.341666667,0.008333333,0.09
2003/6/30,0.0125,0.879166667,0.883333333,1,0.016666667,0.3,0.533333333,0.816666667,0.375,0.008333333,0.1
2003/7/31,0.008333333,0.883333333,0.758333333,0.983333333,0.025,0.233333333,0.475,0.691666667,0.275,0.016666667,0.07
2003/8/31,0.008333333,0.9,0.8625,0.975,0.058333333,0.25,0.475,0.683333333,0.233333333,0.025,0.07
2003/9/30,0.008333333,0.866666667,1,0.925,0.066666667,0.275,0.458333333,0.683333333,0.433333333,0.033333333,0.08
2003/10/31,0.025,0.8625,0.991666667,0.891666667,0.075,0.333333333,0.416666667,0.666666667,0.425,0.033333333,0.07
2003/11/30,0.025,0.833333333,0.929166667,0.691666667,0.1,0.416666667,0.425,0.691666667,0.458333333,0.041666667,0.07
2003/12/31,0.020833333,0.808333333,0.983333333,0.516666667,0.191666667,0.275,0.408333333,0.666666667,0.475,0.083333333,0.08
2004/1/31,0.033333333,0.795833333,0.979166667,0.425,0.191666667,0.25,0.391666667,0.658333333,0.475,0.033333333,0.07
2004/2/29,0.0125,0.775,0.958333333,0.383333333,0.291666667,0.283333333,0.308333333,0.616666667,0.458333333,0.058333333,0.06
2004/3/31,0.008333333,0.741666667,0.95,0.375,0.291666667,0.275,0.291666667,0.616666667,0.583333333,0.108333333,0.09
2004/4/30,0.054166667,0.554166667,0.875,0.366666667,0.3,0.183333333,0.266666667,0.6,0.583333333,0.1,0.08
2004/5/31,0.070833333,0.566666667,0.866666667,0.333333333,0.391666667,0.216666667,0.283333333,0.608333333,0.6,0.125,0.06
2004/6/30,0.075,0.504166667,0.9875,0.308333333,0.391666667,0.458333333,0.458333333,0.658333333,0.675,0.108333333,0.08
2004/7/31,0.1,0.479166667,0.983333333,0.291666667,0.366666667,0.75,0.45,0.641666667,0.675,0.133333333,0.1
2004/8/31,0.166666667,0.541666667,0.9125,0.283333333,0.441666667,0.866666667,0.408333333,0.6,0.658333333,0.141666667,0.11
2004/9/30,0.175,0.616666667,0.845833333,0.241666667,0.45,0.75,0.483333333,0.7,0.733333333,0.1,0.11
2004/10/31,0.183333333,0.633333333,0.741666667,0.241666667,0.458333333,0.5,0.483333333,0.691666667,0.75,0.091666667,0.11
2004/11/30,0.220833333,0.629166667,0.725,0.2,0.533333333,0.491666667,0.475,0.691666667,0.733333333,0.125,0.15
2004/12/31,0.283333333,0.475,0.708333333,0.183333333,0.591666667,0.866666667,0.466666667,0.716666667,0.791666667,0.225,0.16
2005/1/31,0.308333333,0.3375,0.7,0.175,0.616666667,0.975,0.358333333,0.633333333,0.725,0.241666667,0.16
2005/2/28,0.325,0.333333333,0.675,0.166666667,0.566666667,0.891666667,0.308333333,0.558333333,0.716666667,0.25,0.16
2005/3/31,0.333333333,0.283333333,0.654166667,0.158333333,0.683333333,0.7,0.366666667,0.7,0.766666667,0.35,0.21
2005/4/30,0.341666667,0.195833333,0.641666667,0.166666667,0.658333333,0.791666667,0.325,0.666666667,0.741666667,0.35,0.21
2005/5/31,0.358333333,0.279166667,0.616666667,0.133333333,0.608333333,0.858333333,0.391666667,0.725,0.8,0.325,0.24
2005/6/30,0.366666667,0.445833333,0.483333333,0.141666667,0.541666667,0.9,0.691666667,0.816666667,0.85,0.3,0.23
2005/7/31,0.375,0.708333333,0.383333333,0.133333333,0.558333333,0.7,0.675,0.775,0.775,0.275,0.24
2005/8/31,0.383333333,0.7375,0.2875,0.116666667,0.491666667,0.5,0.658333333,0.775,0.75,0.3,0.3
2005/9/30,0.391666667,0.725,0.308333333,0.108333333,0.575,0.8,0.608333333,0.691666667,0.75,0.2,0.29
2005/10/31,0.408333333,0.704166667,0.1625,0.091666667,0.633333333,0.975,0.641666667,0.733333333,0.808333333,0.216666667,0.27
2005/11/30,0.408333333,0.733333333,0.283333333,0.083333333,0.641666667,1,0.641666667,0.725,0.875,0.233333333,0.31
2005/12/31,0.45,0.766666667,0.266666667,0.091666667,0.541666667,0.991666667,0.841666667,0.816666667,0.941666667,0.041666667,0.32
2006/1/31,0.466666667,0.766666667,0.2,0.083333333,0.691666667,0.85,0.808333333,0.675,0.908333333,0.041666667,0.35
2006/2/28,0.475,0.754166667,0.125,0.058333333,0.766666667,0.845833333,0.816666667,0.691666667,0.933333333,0.075,0.34
2006/3/31,0.491666667,0.75,0.075,0.075,0.683333333,0.983333333,0.791666667,0.633333333,0.958333333,0.033333333,0.37
2006/4/30,0.541666667,0.725,0.05,0.041666667,0.683333333,0.941666667,0.808333333,0.641666667,0.966666667,0.041666667,0.36
2006/5/31,0.575,0.6625,0.104166667,0.016666667,0.683333333,0.866666667,0.783333333,0.616666667,0.933333333,0.05,0.43
2006/6/30,0.6,0.595833333,0.154166667,0.008333333,0.866666667,0.925,0.916666667,0.633333333,0.925,0.05,0.4
2006/7/31,0.629166667,0.495833333,0.141666667,0.016666667,0.841666667,0.975,0.95,0.758333333,0.983333333,0.041666667,0.4
2006/8/31,0.641666667,0.670833333,0.091666667,0.083333333,0.758333333,0.983333333,0.958333333,0.775,0.983333333,0.05,0.42
2006/9/30,0.7,0.708333333,0.066666667,0.133333333,0.725,0.975,0.966666667,0.858333333,1,0.05,0.41
2006/10/31,0.720833333,0.704166667,0.041666667,0.125,0.675,0.95,0.933333333,0.833333333,0.991666667,0.016666667,0.41
2006/11/30,0.65,0.720833333,0.05,0.116666667,0.633333333,0.291666667,0.925,0.758333333,0.958333333,0.016666667,0.42
2006/12/31,0.691666667,0.691666667,0.0375,0.025,0.775,0.058333333,0.733333333,0.7,0.975,0.041666667,0.4
2007/1/31,0.708333333,0.6,0.016666667,0.033333333,0.608333333,0.3,0.716666667,0.625,0.933333333,0.033333333,0.44
2007/2/28,0.658333333,0.654166667,0.075,0.025,0.708333333,0.508333333,0.683333333,0.616666667,0.916666667,0.016666667,0.38
2007/3/31,0.770833333,0.733333333,0.075,0.025,0.841666667,0.358333333,0.675,0.566666667,0.941666667,0.008333333,0.43
2007/4/30,0.795833333,0.616666667,0.025,0.066666667,0.883333333,0.5,0.741666667,0.666666667,0.983333333,0.008333333,0.44
2007/5/31,0.7125,0.7625,0.066666667,0.158333333,0.875,0.633333333,0.7,0.625,0.975,0.025,0.41
2007/6/30,0.675,0.7,0.083333333,0.158333333,0.858333333,0.566666667,0.841666667,0.525,0.991666667,0.033333333,0.4
2007/7/31,0.641666667,0.695833333,0.15,0.116666667,0.916666667,0.591666667,0.825,0.483333333,0.908333333,0.041666667,0.4
2007/8/31,0.6125,0.654166667,0.225,0.05,0.975,0.583333333,0.858333333,0.516666667,0.966666667,0.033333333,0.42
2007/9/30,0.675,0.691666667,0.141666667,0.15,0.966666667,0.466666667,0.916666667,0.775,1,0.008333333,0.32
2007/10/31,0.491666667,0.504166667,0.275,0.325,0.866666667,0.275,0.908333333,0.733333333,0.991666667,0.016666667,0.32
2007/11/30,0.479166667,0.483333333,0.395833333,0.341666667,0.875,0.633333333,0.833333333,0.6,0.983333333,0.05,0.34
2007/12/31,0.491666667,0.416666667,0.345833333,0.358333333,0.541666667,0.883333333,0.8,0.683333333,0.966666667,0.008333333,0.27
2008/1/31,0.4,0.75,0.45,0.383333333,0.375,0.991666667,0.908333333,0.866666667,1,0.016666667,0.21
2008/2/29,0.391666667,0.870833333,0.508333333,0.4,0.325,0.966666667,0.925,0.883333333,0.991666667,0.025,0.13
2008/3/31,0.366666667,0.8875,0.525,0.416666667,0.191666667,0.975,0.958333333,0.941666667,0.916666667,0.025,0.17
2008/4/30,0.316666667,0.933333333,0.641666667,0.458333333,0.233333333,0.958333333,1,0.966666667,0.966666667,0.008333333,0.18
2008/5/31,0.166666667,0.9875,0.708333333,0.55,0.125,0.916666667,1,0.966666667,0.966666667,0.025,0.18
2008/6/30,0.183333333,1,0.729166667,0.583333333,0.175,0.9,1,0.941666667,0.625,0.008333333,0.17
2008/7/31,0.295833333,0.958333333,0.6875,0.583333333,0.15,0.933333333,0.991666667,0.908333333,0.608333333,0.008333333,0.15
2008/8/31,0.325,0.983333333,0.65,0.608333333,0.083333333,1,1,0.983333333,0.725,0.016666667,0.13
2008/9/30,0.229166667,1,0.683333333,0.666666667,0.025,1,1,1,0.566666667,0.008333333,0.15
2008/10/31,0.295833333,1,0.641666667,0.6,0.083333333,0.991666667,0.983333333,0.941666667,0.566666667,0.008333333,0.08
2008/11/30,0.125,1,0.733333333,0.925,0.058333333,0.983333333,1,1,0.625,0.008333333,0.03
2008/12/31,0.008333333,1,0.929166667,1,0.041666667,0.833333333,1,1,0.608333333,0.033333333,0
2009/1/31,0.008333333,1,0.75,1,0.175,0.016666667,1,1,0.75,0.025,0
2009/2/28,0.008333333,1,0.641666667,1,0.041666667,0.008333333,0.991666667,0.983333333,0.966666667,0.016666667,0.01
2009/3/31,0.016666667,0.9875,0.825,1,0.108333333,0.008333333,1,1,0.491666667,0.05,0.02
2009/4/30,0.033333333,0.975,0.783333333,1,0.05,0.025,1,1,0.5,0.066666667,0.01
2009/5/31,0.033333333,0.975,0.7,1,0.166666667,0.008333333,0.991666667,0.991666667,0.441666667,0.075,0
2009/6/30,0.025,0.975,0.85,1,0.058333333,0.008333333,0.958333333,0.966666667,0.008333333,0.108333333,0.01
2009/7/31,0.033333333,0.941666667,0.933333333,1,0.025,0.008333333,0.941666667,0.941666667,0.041666667,0.116666667,0.01
2009/8/31,0.0375,0.933333333,0.916666667,1,0.066666667,0.008333333,0.933333333,0.933333333,0.041666667,0.116666667,0.01
2009/9/30,0.041666667,0.925,0.925,0.983333333,0.233333333,0.008333333,0.925,0.925,0.008333333,0.241666667,0.01
2009/10/31,0.033333333,0.816666667,0.845833333,0.975,0.225,0.016666667,0.916666667,0.916666667,0.008333333,0.266666667,0
2009/11/30,0.016666667,0.7125,0.804166667,0.941666667,0.325,0.025,0.908333333,0.908333333,0.008333333,0.275,0
2009/12/31,0.016666667,0.683333333,0.925,0.908333333,0.391666667,0.066666667,0.908333333,0.908333333,0.008333333,0.783333333,0.01
2010/1/31,0.016666667,0.666666667,0.841666667,0.891666667,0.341666667,0.241666667,0.883333333,0.883333333,0.008333333,0.791666667,0
2010/2/28,0.020833333,0.641666667,1,0.866666667,0.65,0.516666667,0.875,0.866666667,0.025,0.783333333,0
2010/3/31,0.033333333,0.591666667,0.958333333,0.8,0.816666667,0.458333333,0.883333333,0.883333333,0.175,0.833333333,0.01
2010/4/30,0.05,0.5875,0.95,0.775,0.883333333,0.341666667,0.866666667,0.866666667,0.183333333,0.841666667,0.01
2010/5/31,0.075,0.591666667,0.983333333,0.483333333,0.983333333,0.375,0.825,0.775,0.175,0.85,0.01
2010/6/30,0.0875,0.5375,0.908333333,0.433333333,0.983333333,0.358333333,0.808333333,0.766666667,0.491666667,0.858333333,0.01
2010/7/31,0.091666667,0.625,0.733333333,0.458333333,0.975,0.275,0.85,0.866666667,0.525,0.858333333,0.01
2010/8/31,0.0625,0.833333333,0.633333333,0.483333333,0.966666667,0.116666667,0.866666667,0.85,0.916666667,0.858333333,0.01
2010/9/30,0.104166667,0.770833333,0.625,0.483333333,0.891666667,0.15,0.816666667,0.791666667,1,0.875,0.01
2010/10/31,0.108333333,0.683333333,0.516666667,0.5,0.9,0.133333333,0.841666667,0.875,1,0.858333333,0.01
2010/11/30,0.0875,0.6375,0.533333333,0.508333333,0.841666667,0.116666667,0.783333333,0.733333333,0.983333333,0.85,0.01
2010/12/31,0.079166667,0.566666667,0.6,0.458333333,0.85,0.15,0.766666667,0.666666667,0.991666667,0.783333333,0.01
2011/1/31,0.091666667,0.566666667,0.65,0.45,0.883333333,0.108333333,0.75,0.658333333,0.991666667,0.783333333,0.01
2011/2/28,0.095833333,0.583333333,0.791666667,0.45,0.733333333,0.208333333,0.716666667,0.566666667,0.908333333,0.841666667,0.01
2011/3/31,0.116666667,0.554166667,0.891666667,0.441666667,0.575,0.258333333,0.683333333,0.566666667,0.966666667,0.391666667,0.01
2011/4/30,0.083333333,0.416666667,0.870833333,0.425,0.525,0.408333333,0.641666667,0.5,0.916666667,0.325,0
2011/5/31,0.05,0.316666667,0.891666667,0.466666667,0.466666667,0.566666667,0.633333333,0.458333333,0.908333333,0.316666667,0
2011/6/30,0.0375,0.220833333,0.816666667,0.433333333,0.566666667,0.708333333,0.533333333,0.308333333,0.966666667,0.266666667,0
2011/7/31,0.016666667,0.154166667,0.666666667,0.391666667,0.733333333,0.8,0.6,0.383333333,0.975,0.233333333,0
2011/8/31,0.020833333,0.083333333,0.791666667,0.375,0.8,0.8,0.616666667,0.491666667,0.991666667,0.233333333,0.01
2011/9/30,0.025,0.170833333,0.616666667,0.366666667,0.808333333,0.8,0.65,0.591666667,1,0.258333333,0
2011/10/31,0.008333333,0.5,0.425,0.575,0.716666667,0.85,0.733333333,0.666666667,1,0.233333333,0
2011/11/30,0.008333333,0.691666667,0.325,0.658333333,0.783333333,0.85,0.783333333,0.783333333,1,0.166666667,0
2011/12/31,0.020833333,0.870833333,0.358333333,0.725,0.775,0.775,0.708333333,0.641666667,0.991666667,0.116666667,0
2012/1/31,0.0125,0.7375,0.341666667,0.75,0.608333333,0.75,0.716666667,0.666666667,0.991666667,0.116666667,0
2012/2/29,0.016666667,0.795833333,0.325,0.75,0.566666667,0.65,0.7,0.641666667,0.991666667,0.116666667,0
2012/3/31,0.054166667,0.85,0.325,0.741666667,0.675,0.625,0.616666667,0.575,0.966666667,0.108333333,0
2012/4/30,0.133333333,0.758333333,0.341666667,0.733333333,0.766666667,0.608333333,0.55,0.475,0.95,0.125,0
2012/5/31,0.133333333,0.720833333,0.395833333,0.725,0.8,0.5,0.516666667,0.366666667,0.933333333,0.125,0.01
2012/6/30,0.1375,0.716666667,0.341666667,0.725,0.791666667,0.408333333,0.633333333,0.45,0.941666667,0.083333333,0
2012/7/31,0.154166667,0.754166667,0.291666667,0.733333333,0.916666667,0.216666667,0.733333333,0.575,0.966666667,0.083333333,0
2012/8/31,0.158333333,0.85,0.308333333,0.75,0.941666667,0.191666667,0.708333333,0.525,0.941666667,0.1,0.01
2012/9/30,0.179166667,0.891666667,0.291666667,0.741666667,0.95,0.166666667,0.675,0.55,0.933333333,0.083333333,0.01
2012/10/31,0.183333333,0.883333333,0.308333333,0.591666667,0.95,0.2,0.633333333,0.483333333,0.908333333,0.091666667,0.01
2012/11/30,0.204166667,0.804166667,0.329166667,0.458333333,0.983333333,0.275,0.575,0.441666667,0.883333333,0.091666667,0.01
2012/12/31,0.1875,0.5875,0.358333333,0.416666667,0.983333333,0.366666667,0.633333333,0.491666667,0.883333333,0.158333333,0.01
2013/1/31,0.1625,0.504166667,0.325,0.358333333,1,0.233333333,0.65,0.491666667,0.858333333,0.166666667,0
2013/2/28,0.129166667,0.4625,0.383333333,0.341666667,1,0.233333333,0.608333333,0.466666667,0.85,0.175,0
2013/3/31,0.133333333,0.3875,0.466666667,0.35,0.983333333,0.191666667,0.525,0.316666667,0.8,0.183333333,0
2013/4/30,0.216666667,0.420833333,0.458333333,0.358333333,0.958333333,0.333333333,0.491666667,0.25,0.775,0.191666667,0
2013/5/31,0.183333333,0.3625,0.475,0.35,0.975,0.183333333,0.45,0.05,0.675,0.2,0
2013/6/30,0.116666667,0.204166667,0.408333333,0.366666667,0.966666667,0.133333333,0.666666667,0.033333333,0.625,0.208333333,0
2013/7/31,0.079166667,0.179166667,0.558333333,0.341666667,0.908333333,0.166666667,0.608333333,0.016666667,0.525,0.208333333,0
2013/8/31,0.108333333,0.383333333,0.6,0.325,0.858333333,0.25,0.658333333,0.033333333,0.6,0.208333333,0
2013/9/30,0.083333333,0.516666667,0.641666667,0.308333333,0.825,0.291666667,0.5,0.008333333,0.5,0.191666667,0
2013/10/31,0.0875,0.254166667,0.658333333,0.325,0.833333333,0.208333333,0.6,0.025,0.65,0.208333333,0
2013/11/30,0.041666667,0.170833333,0.6625,0.308333333,0.691666667,0.108333333,0.5,0.008333333,0.525,0.216666667,0
2013/12/31,0.1375,0.1125,0.641666667,0.341666667,0.85,0.1,0.425,0.008333333,0.408333333,0.158333333,0
2014/1/31,0.195833333,0.083333333,0.691666667,0.3,0.75,0.175,0.383333333,0.008333333,0.366666667,0.166666667,0
2014/2/28,0.2,0.095833333,0.7375,0.283333333,0.791666667,0.225,0.341666667,0.008333333,0.316666667,0.166666667,0
2014/3/31,0.1,0.05,0.65,0.316666667,0.733333333,0.25,0.525,0.025,0.625,0.141666667,0
2014/4/30,0.15,0.016666667,0.6375,0.325,0.825,0.141666667,0.391666667,0.016666667,0.441666667,0.158333333,0
2014/5/31,0.154166667,0.05,0.633333333,0.333333333,0.758333333,0.266666667,0.383333333,0.016666667,0.441666667,0.133333333,0
2014/6/30,0.066666667,0.033333333,0.595833333,0.333333333,0.758333333,0.4,0.416666667,0.041666667,0.475,0.108333333,0
2014/7/31,0.070833333,0.008333333,0.570833333,0.291666667,0.558333333,0.45,0.4,0.033333333,0.391666667,0.116666667,0
2014/8/31,0.120833333,0.008333333,0.583333333,0.091666667,0.708333333,0.416666667,0.333333333,0.008333333,0.341666667,0.125,0
2014/9/30,0.075,0.016666667,0.583333333,0.15,0.8,0.383333333,0.4,0.05,0.441666667,0.341666667,0
2014/10/31,0.079166667,0.033333333,0.495833333,0.116666667,0.85,0.308333333,0.275,0.008333333,0.325,0.308333333,0
2014/11/30,0.045833333,0.108333333,0.533333333,0.133333333,0.883333333,0.283333333,0.341666667,0.05,0.383333333,0.308333333,0
2014/12/31,0.05,0.158333333,0.491666667,0.291666667,0.833333333,0.266666667,0.3,0.025,0.4,0.25,0
2015/1/31,0.054166667,0.275,0.425,0.258333333,0.858333333,0.183333333,0.225,0.008333333,0.333333333,0.266666667,0
2015/2/28,0.108333333,0.491666667,0.391666667,0.358333333,0.85,0.1,0.2,0.016666667,0.333333333,0.25,0
2015/3/31,0.1125,0.570833333,0.291666667,0.391666667,0.875,0.066666667,0.316666667,0.091666667,0.341666667,0.166666667,0
2015/4/30,0.058333333,0.325,0.375,0.366666667,0.816666667,0.091666667,0.166666667,0.008333333,0.2,0.191666667,0
2015/5/31,0.125,0.320833333,0.358333333,0.408333333,0.691666667,0.108333333,0.183333333,0.016666667,0.241666667,0.233333333,0
2015/6/30,0.0625,0.508333333,0.4,0.358333333,0.641666667,0.091666667,0.408333333,0.058333333,0.2,0.425,0
2015/7/31,0.066666667,0.35,0.420833333,0.375,0.891666667,0.133333333,0.375,0.041666667,0.191666667,0.433333333,0
2015/8/31,0.070833333,0.445833333,0.5,0.408333333,0.816666667,0.141666667,0.416666667,0.091666667,0.225,0.458333333,0
2015/9/30,0.154166667,0.616666667,0.408333333,0.416666667,0.891666667,0.15,0.391666667,0.091666667,0.191666667,0.308333333,0
2015/10/31,0.3625,0.683333333,0.383333333,0.508333333,0.925,0.158333333,0.65,0.191666667,0.266666667,0.333333333,0
2015/11/30,0.075,0.75,0.366666667,0.525,0.808333333,0.133333333,0.716666667,0.216666667,0.383333333,0.3,0
2015/12/31,0.079166667,0.858333333,0.379166667,0.508333333,0.741666667,0.15,0.541666667,0.175,0.175,0.466666667,0.01
2016/1/31,0.533333333,0.866666667,0.358333333,0.508333333,0.508333333,0.183333333,0.55,0.183333333,0.183333333,0.491666667,0.01
2016/2/29,0.708333333,0.895833333,0.325,0.541666667,0.291666667,0.191666667,0.7,0.216666667,0.216666667,0.483333333,0.02
2016/3/31,0.716666667,0.875,0.225,0.55,0.225,0.308333333,0.766666667,0.275,0.241666667,0.325,0.02
2016/4/30,0.733333333,0.804166667,0.2,0.55,0.25,0.208333333,0.775,0.291666667,0.258333333,0.316666667,0.01
2016/5/31,0.725,0.741666667,0.2,0.541666667,0.258333333,0.225,0.691666667,0.225,0.166666667,0.325,0.01
2016/6/30,0.7125,0.6375,0.208333333,0.541666667,0.4,0.308333333,0.75,0.208333333,0.141666667,0.133333333,0.02
2016/7/31,0.733333333,0.516666667,0.191666667,0.541666667,0.316666667,0.233333333,0.741666667,0.191666667,0.141666667,0.125,0.02
2016/8/31,0.7375,0.5125,0.158333333,0.55,0.291666667,0.241666667,0.733333333,0.191666667,0.141666667,0.116666667,0.02
2016/9/30,0.7625,0.375,0.141666667,0.541666667,0.325,0.216666667,0.683333333,0.175,0.141666667,1,0.02
2016/10/31,0.766666667,0.316666667,0.158333333,0.441666667,0.308333333,0.241666667,0.691666667,0.183333333,0.15,1,0.02
2016/11/30,0.754166667,0.25,0.166666667,0.416666667,0.316666667,0.441666667,0.666666667,0.183333333,0.141666667,1,0.01
2016/12/31,0.8,0.208333333,0.175,0.391666667,0.425,0.491666667,0.725,0.258333333,0.166666667,0.383333333,0.03
2017/1/31,0.808333333,0.170833333,0.25,0.383333333,0.525,0.491666667,0.633333333,0.183333333,0.125,0.416666667,0.04
2017/2/28,0.816666667,0.1125,0.241666667,0.35,0.775,0.633333333,0.575,0.141666667,0.125,0.433333333,0.04
2017/3/31,0.820833333,0.083333333,0.279166667,0.166666667,0.958333333,0.725,0.475,0.141666667,0.183333333,0.275,0.03
2017/4/30,0.833333333,0.070833333,0.216666667,0.05,0.908333333,0.783333333,0.366666667,0.025,0.133333333,0.308333333,0.05
2017/5/31,0.85,0.058333333,0.170833333,0.008333333,0.925,0.716666667,0.358333333,0.041666667,0.141666667,0.3,0.06
2017/6/30,0.858333333,0.095833333,0.116666667,0.008333333,0.65,0.683333333,0.408333333,0.016666667,0.233333333,0.491666667,0.06
2017/7/31,0.866666667,0.1,0.104166667,0.008333333,0.95,0.566666667,0.391666667,0.008333333,0.233333333,0.525,0.07
2017/8/31,0.875,0.083333333,0.083333333,0.008333333,1,0.466666667,0.325,0.008333333,0.233333333,0.541666667,0.09
2017/9/30,0.883333333,0.0875,0.066666667,0.008333333,0.925,0.55,0.241666667,0.008333333,0.266666667,0.675,0.09
2017/10/31,0.883333333,0.070833333,0.033333333,0.025,0.941666667,0.608333333,0.225,0.025,0.266666667,0.691666667,0.09
2017/11/30,0.891666667,0.0625,0.070833333,0.008333333,1,0.716666667,0.141666667,0.008333333,0.258333333,0.691666667,0.08
2017/12/31,0.904166667,0.15,0.05,0.008333333,0.95,0.658333333,0.066666667,0.008333333,0.275,0.658333333,0.09
2018/1/31,0.925,0.1375,0.008333333,0.008333333,1,0.716666667,0.016666667,0.008333333,0.216666667,0.65,0.11
2018/2/28,0.95,0.158333333,0.008333333,0.008333333,1,0.691666667,0.016666667,0.008333333,0.216666667,0.658333333,0.11
2018/3/31,0.958333333,0.1625,0.033333333,0.025,0.975,0.683333333,0.008333333,0.008333333,0.125,0.633333333,0.12
2018/4/30,0.966666667,0.108333333,0.041666667,0.1,0.983333333,0.766666667,0.025,0.016666667,0.175,0.641666667,0.14
2018/5/31,0.975,0.233333333,0.008333333,0.191666667,1,0.791666667,0.083333333,0.041666667,0.225,0.658333333,0.14
2018/6/30,0.991666667,0.2625,0.025,0.341666667,0.966666667,0.8,0.291666667,0.05,0.366666667,0.7,0.14
2018/7/31,0.995833333,0.283333333,0.008333333,0.358333333,0.908333333,0.85,0.183333333,0.033333333,0.366666667,0.7,0.16
2018/8/31,1,0.341666667,0.008333333,0.366666667,0.958333333,0.875,0.166666667,0.033333333,0.366666667,0.691666667,0.16
2018/9/30,1,0.420833333,0.025,0.375,0.941666667,0.891666667,0.075,0.016666667,0.375,0.55,0.15
2018/10/31,1,0.366666667,0.008333333,0.375,0.983333333,0.85,0.016666667,0.008333333,0.341666667,0.483333333,0.19
2018/11/30,1,0.391666667,0.05,0.375,0.908333333,0.8,0.025,0.016666667,0.358333333,0.433333333,0.18
2018/12/31,1,0.466666667,0.075,0.491666667,0.8,0.833333333,0.316666667,0.091666667,0.466666667,0.575,0.19
2019/1/31,1,0.5875,0.008333333,0.533333333,0.758333333,0.733333333,0.233333333,0.083333333,0.433333333,0.575,0.21
2019/2/28,1,0.683333333,0.008333333,0.641666667,0.508333333,0.591666667,0.658333333,0.283333333,0.675,0.533333333,0.18
2019/3/31,0.995833333,0.766666667,0.008333333,0.683333333,0.55,0.383333333,0.35,0.125,0.683333333,0.125,0.19
2019/4/30,1,0.733333333,0.008333333,0.6,0.716666667,0.375,0.216666667,0.083333333,0.633333333,0.125,0.21
2019/5/31,1,0.658333333,0.008333333,0.591666667,0.625,0.566666667,0.158333333,0.05,0.6,0.108333333,0.21
2019/6/30,0.983333333,0.604166667,0.008333333,0.533333333,0.85,0.625,0.233333333,0.033333333,0.366666667,0.058333333,0.18
2019/7/31,0.958333333,0.525,0.008333333,0.55,0.791666667,0.541666667,0.65,0.166666667,0.425,0.125,0.19
2019/8/31,0.933333333,0.645833333,0.008333333,0.591666667,0.258333333,0.475,0.391666667,0.041666667,0.35,0.033333333,0.16
2019/9/30,0.916666667,0.575,0.016666667,0.583333333,0.516666667,0.541666667,0.333333333,0.066666667,0.341666667,0.2,0.18
2019/10/31,0.891666667,0.370833333,0.008333333,0.65,0.35,0.516666667,0.458333333,0.141666667,0.366666667,0.158333333,0.15
2019/11/30,0.875,0.3625,0.016666667,0.675,0.341666667,0.491666667,0.4,0.125,0.341666667,0.125,0.12
2019/12/31,0.841666667,0.4375,0.05,0.633333333,0.341666667,0.5,0.325,0.1,0.308333333,0.033333333,0.14
2020/1/31,0.825,0.366666667,0.075,0.525,0.191666667,0.65,0.125,0.033333333,0.258333333,0.05,0.13
2020/2/29,0.820833333,0.345833333,0.091666667,0.391666667,0.308333333,0.775,0.058333333,0.008333333,0.183333333,0.083333333,0.12
2020/3/31,0.808333333,0.2875,0.075,0.3,0.275,0.833333333,0.083333333,0.041666667,0.133333333,0.408333333,0.12
2020/4/30,0.804166667,0.291666667,0.041666667,0.483333333,0.141666667,0.791666667,0.533333333,0.225,0.316666667,0.516666667,0
2020/5/31,0.625,0.854166667,0.133333333,1,0.008333333,0.341666667,0.966666667,0.625,0.558333333,0.533333333,0.01
2020/6/30,0.516666667,1,0.133333333,1,0.008333333,0.091666667,0.816666667,0.291666667,0.275,0.816666667,0.01
2020/7/31,0.5,0.970833333,0.141666667,1,0.008333333,0.091666667,0.483333333,0.175,0.125,0.841666667,0.01
2020/8/31,0.558333333,0.808333333,0.15,1,0.033333333,0.133333333,0.308333333,0.083333333,0.1,0.841666667,0.01
2020/9/30,0.495833333,0.783333333,0.133333333,1,0.025,0.175,0.125,0.083333333,0.008333333,0.841666667,0.01
2020/10/31,0.445833333,0.658333333,0.158333333,0.983333333,0.016666667,0.291666667,0.008333333,0.008333333,0.008333333,0.841666667,0.01
2020/11/30,0.479166667,0.7125,0.170833333,1,0.008333333,0.3,0.041666667,0.05,0.016666667,0.858333333,0.01
2020/12/31,0.45,0.741666667,0.191666667,1,0.016666667,0.25,0.116666667,0.175,0.008333333,0.933333333,0.01
2021/1/31,0.404166667,0.6375,0.2,1,0.066666667,0.225,0.008333333,0.008333333,0.008333333,0.941666667,0
2021/2/28,0.408333333,0.445833333,0.2125,1,0.083333333,0.283333333,0.008333333,0.008333333,0.008333333,0.941666667,0
2021/3/31,0.375,0.258333333,0.233333333,1,0.191666667,0.3,0.016666667,0.016666667,0.016666667,0.958333333,0
2021/4/30,0.241666667,0.1875,0.2875,0.975,0.133333333,0.433333333,0.008333333,0.008333333,0.008333333,0.966666667,0
2021/5/31,0.170833333,0.15,0.4,0.816666667,0.441666667,0.866666667,0.008333333,0.008333333,0.008333333,0.958333333,0
2021/6/30,0.083333333,0.154166667,0.416666667,0.783333333,0.275,1,0.008333333,0.008333333,0.05,0.975,0
2021/7/31,0.0875,0.054166667,0.4125,0.758333333,0.283333333,1,0.008333333,0.008333333,0.058333333,0.966666667,0
2021/8/31,0.2625,0.045833333,0.358333333,0.6,0.233333333,1,0.008333333,0.008333333,0.05,0.975,0
2021/9/30,0.308333333,0.083333333,0.3125,0.566666667,0.2,0.991666667,0.008333333,0.016666667,0.108333333,0.975,0
2021/10/31,0.304166667,0.1375,0.3,0.566666667,0.216666667,0.983333333,0.008333333,0.008333333,0.108333333,0.975,0
2021/11/30,0.245833333,0.191666667,0.333333333,0.491666667,0.375,1,0.025,0.05,0.125,0.975,0
2021/12/31,0.3,0.0875,0.4,0.458333333,0.491666667,1,0.008333333,0.008333333,0.133333333,0.925,0.01